dataset,method_key,method,query_id,rep,elapsed_ms
arguana,bm25,BM25,test-science-wsihwclscaaw-con01a,0,438.86295903939754
arguana,bm25,BM25,test-science-wsihwclscaaw-con01a,1,438.3528330363333
arguana,bm25,BM25,test-science-wsihwclscaaw-con01a,2,441.23137509450316
arguana,bm25,BM25,test-science-wsihwclscaaw-con01a,3,439.34504105709493
arguana,bm25,BM25,test-science-wsihwclscaaw-con01a,4,438.4569159010425
arguana,bm25,BM25,test-science-wsihwclscaaw-con01a,5,434.1392919886857
arguana,bm25,BM25,test-science-wsihwclscaaw-con01a,6,434.29904198274016
arguana,bm25,BM25,test-science-wsihwclscaaw-con01a,7,436.58979097381234
arguana,bm25,BM25,test-science-wsihwclscaaw-con01a,8,439.0962499892339
arguana,bm25,BM25,test-science-wsihwclscaaw-con01a,9,436.31279200781137
arguana,bm25,BM25,test-economy-eptpghdtre-pro02a,0,220.63241701107472
arguana,bm25,BM25,test-economy-eptpghdtre-pro02a,1,220.34162492491305
arguana,bm25,BM25,test-economy-eptpghdtre-pro02a,2,221.17558401077986
arguana,bm25,BM25,test-economy-eptpghdtre-pro02a,3,221.7469169991091
arguana,bm25,BM25,test-economy-eptpghdtre-pro02a,4,285.8787920558825
arguana,bm25,BM25,test-economy-eptpghdtre-pro02a,5,221.4305839734152
arguana,bm25,BM25,test-economy-eptpghdtre-pro02a,6,221.47954197134823
arguana,bm25,BM25,test-economy-eptpghdtre-pro02a,7,221.62458405364305
arguana,bm25,BM25,test-economy-eptpghdtre-pro02a,8,220.4050829168409
arguana,bm25,BM25,test-economy-eptpghdtre-pro02a,9,220.17924999818206
arguana,bm25,BM25,test-culture-mthbah-pro02a,0,407.19720907509327
arguana,bm25,BM25,test-culture-mthbah-pro02a,1,399.2318749660626
arguana,bm25,BM25,test-culture-mthbah-pro02a,2,399.2570829577744
arguana,bm25,BM25,test-culture-mthbah-pro02a,3,399.2722089169547
arguana,bm25,BM25,test-culture-mthbah-pro02a,4,400.26716608554125
arguana,bm25,BM25,test-culture-mthbah-pro02a,5,400.67500004079193
arguana,bm25,BM25,test-culture-mthbah-pro02a,6,403.4686250379309
arguana,bm25,BM25,test-culture-mthbah-pro02a,7,399.94999999180436
arguana,bm25,BM25,test-culture-mthbah-pro02a,8,399.09995801281184
arguana,bm25,BM25,test-culture-mthbah-pro02a,9,400.0949169276282
arguana,bm25,BM25,test-international-amehbuaisji-con04a,0,752.5202089454979
arguana,bm25,BM25,test-international-amehbuaisji-con04a,1,768.6672910349444
arguana,bm25,BM25,test-international-amehbuaisji-con04a,2,784.9867499899119
arguana,bm25,BM25,test-international-amehbuaisji-con04a,3,751.6115000471473
arguana,bm25,BM25,test-international-amehbuaisji-con04a,4,749.9227500520647
arguana,bm25,BM25,test-international-amehbuaisji-con04a,5,751.5330830356106
arguana,bm25,BM25,test-international-amehbuaisji-con04a,6,746.2965419981629
arguana,bm25,BM25,test-international-amehbuaisji-con04a,7,749.438958009705
arguana,bm25,BM25,test-international-amehbuaisji-con04a,8,749.3615410057828
arguana,bm25,BM25,test-international-amehbuaisji-con04a,9,750.9379589464515
arguana,bm25,BM25,test-health-hgwhwbjfs-pro03a,0,594.9233750579879
arguana,bm25,BM25,test-health-hgwhwbjfs-pro03a,1,583.8020829251036
arguana,bm25,BM25,test-health-hgwhwbjfs-pro03a,2,582.6532499631867
arguana,bm25,BM25,test-health-hgwhwbjfs-pro03a,3,618.9818329876289
arguana,bm25,BM25,test-health-hgwhwbjfs-pro03a,4,585.3618750115857
arguana,bm25,BM25,test-health-hgwhwbjfs-pro03a,5,587.525416049175
arguana,bm25,BM25,test-health-hgwhwbjfs-pro03a,6,586.3871669862419
arguana,bm25,BM25,test-health-hgwhwbjfs-pro03a,7,583.4683750290424
arguana,bm25,BM25,test-health-hgwhwbjfs-pro03a,8,587.9050829680637
arguana,bm25,BM25,test-health-hgwhwbjfs-pro03a,9,585.1482909638435
arguana,bm25,BM25,test-health-dhghwapgd-con01a,0,816.6833749273792
arguana,bm25,BM25,test-health-dhghwapgd-con01a,1,821.2995000649244
arguana,bm25,BM25,test-health-dhghwapgd-con01a,2,821.7444999609143
arguana,bm25,BM25,test-health-dhghwapgd-con01a,3,831.7254999419674
arguana,bm25,BM25,test-health-dhghwapgd-con01a,4,880.3348749643192
arguana,bm25,BM25,test-health-dhghwapgd-con01a,5,832.1432499215007
arguana,bm25,BM25,test-health-dhghwapgd-con01a,6,818.8408750575036
arguana,bm25,BM25,test-health-dhghwapgd-con01a,7,840.3878750978038
arguana,bm25,BM25,test-health-dhghwapgd-con01a,8,834.3404160114005
arguana,bm25,BM25,test-health-dhghwapgd-con01a,9,842.389874975197
arguana,bm25,BM25,test-education-pstrgsehwt-pro03a,0,748.1735000619665
arguana,bm25,BM25,test-education-pstrgsehwt-pro03a,1,749.348041950725
arguana,bm25,BM25,test-education-pstrgsehwt-pro03a,2,756.286249961704
arguana,bm25,BM25,test-education-pstrgsehwt-pro03a,3,764.5842079073191
arguana,bm25,BM25,test-education-pstrgsehwt-pro03a,4,754.5572500675917
arguana,bm25,BM25,test-education-pstrgsehwt-pro03a,5,761.3062500022352
arguana,bm25,BM25,test-education-pstrgsehwt-pro03a,6,753.2300000311807
arguana,bm25,BM25,test-education-pstrgsehwt-pro03a,7,753.779707942158
arguana,bm25,BM25,test-education-pstrgsehwt-pro03a,8,754.9421250587329
arguana,bm25,BM25,test-education-pstrgsehwt-pro03a,9,753.8776670116931
arguana,bm25,BM25,test-economy-epiasghbf-con01a,0,229.3292909162119
arguana,bm25,BM25,test-economy-epiasghbf-con01a,1,226.24366695526987
arguana,bm25,BM25,test-economy-epiasghbf-con01a,2,224.53799995128065
arguana,bm25,BM25,test-economy-epiasghbf-con01a,3,225.30179109890014
arguana,bm25,BM25,test-economy-epiasghbf-con01a,4,222.18991699628532
arguana,bm25,BM25,test-economy-epiasghbf-con01a,5,223.14429201651365
arguana,bm25,BM25,test-economy-epiasghbf-con01a,6,225.54891603067517
arguana,bm25,BM25,test-economy-epiasghbf-con01a,7,222.54295798484236
arguana,bm25,BM25,test-economy-epiasghbf-con01a,8,221.72483301255852
arguana,bm25,BM25,test-economy-epiasghbf-con01a,9,221.69645805843174
arguana,bm25,BM25,test-sport-otshwbe2uuyt-con03a,0,1061.7921659722924
arguana,bm25,BM25,test-sport-otshwbe2uuyt-con03a,1,1035.541957942769
arguana,bm25,BM25,test-sport-otshwbe2uuyt-con03a,2,1035.7243330217898
arguana,bm25,BM25,test-sport-otshwbe2uuyt-con03a,3,1033.8066659169272
arguana,bm25,BM25,test-sport-otshwbe2uuyt-con03a,4,1076.5484999865294
arguana,bm25,BM25,test-sport-otshwbe2uuyt-con03a,5,1045.4194170888513
arguana,bm25,BM25,test-sport-otshwbe2uuyt-con03a,6,1078.042957931757
arguana,bm25,BM25,test-sport-otshwbe2uuyt-con03a,7,1035.7466659042984
arguana,bm25,BM25,test-sport-otshwbe2uuyt-con03a,8,1060.9975000843406
arguana,bm25,BM25,test-sport-otshwbe2uuyt-con03a,9,1037.03654196579
arguana,bm25,BM25,test-politics-gvhbhlsbr-con04a,0,397.6690829731524
arguana,bm25,BM25,test-politics-gvhbhlsbr-con04a,1,389.28416604176164
arguana,bm25,BM25,test-politics-gvhbhlsbr-con04a,2,388.876958983019
arguana,bm25,BM25,test-politics-gvhbhlsbr-con04a,3,393.9555420074612
arguana,bm25,BM25,test-politics-gvhbhlsbr-con04a,4,392.23833300638944
arguana,bm25,BM25,test-politics-gvhbhlsbr-con04a,5,393.5959170339629
arguana,bm25,BM25,test-politics-gvhbhlsbr-con04a,6,394.1969589795917
arguana,bm25,BM25,test-politics-gvhbhlsbr-con04a,7,394.69799993094057
arguana,bm25,BM25,test-politics-gvhbhlsbr-con04a,8,388.3502499666065
arguana,bm25,BM25,test-politics-gvhbhlsbr-con04a,9,401.4161250088364
arguana,bm25_hamming,BM25 + Hamming,test-science-wsihwclscaaw-con01a,0,449.4693330489099
arguana,bm25_hamming,BM25 + Hamming,test-science-wsihwclscaaw-con01a,1,451.3255830388516
arguana,bm25_hamming,BM25 + Hamming,test-science-wsihwclscaaw-con01a,2,452.2212919546291
arguana,bm25_hamming,BM25 + Hamming,test-science-wsihwclscaaw-con01a,3,458.0711660673842
arguana,bm25_hamming,BM25 + Hamming,test-science-wsihwclscaaw-con01a,4,449.8085000086576
arguana,bm25_hamming,BM25 + Hamming,test-science-wsihwclscaaw-con01a,5,445.40866708848625
arguana,bm25_hamming,BM25 + Hamming,test-science-wsihwclscaaw-con01a,6,444.81162494048476
arguana,bm25_hamming,BM25 + Hamming,test-science-wsihwclscaaw-con01a,7,444.1998340189457
arguana,bm25_hamming,BM25 + Hamming,test-science-wsihwclscaaw-con01a,8,445.1401249971241
arguana,bm25_hamming,BM25 + Hamming,test-science-wsihwclscaaw-con01a,9,447.83083407673985
arguana,bm25_hamming,BM25 + Hamming,test-economy-eptpghdtre-pro02a,0,227.70829102955759
arguana,bm25_hamming,BM25 + Hamming,test-economy-eptpghdtre-pro02a,1,230.39233300369233
arguana,bm25_hamming,BM25 + Hamming,test-economy-eptpghdtre-pro02a,2,226.56237508635968
arguana,bm25_hamming,BM25 + Hamming,test-economy-eptpghdtre-pro02a,3,228.7893749307841
arguana,bm25_hamming,BM25 + Hamming,test-economy-eptpghdtre-pro02a,4,227.19537501689047
arguana,bm25_hamming,BM25 + Hamming,test-economy-eptpghdtre-pro02a,5,230.4592499276623
arguana,bm25_hamming,BM25 + Hamming,test-economy-eptpghdtre-pro02a,6,232.69687499850988
arguana,bm25_hamming,BM25 + Hamming,test-economy-eptpghdtre-pro02a,7,230.516790994443
arguana,bm25_hamming,BM25 + Hamming,test-economy-eptpghdtre-pro02a,8,227.05487499479204
arguana,bm25_hamming,BM25 + Hamming,test-economy-eptpghdtre-pro02a,9,228.84558304212987
arguana,bm25_hamming,BM25 + Hamming,test-culture-mthbah-pro02a,0,411.0726669896394
arguana,bm25_hamming,BM25 + Hamming,test-culture-mthbah-pro02a,1,419.44974998477846
arguana,bm25_hamming,BM25 + Hamming,test-culture-mthbah-pro02a,2,423.00158296711743
arguana,bm25_hamming,BM25 + Hamming,test-culture-mthbah-pro02a,3,406.89254098106176
arguana,bm25_hamming,BM25 + Hamming,test-culture-mthbah-pro02a,4,412.073333049193
arguana,bm25_hamming,BM25 + Hamming,test-culture-mthbah-pro02a,5,409.7352920798585
arguana,bm25_hamming,BM25 + Hamming,test-culture-mthbah-pro02a,6,410.4917080840096
arguana,bm25_hamming,BM25 + Hamming,test-culture-mthbah-pro02a,7,410.0836670259014
arguana,bm25_hamming,BM25 + Hamming,test-culture-mthbah-pro02a,8,414.28387502674013
arguana,bm25_hamming,BM25 + Hamming,test-culture-mthbah-pro02a,9,415.2326249750331
arguana,bm25_hamming,BM25 + Hamming,test-international-amehbuaisji-con04a,0,769.1571250325069
arguana,bm25_hamming,BM25 + Hamming,test-international-amehbuaisji-con04a,1,768.155875033699
arguana,bm25_hamming,BM25 + Hamming,test-international-amehbuaisji-con04a,2,764.1782499849796
arguana,bm25_hamming,BM25 + Hamming,test-international-amehbuaisji-con04a,3,773.2860409887508
arguana,bm25_hamming,BM25 + Hamming,test-international-amehbuaisji-con04a,4,765.8516250085086
arguana,bm25_hamming,BM25 + Hamming,test-international-amehbuaisji-con04a,5,765.006500063464
arguana,bm25_hamming,BM25 + Hamming,test-international-amehbuaisji-con04a,6,762.7060420345515
arguana,bm25_hamming,BM25 + Hamming,test-international-amehbuaisji-con04a,7,764.0945829916745
arguana,bm25_hamming,BM25 + Hamming,test-international-amehbuaisji-con04a,8,760.4057089192793
arguana,bm25_hamming,BM25 + Hamming,test-international-amehbuaisji-con04a,9,763.8984590303153
arguana,bm25_hamming,BM25 + Hamming,test-health-hgwhwbjfs-pro03a,0,594.2000839859247
arguana,bm25_hamming,BM25 + Hamming,test-health-hgwhwbjfs-pro03a,1,602.0018749404699
arguana,bm25_hamming,BM25 + Hamming,test-health-hgwhwbjfs-pro03a,2,592.3344580223784
arguana,bm25_hamming,BM25 + Hamming,test-health-hgwhwbjfs-pro03a,3,594.0569170052186
arguana,bm25_hamming,BM25 + Hamming,test-health-hgwhwbjfs-pro03a,4,589.6870840806514
arguana,bm25_hamming,BM25 + Hamming,test-health-hgwhwbjfs-pro03a,5,600.5682920804247
arguana,bm25_hamming,BM25 + Hamming,test-health-hgwhwbjfs-pro03a,6,590.6367499846965
arguana,bm25_hamming,BM25 + Hamming,test-health-hgwhwbjfs-pro03a,7,589.8734999354929
arguana,bm25_hamming,BM25 + Hamming,test-health-hgwhwbjfs-pro03a,8,596.395583008416
arguana,bm25_hamming,BM25 + Hamming,test-health-hgwhwbjfs-pro03a,9,599.1415000753477
arguana,bm25_hamming,BM25 + Hamming,test-health-dhghwapgd-con01a,0,832.7453749952838
arguana,bm25_hamming,BM25 + Hamming,test-health-dhghwapgd-con01a,1,833.9371250476688
arguana,bm25_hamming,BM25 + Hamming,test-health-dhghwapgd-con01a,2,827.3306250339374
arguana,bm25_hamming,BM25 + Hamming,test-health-dhghwapgd-con01a,3,827.0924590760842
arguana,bm25_hamming,BM25 + Hamming,test-health-dhghwapgd-con01a,4,832.0182920433581
arguana,bm25_hamming,BM25 + Hamming,test-health-dhghwapgd-con01a,5,828.8289579795673
arguana,bm25_hamming,BM25 + Hamming,test-health-dhghwapgd-con01a,6,826.0352090001106
arguana,bm25_hamming,BM25 + Hamming,test-health-dhghwapgd-con01a,7,837.0256669586524
arguana,bm25_hamming,BM25 + Hamming,test-health-dhghwapgd-con01a,8,835.9576250659302
arguana,bm25_hamming,BM25 + Hamming,test-health-dhghwapgd-con01a,9,847.3683339543641
arguana,bm25_hamming,BM25 + Hamming,test-education-pstrgsehwt-pro03a,0,770.519332960248
arguana,bm25_hamming,BM25 + Hamming,test-education-pstrgsehwt-pro03a,1,765.3970000101253
arguana,bm25_hamming,BM25 + Hamming,test-education-pstrgsehwt-pro03a,2,768.3465830050409
arguana,bm25_hamming,BM25 + Hamming,test-education-pstrgsehwt-pro03a,3,771.4130419772118
arguana,bm25_hamming,BM25 + Hamming,test-education-pstrgsehwt-pro03a,4,768.6944169690832
arguana,bm25_hamming,BM25 + Hamming,test-education-pstrgsehwt-pro03a,5,760.8539588982239
arguana,bm25_hamming,BM25 + Hamming,test-education-pstrgsehwt-pro03a,6,751.4866249402985
arguana,bm25_hamming,BM25 + Hamming,test-education-pstrgsehwt-pro03a,7,758.9141670614481
arguana,bm25_hamming,BM25 + Hamming,test-education-pstrgsehwt-pro03a,8,768.9850829774514
arguana,bm25_hamming,BM25 + Hamming,test-education-pstrgsehwt-pro03a,9,770.4289170214906
arguana,bm25_hamming,BM25 + Hamming,test-economy-epiasghbf-con01a,0,228.48383407108486
arguana,bm25_hamming,BM25 + Hamming,test-economy-epiasghbf-con01a,1,227.81541605945677
arguana,bm25_hamming,BM25 + Hamming,test-economy-epiasghbf-con01a,2,230.97287502605468
arguana,bm25_hamming,BM25 + Hamming,test-economy-epiasghbf-con01a,3,228.23616699315608
arguana,bm25_hamming,BM25 + Hamming,test-economy-epiasghbf-con01a,4,227.2919580573216
arguana,bm25_hamming,BM25 + Hamming,test-economy-epiasghbf-con01a,5,229.64216594118625
arguana,bm25_hamming,BM25 + Hamming,test-economy-epiasghbf-con01a,6,237.73375002201647
arguana,bm25_hamming,BM25 + Hamming,test-economy-epiasghbf-con01a,7,231.94312502164394
arguana,bm25_hamming,BM25 + Hamming,test-economy-epiasghbf-con01a,8,238.72533394023776
arguana,bm25_hamming,BM25 + Hamming,test-economy-epiasghbf-con01a,9,238.95020794589072
arguana,bm25_hamming,BM25 + Hamming,test-sport-otshwbe2uuyt-con03a,0,1058.1766250543296
arguana,bm25_hamming,BM25 + Hamming,test-sport-otshwbe2uuyt-con03a,1,1071.0451250197366
arguana,bm25_hamming,BM25 + Hamming,test-sport-otshwbe2uuyt-con03a,2,1045.1814159750938
arguana,bm25_hamming,BM25 + Hamming,test-sport-otshwbe2uuyt-con03a,3,1059.2922091018409
arguana,bm25_hamming,BM25 + Hamming,test-sport-otshwbe2uuyt-con03a,4,1053.7920829374343
arguana,bm25_hamming,BM25 + Hamming,test-sport-otshwbe2uuyt-con03a,5,1047.5594580639154
arguana,bm25_hamming,BM25 + Hamming,test-sport-otshwbe2uuyt-con03a,6,1049.1131250746548
arguana,bm25_hamming,BM25 + Hamming,test-sport-otshwbe2uuyt-con03a,7,1057.1847499813884
arguana,bm25_hamming,BM25 + Hamming,test-sport-otshwbe2uuyt-con03a,8,1045.6668749684468
arguana,bm25_hamming,BM25 + Hamming,test-sport-otshwbe2uuyt-con03a,9,1058.3778340369463
arguana,bm25_hamming,BM25 + Hamming,test-politics-gvhbhlsbr-con04a,0,400.8757919073105
arguana,bm25_hamming,BM25 + Hamming,test-politics-gvhbhlsbr-con04a,1,402.1300410386175
arguana,bm25_hamming,BM25 + Hamming,test-politics-gvhbhlsbr-con04a,2,399.2785840528086
arguana,bm25_hamming,BM25 + Hamming,test-politics-gvhbhlsbr-con04a,3,394.60608398076147
arguana,bm25_hamming,BM25 + Hamming,test-politics-gvhbhlsbr-con04a,4,401.4317919500172
arguana,bm25_hamming,BM25 + Hamming,test-politics-gvhbhlsbr-con04a,5,398.797917063348
arguana,bm25_hamming,BM25 + Hamming,test-politics-gvhbhlsbr-con04a,6,400.50316706765443
arguana,bm25_hamming,BM25 + Hamming,test-politics-gvhbhlsbr-con04a,7,399.7785839019343
arguana,bm25_hamming,BM25 + Hamming,test-politics-gvhbhlsbr-con04a,8,400.8528330596164
arguana,bm25_hamming,BM25 + Hamming,test-politics-gvhbhlsbr-con04a,9,399.2021670565009
arguana,bm25_cosine_int8,BM25 + Cosine (int8),test-science-wsihwclscaaw-con01a,0,459.9043750204146
arguana,bm25_cosine_int8,BM25 + Cosine (int8),test-science-wsihwclscaaw-con01a,1,455.3448329679668
arguana,bm25_cosine_int8,BM25 + Cosine (int8),test-science-wsihwclscaaw-con01a,2,454.96466709300876
arguana,bm25_cosine_int8,BM25 + Cosine (int8),test-science-wsihwclscaaw-con01a,3,455.63075004611164
arguana,bm25_cosine_int8,BM25 + Cosine (int8),test-science-wsihwclscaaw-con01a,4,458.4777089767158
arguana,bm25_cosine_int8,BM25 + Cosine (int8),test-science-wsihwclscaaw-con01a,5,461.3466670271009
arguana,bm25_cosine_int8,BM25 + Cosine (int8),test-science-wsihwclscaaw-con01a,6,458.0931249074638
arguana,bm25_cosine_int8,BM25 + Cosine (int8),test-science-wsihwclscaaw-con01a,7,455.108082969673
arguana,bm25_cosine_int8,BM25 + Cosine (int8),test-science-wsihwclscaaw-con01a,8,454.47141607291996
arguana,bm25_cosine_int8,BM25 + Cosine (int8),test-science-wsihwclscaaw-con01a,9,455.6634590262547
arguana,bm25_cosine_int8,BM25 + Cosine (int8),test-economy-eptpghdtre-pro02a,0,240.57699996046722
arguana,bm25_cosine_int8,BM25 + Cosine (int8),test-economy-eptpghdtre-pro02a,1,235.87879200931638
arguana,bm25_cosine_int8,BM25 + Cosine (int8),test-economy-eptpghdtre-pro02a,2,238.22833399754018
arguana,bm25_cosine_int8,BM25 + Cosine (int8),test-economy-eptpghdtre-pro02a,3,239.21266698744148
arguana,bm25_cosine_int8,BM25 + Cosine (int8),test-economy-eptpghdtre-pro02a,4,240.82154198549688
arguana,bm25_cosine_int8,BM25 + Cosine (int8),test-economy-eptpghdtre-pro02a,5,237.51000000629574
arguana,bm25_cosine_int8,BM25 + Cosine (int8),test-economy-eptpghdtre-pro02a,6,238.39212500024587
arguana,bm25_cosine_int8,BM25 + Cosine (int8),test-economy-eptpghdtre-pro02a,7,242.7646249998361
arguana,bm25_cosine_int8,BM25 + Cosine (int8),test-economy-eptpghdtre-pro02a,8,236.06124997604638
arguana,bm25_cosine_int8,BM25 + Cosine (int8),test-economy-eptpghdtre-pro02a,9,236.81779101025313
arguana,bm25_cosine_int8,BM25 + Cosine (int8),test-culture-mthbah-pro02a,0,416.79675003979355
arguana,bm25_cosine_int8,BM25 + Cosine (int8),test-culture-mthbah-pro02a,1,429.49687503278255
arguana,bm25_cosine_int8,BM25 + Cosine (int8),test-culture-mthbah-pro02a,2,417.6807919284329
arguana,bm25_cosine_int8,BM25 + Cosine (int8),test-culture-mthbah-pro02a,3,418.75379206612706
arguana,bm25_cosine_int8,BM25 + Cosine (int8),test-culture-mthbah-pro02a,4,416.7742080753669
arguana,bm25_cosine_int8,BM25 + Cosine (int8),test-culture-mthbah-pro02a,5,416.62825003731996
arguana,bm25_cosine_int8,BM25 + Cosine (int8),test-culture-mthbah-pro02a,6,421.8088330235332
arguana,bm25_cosine_int8,BM25 + Cosine (int8),test-culture-mthbah-pro02a,7,423.2748750364408
arguana,bm25_cosine_int8,BM25 + Cosine (int8),test-culture-mthbah-pro02a,8,422.81549994368106
arguana,bm25_cosine_int8,BM25 + Cosine (int8),test-culture-mthbah-pro02a,9,414.64104200713336
arguana,bm25_cosine_int8,BM25 + Cosine (int8),test-international-amehbuaisji-con04a,0,771.7502090381458
arguana,bm25_cosine_int8,BM25 + Cosine (int8),test-international-amehbuaisji-con04a,1,785.4652919340879
arguana,bm25_cosine_int8,BM25 + Cosine (int8),test-international-amehbuaisji-con04a,2,771.8480409821495
arguana,bm25_cosine_int8,BM25 + Cosine (int8),test-international-amehbuaisji-con04a,3,781.6854170523584
arguana,bm25_cosine_int8,BM25 + Cosine (int8),test-international-amehbuaisji-con04a,4,766.7551670456305
arguana,bm25_cosine_int8,BM25 + Cosine (int8),test-international-amehbuaisji-con04a,5,772.1457500010729
arguana,bm25_cosine_int8,BM25 + Cosine (int8),test-international-amehbuaisji-con04a,6,765.3727500000969
arguana,bm25_cosine_int8,BM25 + Cosine (int8),test-international-amehbuaisji-con04a,7,774.5642500231043
arguana,bm25_cosine_int8,BM25 + Cosine (int8),test-international-amehbuaisji-con04a,8,773.8078339025378
arguana,bm25_cosine_int8,BM25 + Cosine (int8),test-international-amehbuaisji-con04a,9,769.4053340237588
arguana,bm25_cosine_int8,BM25 + Cosine (int8),test-health-hgwhwbjfs-pro03a,0,598.1480829650536
arguana,bm25_cosine_int8,BM25 + Cosine (int8),test-health-hgwhwbjfs-pro03a,1,599.4967090664431
arguana,bm25_cosine_int8,BM25 + Cosine (int8),test-health-hgwhwbjfs-pro03a,2,617.1769159846008
arguana,bm25_cosine_int8,BM25 + Cosine (int8),test-health-hgwhwbjfs-pro03a,3,603.4710840322077
arguana,bm25_cosine_int8,BM25 + Cosine (int8),test-health-hgwhwbjfs-pro03a,4,604.3977909721434
arguana,bm25_cosine_int8,BM25 + Cosine (int8),test-health-hgwhwbjfs-pro03a,5,599.4038340868428
arguana,bm25_cosine_int8,BM25 + Cosine (int8),test-health-hgwhwbjfs-pro03a,6,604.7012920025736
arguana,bm25_cosine_int8,BM25 + Cosine (int8),test-health-hgwhwbjfs-pro03a,7,605.1236250204965
arguana,bm25_cosine_int8,BM25 + Cosine (int8),test-health-hgwhwbjfs-pro03a,8,615.4369580326602
arguana,bm25_cosine_int8,BM25 + Cosine (int8),test-health-hgwhwbjfs-pro03a,9,597.9030829621479
arguana,bm25_cosine_int8,BM25 + Cosine (int8),test-health-dhghwapgd-con01a,0,835.7688749674708
arguana,bm25_cosine_int8,BM25 + Cosine (int8),test-health-dhghwapgd-con01a,1,847.5475839804858
arguana,bm25_cosine_int8,BM25 + Cosine (int8),test-health-dhghwapgd-con01a,2,852.6571670081466
arguana,bm25_cosine_int8,BM25 + Cosine (int8),test-health-dhghwapgd-con01a,3,832.0772500010207
arguana,bm25_cosine_int8,BM25 + Cosine (int8),test-health-dhghwapgd-con01a,4,840.3637920273468
arguana,bm25_cosine_int8,BM25 + Cosine (int8),test-health-dhghwapgd-con01a,5,834.9889169912785
arguana,bm25_cosine_int8,BM25 + Cosine (int8),test-health-dhghwapgd-con01a,6,833.7393329711631
arguana,bm25_cosine_int8,BM25 + Cosine (int8),test-health-dhghwapgd-con01a,7,861.1895409412682
arguana,bm25_cosine_int8,BM25 + Cosine (int8),test-health-dhghwapgd-con01a,8,844.3958749994636
arguana,bm25_cosine_int8,BM25 + Cosine (int8),test-health-dhghwapgd-con01a,9,841.3506250362843
arguana,bm25_cosine_int8,BM25 + Cosine (int8),test-education-pstrgsehwt-pro03a,0,784.1929170535877
arguana,bm25_cosine_int8,BM25 + Cosine (int8),test-education-pstrgsehwt-pro03a,1,773.5733750741929
arguana,bm25_cosine_int8,BM25 + Cosine (int8),test-education-pstrgsehwt-pro03a,2,768.257041927427
arguana,bm25_cosine_int8,BM25 + Cosine (int8),test-education-pstrgsehwt-pro03a,3,777.4549160385504
arguana,bm25_cosine_int8,BM25 + Cosine (int8),test-education-pstrgsehwt-pro03a,4,784.8927499726415
arguana,bm25_cosine_int8,BM25 + Cosine (int8),test-education-pstrgsehwt-pro03a,5,780.694416956976
arguana,bm25_cosine_int8,BM25 + Cosine (int8),test-education-pstrgsehwt-pro03a,6,808.0782080069184
arguana,bm25_cosine_int8,BM25 + Cosine (int8),test-education-pstrgsehwt-pro03a,7,876.1867500143126
arguana,bm25_cosine_int8,BM25 + Cosine (int8),test-education-pstrgsehwt-pro03a,8,774.3265830213204
arguana,bm25_cosine_int8,BM25 + Cosine (int8),test-education-pstrgsehwt-pro03a,9,778.6558329826221
arguana,bm25_cosine_int8,BM25 + Cosine (int8),test-economy-epiasghbf-con01a,0,240.85683398880064
arguana,bm25_cosine_int8,BM25 + Cosine (int8),test-economy-epiasghbf-con01a,1,238.16599999554455
arguana,bm25_cosine_int8,BM25 + Cosine (int8),test-economy-epiasghbf-con01a,2,239.79341599624604
arguana,bm25_cosine_int8,BM25 + Cosine (int8),test-economy-epiasghbf-con01a,3,249.41745807882398
arguana,bm25_cosine_int8,BM25 + Cosine (int8),test-economy-epiasghbf-con01a,4,248.86416690424085
arguana,bm25_cosine_int8,BM25 + Cosine (int8),test-economy-epiasghbf-con01a,5,241.47291702684015
arguana,bm25_cosine_int8,BM25 + Cosine (int8),test-economy-epiasghbf-con01a,6,237.2607080033049
arguana,bm25_cosine_int8,BM25 + Cosine (int8),test-economy-epiasghbf-con01a,7,238.6987500358373
arguana,bm25_cosine_int8,BM25 + Cosine (int8),test-economy-epiasghbf-con01a,8,237.8881248878315
arguana,bm25_cosine_int8,BM25 + Cosine (int8),test-economy-epiasghbf-con01a,9,241.27308395691216
arguana,bm25_cosine_int8,BM25 + Cosine (int8),test-sport-otshwbe2uuyt-con03a,0,1061.3959589973092
arguana,bm25_cosine_int8,BM25 + Cosine (int8),test-sport-otshwbe2uuyt-con03a,1,1086.6431249305606
arguana,bm25_cosine_int8,BM25 + Cosine (int8),test-sport-otshwbe2uuyt-con03a,2,1056.7910000681877
arguana,bm25_cosine_int8,BM25 + Cosine (int8),test-sport-otshwbe2uuyt-con03a,3,1067.3401250969619
arguana,bm25_cosine_int8,BM25 + Cosine (int8),test-sport-otshwbe2uuyt-con03a,4,1068.2376250624657
arguana,bm25_cosine_int8,BM25 + Cosine (int8),test-sport-otshwbe2uuyt-con03a,5,1054.853041889146
arguana,bm25_cosine_int8,BM25 + Cosine (int8),test-sport-otshwbe2uuyt-con03a,6,1066.500415909104
arguana,bm25_cosine_int8,BM25 + Cosine (int8),test-sport-otshwbe2uuyt-con03a,7,1064.7593339672312
arguana,bm25_cosine_int8,BM25 + Cosine (int8),test-sport-otshwbe2uuyt-con03a,8,1082.0608750218526
arguana,bm25_cosine_int8,BM25 + Cosine (int8),test-sport-otshwbe2uuyt-con03a,9,1069.2848750622943
arguana,bm25_cosine_int8,BM25 + Cosine (int8),test-politics-gvhbhlsbr-con04a,0,406.5722910454497
arguana,bm25_cosine_int8,BM25 + Cosine (int8),test-politics-gvhbhlsbr-con04a,1,413.37149997707456
arguana,bm25_cosine_int8,BM25 + Cosine (int8),test-politics-gvhbhlsbr-con04a,2,410.3335420368239
arguana,bm25_cosine_int8,BM25 + Cosine (int8),test-politics-gvhbhlsbr-con04a,3,405.7184999110177
arguana,bm25_cosine_int8,BM25 + Cosine (int8),test-politics-gvhbhlsbr-con04a,4,408.5680410498753
arguana,bm25_cosine_int8,BM25 + Cosine (int8),test-politics-gvhbhlsbr-con04a,5,416.0150419920683
arguana,bm25_cosine_int8,BM25 + Cosine (int8),test-politics-gvhbhlsbr-con04a,6,409.74600007757545
arguana,bm25_cosine_int8,BM25 + Cosine (int8),test-politics-gvhbhlsbr-con04a,7,412.9459171090275
arguana,bm25_cosine_int8,BM25 + Cosine (int8),test-politics-gvhbhlsbr-con04a,8,406.13591705914587
arguana,bm25_cosine_int8,BM25 + Cosine (int8),test-politics-gvhbhlsbr-con04a,9,405.48545797355473
arguana,bm25_cosine_float,BM25 + Cosine (float),test-science-wsihwclscaaw-con01a,0,513.9991659671068
arguana,bm25_cosine_float,BM25 + Cosine (float),test-science-wsihwclscaaw-con01a,1,491.84787494596094
arguana,bm25_cosine_float,BM25 + Cosine (float),test-science-wsihwclscaaw-con01a,2,494.92033396381885
arguana,bm25_cosine_float,BM25 + Cosine (float),test-science-wsihwclscaaw-con01a,3,483.74391603283584
arguana,bm25_cosine_float,BM25 + Cosine (float),test-science-wsihwclscaaw-con01a,4,486.4250000100583
arguana,bm25_cosine_float,BM25 + Cosine (float),test-science-wsihwclscaaw-con01a,5,489.4836249295622
arguana,bm25_cosine_float,BM25 + Cosine (float),test-science-wsihwclscaaw-con01a,6,493.3694580104202
arguana,bm25_cosine_float,BM25 + Cosine (float),test-science-wsihwclscaaw-con01a,7,480.62570800539106
arguana,bm25_cosine_float,BM25 + Cosine (float),test-science-wsihwclscaaw-con01a,8,486.3541249651462
arguana,bm25_cosine_float,BM25 + Cosine (float),test-science-wsihwclscaaw-con01a,9,483.1554578850046
arguana,bm25_cosine_float,BM25 + Cosine (float),test-economy-eptpghdtre-pro02a,0,273.5882910201326
arguana,bm25_cosine_float,BM25 + Cosine (float),test-economy-eptpghdtre-pro02a,1,264.27429204341024
arguana,bm25_cosine_float,BM25 + Cosine (float),test-economy-eptpghdtre-pro02a,2,263.6260000290349
arguana,bm25_cosine_float,BM25 + Cosine (float),test-economy-eptpghdtre-pro02a,3,267.0523750130087
arguana,bm25_cosine_float,BM25 + Cosine (float),test-economy-eptpghdtre-pro02a,4,264.4012920791283
arguana,bm25_cosine_float,BM25 + Cosine (float),test-economy-eptpghdtre-pro02a,5,264.30120901204646
arguana,bm25_cosine_float,BM25 + Cosine (float),test-economy-eptpghdtre-pro02a,6,289.29250000510365
arguana,bm25_cosine_float,BM25 + Cosine (float),test-economy-eptpghdtre-pro02a,7,266.52129204012454
arguana,bm25_cosine_float,BM25 + Cosine (float),test-economy-eptpghdtre-pro02a,8,262.0618330547586
arguana,bm25_cosine_float,BM25 + Cosine (float),test-economy-eptpghdtre-pro02a,9,260.03283401951194
arguana,bm25_cosine_float,BM25 + Cosine (float),test-culture-mthbah-pro02a,0,444.9657080695033
arguana,bm25_cosine_float,BM25 + Cosine (float),test-culture-mthbah-pro02a,1,458.02812499459833
arguana,bm25_cosine_float,BM25 + Cosine (float),test-culture-mthbah-pro02a,2,503.60516691580415
arguana,bm25_cosine_float,BM25 + Cosine (float),test-culture-mthbah-pro02a,3,447.3149999976158
arguana,bm25_cosine_float,BM25 + Cosine (float),test-culture-mthbah-pro02a,4,445.4335829941556
arguana,bm25_cosine_float,BM25 + Cosine (float),test-culture-mthbah-pro02a,5,445.7342089153826
arguana,bm25_cosine_float,BM25 + Cosine (float),test-culture-mthbah-pro02a,6,452.65745802316815
arguana,bm25_cosine_float,BM25 + Cosine (float),test-culture-mthbah-pro02a,7,445.8142089424655
arguana,bm25_cosine_float,BM25 + Cosine (float),test-culture-mthbah-pro02a,8,445.745458942838
arguana,bm25_cosine_float,BM25 + Cosine (float),test-culture-mthbah-pro02a,9,451.20975002646446
arguana,bm25_cosine_float,BM25 + Cosine (float),test-international-amehbuaisji-con04a,0,817.9035829380155
arguana,bm25_cosine_float,BM25 + Cosine (float),test-international-amehbuaisji-con04a,1,805.4299579234794
arguana,bm25_cosine_float,BM25 + Cosine (float),test-international-amehbuaisji-con04a,2,796.0538750048727
arguana,bm25_cosine_float,BM25 + Cosine (float),test-international-amehbuaisji-con04a,3,812.0891669532284
arguana,bm25_cosine_float,BM25 + Cosine (float),test-international-amehbuaisji-con04a,4,809.3172500375658
arguana,bm25_cosine_float,BM25 + Cosine (float),test-international-amehbuaisji-con04a,5,813.5833749547601
arguana,bm25_cosine_float,BM25 + Cosine (float),test-international-amehbuaisji-con04a,6,816.837958060205
arguana,bm25_cosine_float,BM25 + Cosine (float),test-international-amehbuaisji-con04a,7,801.6315000131726
arguana,bm25_cosine_float,BM25 + Cosine (float),test-international-amehbuaisji-con04a,8,786.564749898389
arguana,bm25_cosine_float,BM25 + Cosine (float),test-international-amehbuaisji-con04a,9,812.3458749614656
arguana,bm25_cosine_float,BM25 + Cosine (float),test-health-hgwhwbjfs-pro03a,0,623.5401659505442
arguana,bm25_cosine_float,BM25 + Cosine (float),test-health-hgwhwbjfs-pro03a,1,630.7927920715883
arguana,bm25_cosine_float,BM25 + Cosine (float),test-health-hgwhwbjfs-pro03a,2,624.8356669675559
arguana,bm25_cosine_float,BM25 + Cosine (float),test-health-hgwhwbjfs-pro03a,3,621.6280000517145
arguana,bm25_cosine_float,BM25 + Cosine (float),test-health-hgwhwbjfs-pro03a,4,628.768541966565
arguana,bm25_cosine_float,BM25 + Cosine (float),test-health-hgwhwbjfs-pro03a,5,638.7215829454362
arguana,bm25_cosine_float,BM25 + Cosine (float),test-health-hgwhwbjfs-pro03a,6,629.1775000281632
arguana,bm25_cosine_float,BM25 + Cosine (float),test-health-hgwhwbjfs-pro03a,7,628.0305420514196
arguana,bm25_cosine_float,BM25 + Cosine (float),test-health-hgwhwbjfs-pro03a,8,633.8088749907911
arguana,bm25_cosine_float,BM25 + Cosine (float),test-health-hgwhwbjfs-pro03a,9,628.7090840050951
arguana,bm25_cosine_float,BM25 + Cosine (float),test-health-dhghwapgd-con01a,0,867.0299589866772
arguana,bm25_cosine_float,BM25 + Cosine (float),test-health-dhghwapgd-con01a,1,873.7659580074251
arguana,bm25_cosine_float,BM25 + Cosine (float),test-health-dhghwapgd-con01a,2,862.5036670127884
arguana,bm25_cosine_float,BM25 + Cosine (float),test-health-dhghwapgd-con01a,3,884.0395839652047
arguana,bm25_cosine_float,BM25 + Cosine (float),test-health-dhghwapgd-con01a,4,871.6096669668332
arguana,bm25_cosine_float,BM25 + Cosine (float),test-health-dhghwapgd-con01a,5,856.3780830008909
arguana,bm25_cosine_float,BM25 + Cosine (float),test-health-dhghwapgd-con01a,6,868.1666669435799
arguana,bm25_cosine_float,BM25 + Cosine (float),test-health-dhghwapgd-con01a,7,880.4309170227498
arguana,bm25_cosine_float,BM25 + Cosine (float),test-health-dhghwapgd-con01a,8,870.3367499401793
arguana,bm25_cosine_float,BM25 + Cosine (float),test-health-dhghwapgd-con01a,9,865.899792057462
arguana,bm25_cosine_float,BM25 + Cosine (float),test-education-pstrgsehwt-pro03a,0,821.2432080181316
arguana,bm25_cosine_float,BM25 + Cosine (float),test-education-pstrgsehwt-pro03a,1,800.5332089960575
arguana,bm25_cosine_float,BM25 + Cosine (float),test-education-pstrgsehwt-pro03a,2,811.3972910214216
arguana,bm25_cosine_float,BM25 + Cosine (float),test-education-pstrgsehwt-pro03a,3,799.9738330254331
arguana,bm25_cosine_float,BM25 + Cosine (float),test-education-pstrgsehwt-pro03a,4,804.2997920420021
arguana,bm25_cosine_float,BM25 + Cosine (float),test-education-pstrgsehwt-pro03a,5,801.0829580016434
arguana,bm25_cosine_float,BM25 + Cosine (float),test-education-pstrgsehwt-pro03a,6,806.5598750254139
arguana,bm25_cosine_float,BM25 + Cosine (float),test-education-pstrgsehwt-pro03a,7,806.6826249705628
arguana,bm25_cosine_float,BM25 + Cosine (float),test-education-pstrgsehwt-pro03a,8,801.4730409486219
arguana,bm25_cosine_float,BM25 + Cosine (float),test-education-pstrgsehwt-pro03a,9,815.4419170459732
arguana,bm25_cosine_float,BM25 + Cosine (float),test-economy-epiasghbf-con01a,0,270.82554204389453
arguana,bm25_cosine_float,BM25 + Cosine (float),test-economy-epiasghbf-con01a,1,263.38912500068545
arguana,bm25_cosine_float,BM25 + Cosine (float),test-economy-epiasghbf-con01a,2,267.2183749964461
arguana,bm25_cosine_float,BM25 + Cosine (float),test-economy-epiasghbf-con01a,3,270.60345897916704
arguana,bm25_cosine_float,BM25 + Cosine (float),test-economy-epiasghbf-con01a,4,265.6543330522254
arguana,bm25_cosine_float,BM25 + Cosine (float),test-economy-epiasghbf-con01a,5,264.4306250149384
arguana,bm25_cosine_float,BM25 + Cosine (float),test-economy-epiasghbf-con01a,6,266.0599590744823
arguana,bm25_cosine_float,BM25 + Cosine (float),test-economy-epiasghbf-con01a,7,270.85245901253074
arguana,bm25_cosine_float,BM25 + Cosine (float),test-economy-epiasghbf-con01a,8,275.7774580968544
arguana,bm25_cosine_float,BM25 + Cosine (float),test-economy-epiasghbf-con01a,9,271.9754169229418
arguana,bm25_cosine_float,BM25 + Cosine (float),test-sport-otshwbe2uuyt-con03a,0,1087.099292082712
arguana,bm25_cosine_float,BM25 + Cosine (float),test-sport-otshwbe2uuyt-con03a,1,1084.041583002545
arguana,bm25_cosine_float,BM25 + Cosine (float),test-sport-otshwbe2uuyt-con03a,2,1091.2372500170022
arguana,bm25_cosine_float,BM25 + Cosine (float),test-sport-otshwbe2uuyt-con03a,3,1110.5461249826476
arguana,bm25_cosine_float,BM25 + Cosine (float),test-sport-otshwbe2uuyt-con03a,4,1087.3854170786217
arguana,bm25_cosine_float,BM25 + Cosine (float),test-sport-otshwbe2uuyt-con03a,5,1084.655374987051
arguana,bm25_cosine_float,BM25 + Cosine (float),test-sport-otshwbe2uuyt-con03a,6,1097.9996250243858
arguana,bm25_cosine_float,BM25 + Cosine (float),test-sport-otshwbe2uuyt-con03a,7,1089.8373749805614
arguana,bm25_cosine_float,BM25 + Cosine (float),test-sport-otshwbe2uuyt-con03a,8,1092.6352079259232
arguana,bm25_cosine_float,BM25 + Cosine (float),test-sport-otshwbe2uuyt-con03a,9,1093.6664580367506
arguana,bm25_cosine_float,BM25 + Cosine (float),test-politics-gvhbhlsbr-con04a,0,445.63204201404005
arguana,bm25_cosine_float,BM25 + Cosine (float),test-politics-gvhbhlsbr-con04a,1,431.6933329682797
arguana,bm25_cosine_float,BM25 + Cosine (float),test-politics-gvhbhlsbr-con04a,2,428.55837498791516
arguana,bm25_cosine_float,BM25 + Cosine (float),test-politics-gvhbhlsbr-con04a,3,439.31195803452283
arguana,bm25_cosine_float,BM25 + Cosine (float),test-politics-gvhbhlsbr-con04a,4,438.04845900740474
arguana,bm25_cosine_float,BM25 + Cosine (float),test-politics-gvhbhlsbr-con04a,5,438.20912507362664
arguana,bm25_cosine_float,BM25 + Cosine (float),test-politics-gvhbhlsbr-con04a,6,438.3025420829654
arguana,bm25_cosine_float,BM25 + Cosine (float),test-politics-gvhbhlsbr-con04a,7,434.48979198001325
arguana,bm25_cosine_float,BM25 + Cosine (float),test-politics-gvhbhlsbr-con04a,8,439.002166967839
arguana,bm25_cosine_float,BM25 + Cosine (float),test-politics-gvhbhlsbr-con04a,9,440.21987495943904
arguana,hamming,Hamming,test-science-wsihwclscaaw-con01a,0,2.193666994571686
arguana,hamming,Hamming,test-science-wsihwclscaaw-con01a,1,2.5402079336345196
arguana,hamming,Hamming,test-science-wsihwclscaaw-con01a,2,3.24420805554837
arguana,hamming,Hamming,test-science-wsihwclscaaw-con01a,3,2.3315000580623746
arguana,hamming,Hamming,test-science-wsihwclscaaw-con01a,4,2.081249956972897
arguana,hamming,Hamming,test-science-wsihwclscaaw-con01a,5,2.086334046907723
arguana,hamming,Hamming,test-science-wsihwclscaaw-con01a,6,2.510958001948893
arguana,hamming,Hamming,test-science-wsihwclscaaw-con01a,7,2.0412919111549854
arguana,hamming,Hamming,test-science-wsihwclscaaw-con01a,8,1.910042017698288
arguana,hamming,Hamming,test-science-wsihwclscaaw-con01a,9,1.8528749933466315
arguana,hamming,Hamming,test-economy-eptpghdtre-pro02a,0,2.0607090555131435
arguana,hamming,Hamming,test-economy-eptpghdtre-pro02a,1,2.601000014692545
arguana,hamming,Hamming,test-economy-eptpghdtre-pro02a,2,3.3444579457864165
arguana,hamming,Hamming,test-economy-eptpghdtre-pro02a,3,3.8492499152198434
arguana,hamming,Hamming,test-economy-eptpghdtre-pro02a,4,3.2092920737341046
arguana,hamming,Hamming,test-economy-eptpghdtre-pro02a,5,2.489208010956645
arguana,hamming,Hamming,test-economy-eptpghdtre-pro02a,6,2.1065829787403345
arguana,hamming,Hamming,test-economy-eptpghdtre-pro02a,7,2.273209043778479
arguana,hamming,Hamming,test-economy-eptpghdtre-pro02a,8,2.077291952446103
arguana,hamming,Hamming,test-economy-eptpghdtre-pro02a,9,1.9727919716387987
arguana,hamming,Hamming,test-culture-mthbah-pro02a,0,1.4751249691471457
arguana,hamming,Hamming,test-culture-mthbah-pro02a,1,1.4877499779686332
arguana,hamming,Hamming,test-culture-mthbah-pro02a,2,1.4867921127006412
arguana,hamming,Hamming,test-culture-mthbah-pro02a,3,1.846332917921245
arguana,hamming,Hamming,test-culture-mthbah-pro02a,4,1.4826670521870255
arguana,hamming,Hamming,test-culture-mthbah-pro02a,5,1.4335419982671738
arguana,hamming,Hamming,test-culture-mthbah-pro02a,6,1.6366660129278898
arguana,hamming,Hamming,test-culture-mthbah-pro02a,7,1.3954580063000321
arguana,hamming,Hamming,test-culture-mthbah-pro02a,8,1.2865830212831497
arguana,hamming,Hamming,test-culture-mthbah-pro02a,9,1.2587079545482993
arguana,hamming,Hamming,test-international-amehbuaisji-con04a,0,3.118625027127564
arguana,hamming,Hamming,test-international-amehbuaisji-con04a,1,2.607709029689431
arguana,hamming,Hamming,test-international-amehbuaisji-con04a,2,2.535999985411763
arguana,hamming,Hamming,test-international-amehbuaisji-con04a,3,2.5297499960288405
arguana,hamming,Hamming,test-international-amehbuaisji-con04a,4,2.393792034126818
arguana,hamming,Hamming,test-international-amehbuaisji-con04a,5,2.3192500229924917
arguana,hamming,Hamming,test-international-amehbuaisji-con04a,6,2.6277920696884394
arguana,hamming,Hamming,test-international-amehbuaisji-con04a,7,2.747500082477927
arguana,hamming,Hamming,test-international-amehbuaisji-con04a,8,2.4348750011995435
arguana,hamming,Hamming,test-international-amehbuaisji-con04a,9,2.5112919975072145
arguana,hamming,Hamming,test-health-hgwhwbjfs-pro03a,0,0.9887909982353449
arguana,hamming,Hamming,test-health-hgwhwbjfs-pro03a,1,0.9569580433890224
arguana,hamming,Hamming,test-health-hgwhwbjfs-pro03a,2,0.947709078900516
arguana,hamming,Hamming,test-health-hgwhwbjfs-pro03a,3,0.95166708342731
arguana,hamming,Hamming,test-health-hgwhwbjfs-pro03a,4,0.9587079985067248
arguana,hamming,Hamming,test-health-hgwhwbjfs-pro03a,5,0.9886668995022774
arguana,hamming,Hamming,test-health-hgwhwbjfs-pro03a,6,0.9443330345675349
arguana,hamming,Hamming,test-health-hgwhwbjfs-pro03a,7,0.946457963436842
arguana,hamming,Hamming,test-health-hgwhwbjfs-pro03a,8,0.9428749326616526
arguana,hamming,Hamming,test-health-hgwhwbjfs-pro03a,9,0.966415973380208
arguana,hamming,Hamming,test-health-dhghwapgd-con01a,0,1.3278330443426967
arguana,hamming,Hamming,test-health-dhghwapgd-con01a,1,1.2971250107511878
arguana,hamming,Hamming,test-health-dhghwapgd-con01a,2,1.3953340239822865
arguana,hamming,Hamming,test-health-dhghwapgd-con01a,3,1.3400829629972577
arguana,hamming,Hamming,test-health-dhghwapgd-con01a,4,1.2875000247731805
arguana,hamming,Hamming,test-health-dhghwapgd-con01a,5,1.2616249732673168
arguana,hamming,Hamming,test-health-dhghwapgd-con01a,6,1.2760841054841876
arguana,hamming,Hamming,test-health-dhghwapgd-con01a,7,1.2745000422000885
arguana,hamming,Hamming,test-health-dhghwapgd-con01a,8,1.2715000193566084
arguana,hamming,Hamming,test-health-dhghwapgd-con01a,9,1.2527910294011235
arguana,hamming,Hamming,test-education-pstrgsehwt-pro03a,0,4.000625107437372
arguana,hamming,Hamming,test-education-pstrgsehwt-pro03a,1,4.4195840600878
arguana,hamming,Hamming,test-education-pstrgsehwt-pro03a,2,4.047207999974489
arguana,hamming,Hamming,test-education-pstrgsehwt-pro03a,3,4.053624928928912
arguana,hamming,Hamming,test-education-pstrgsehwt-pro03a,4,3.9748750859871507
arguana,hamming,Hamming,test-education-pstrgsehwt-pro03a,5,3.9280420169234276
arguana,hamming,Hamming,test-education-pstrgsehwt-pro03a,6,3.925875062122941
arguana,hamming,Hamming,test-education-pstrgsehwt-pro03a,7,3.9159581065177917
arguana,hamming,Hamming,test-education-pstrgsehwt-pro03a,8,3.8984159473329782
arguana,hamming,Hamming,test-education-pstrgsehwt-pro03a,9,4.236583015881479
arguana,hamming,Hamming,test-economy-epiasghbf-con01a,0,1.7983329016715288
arguana,hamming,Hamming,test-economy-epiasghbf-con01a,1,1.7194590764120221
arguana,hamming,Hamming,test-economy-epiasghbf-con01a,2,1.7405420076102018
arguana,hamming,Hamming,test-economy-epiasghbf-con01a,3,1.7248749500140548
arguana,hamming,Hamming,test-economy-epiasghbf-con01a,4,1.700041932053864
arguana,hamming,Hamming,test-economy-epiasghbf-con01a,5,1.7435000045225024
arguana,hamming,Hamming,test-economy-epiasghbf-con01a,6,1.7286669462919235
arguana,hamming,Hamming,test-economy-epiasghbf-con01a,7,1.673624967224896
arguana,hamming,Hamming,test-economy-epiasghbf-con01a,8,1.6305410536006093
arguana,hamming,Hamming,test-economy-epiasghbf-con01a,9,1.6053329454734921
arguana,hamming,Hamming,test-sport-otshwbe2uuyt-con03a,0,1.3120409566909075
arguana,hamming,Hamming,test-sport-otshwbe2uuyt-con03a,1,1.3207501033321023
arguana,hamming,Hamming,test-sport-otshwbe2uuyt-con03a,2,1.3180839596316218
arguana,hamming,Hamming,test-sport-otshwbe2uuyt-con03a,3,1.3089589774608612
arguana,hamming,Hamming,test-sport-otshwbe2uuyt-con03a,4,1.3199999229982495
arguana,hamming,Hamming,test-sport-otshwbe2uuyt-con03a,5,1.3187079457566142
arguana,hamming,Hamming,test-sport-otshwbe2uuyt-con03a,6,1.3860419858247042
arguana,hamming,Hamming,test-sport-otshwbe2uuyt-con03a,7,1.3379160081967711
arguana,hamming,Hamming,test-sport-otshwbe2uuyt-con03a,8,1.3144999975338578
arguana,hamming,Hamming,test-sport-otshwbe2uuyt-con03a,9,1.3091659639030695
arguana,hamming,Hamming,test-politics-gvhbhlsbr-con04a,0,0.9759999811649323
arguana,hamming,Hamming,test-politics-gvhbhlsbr-con04a,1,0.9422920411452651
arguana,hamming,Hamming,test-politics-gvhbhlsbr-con04a,2,0.9457919513806701
arguana,hamming,Hamming,test-politics-gvhbhlsbr-con04a,3,0.9381669806316495
arguana,hamming,Hamming,test-politics-gvhbhlsbr-con04a,4,0.9419589769095182
arguana,hamming,Hamming,test-politics-gvhbhlsbr-con04a,5,0.934166950173676
arguana,hamming,Hamming,test-politics-gvhbhlsbr-con04a,6,0.9353749919682741
arguana,hamming,Hamming,test-politics-gvhbhlsbr-con04a,7,0.9322080295532942
arguana,hamming,Hamming,test-politics-gvhbhlsbr-con04a,8,0.9371669730171561
arguana,hamming,Hamming,test-politics-gvhbhlsbr-con04a,9,0.9333750931546092
arguana,hamming_cosine_int8,Hamming + Cosine (int8),test-science-wsihwclscaaw-con01a,0,11.123541975393891
arguana,hamming_cosine_int8,Hamming + Cosine (int8),test-science-wsihwclscaaw-con01a,1,11.314000003039837
arguana,hamming_cosine_int8,Hamming + Cosine (int8),test-science-wsihwclscaaw-con01a,2,11.307082953862846
arguana,hamming_cosine_int8,Hamming + Cosine (int8),test-science-wsihwclscaaw-con01a,3,11.351791094057262
arguana,hamming_cosine_int8,Hamming + Cosine (int8),test-science-wsihwclscaaw-con01a,4,11.565249995328486
arguana,hamming_cosine_int8,Hamming + Cosine (int8),test-science-wsihwclscaaw-con01a,5,11.812624987214804
arguana,hamming_cosine_int8,Hamming + Cosine (int8),test-science-wsihwclscaaw-con01a,6,11.329000000841916
arguana,hamming_cosine_int8,Hamming + Cosine (int8),test-science-wsihwclscaaw-con01a,7,11.342625017277896
arguana,hamming_cosine_int8,Hamming + Cosine (int8),test-science-wsihwclscaaw-con01a,8,11.60954195074737
arguana,hamming_cosine_int8,Hamming + Cosine (int8),test-science-wsihwclscaaw-con01a,9,11.053416063077748
arguana,hamming_cosine_int8,Hamming + Cosine (int8),test-economy-eptpghdtre-pro02a,0,9.782332926988602
arguana,hamming_cosine_int8,Hamming + Cosine (int8),test-economy-eptpghdtre-pro02a,1,9.695541928522289
arguana,hamming_cosine_int8,Hamming + Cosine (int8),test-economy-eptpghdtre-pro02a,2,9.694249951280653
arguana,hamming_cosine_int8,Hamming + Cosine (int8),test-economy-eptpghdtre-pro02a,3,9.77145810611546
arguana,hamming_cosine_int8,Hamming + Cosine (int8),test-economy-eptpghdtre-pro02a,4,9.71125008072704
arguana,hamming_cosine_int8,Hamming + Cosine (int8),test-economy-eptpghdtre-pro02a,5,9.843207895755768
arguana,hamming_cosine_int8,Hamming + Cosine (int8),test-economy-eptpghdtre-pro02a,6,9.764958987943828
arguana,hamming_cosine_int8,Hamming + Cosine (int8),test-economy-eptpghdtre-pro02a,7,9.832167066633701
arguana,hamming_cosine_int8,Hamming + Cosine (int8),test-economy-eptpghdtre-pro02a,8,10.011999984271824
arguana,hamming_cosine_int8,Hamming + Cosine (int8),test-economy-eptpghdtre-pro02a,9,9.784124908037484
arguana,hamming_cosine_int8,Hamming + Cosine (int8),test-culture-mthbah-pro02a,0,8.88862507417798
arguana,hamming_cosine_int8,Hamming + Cosine (int8),test-culture-mthbah-pro02a,1,8.811334031634033
arguana,hamming_cosine_int8,Hamming + Cosine (int8),test-culture-mthbah-pro02a,2,8.776042028330266
arguana,hamming_cosine_int8,Hamming + Cosine (int8),test-culture-mthbah-pro02a,3,8.741917088627815
arguana,hamming_cosine_int8,Hamming + Cosine (int8),test-culture-mthbah-pro02a,4,8.901249966584146
arguana,hamming_cosine_int8,Hamming + Cosine (int8),test-culture-mthbah-pro02a,5,9.69833298586309
arguana,hamming_cosine_int8,Hamming + Cosine (int8),test-culture-mthbah-pro02a,6,9.55695891752839
arguana,hamming_cosine_int8,Hamming + Cosine (int8),test-culture-mthbah-pro02a,7,9.296749951317906
arguana,hamming_cosine_int8,Hamming + Cosine (int8),test-culture-mthbah-pro02a,8,9.92004107683897
arguana,hamming_cosine_int8,Hamming + Cosine (int8),test-culture-mthbah-pro02a,9,9.708874975331128
arguana,hamming_cosine_int8,Hamming + Cosine (int8),test-international-amehbuaisji-con04a,0,11.552500072866678
arguana,hamming_cosine_int8,Hamming + Cosine (int8),test-international-amehbuaisji-con04a,1,11.71833393163979
arguana,hamming_cosine_int8,Hamming + Cosine (int8),test-international-amehbuaisji-con04a,2,11.359625030308962
arguana,hamming_cosine_int8,Hamming + Cosine (int8),test-international-amehbuaisji-con04a,3,11.298790923319757
arguana,hamming_cosine_int8,Hamming + Cosine (int8),test-international-amehbuaisji-con04a,4,11.529042036272585
arguana,hamming_cosine_int8,Hamming + Cosine (int8),test-international-amehbuaisji-con04a,5,11.515667079947889
arguana,hamming_cosine_int8,Hamming + Cosine (int8),test-international-amehbuaisji-con04a,6,11.31854101549834
arguana,hamming_cosine_int8,Hamming + Cosine (int8),test-international-amehbuaisji-con04a,7,11.324624996632338
arguana,hamming_cosine_int8,Hamming + Cosine (int8),test-international-amehbuaisji-con04a,8,11.240541934967041
arguana,hamming_cosine_int8,Hamming + Cosine (int8),test-international-amehbuaisji-con04a,9,11.366125079803169
arguana,hamming_cosine_int8,Hamming + Cosine (int8),test-health-hgwhwbjfs-pro03a,0,9.670458035543561
arguana,hamming_cosine_int8,Hamming + Cosine (int8),test-health-hgwhwbjfs-pro03a,1,9.637041948735714
arguana,hamming_cosine_int8,Hamming + Cosine (int8),test-health-hgwhwbjfs-pro03a,2,9.503249893896282
arguana,hamming_cosine_int8,Hamming + Cosine (int8),test-health-hgwhwbjfs-pro03a,3,9.823875036090612
arguana,hamming_cosine_int8,Hamming + Cosine (int8),test-health-hgwhwbjfs-pro03a,4,9.833417017944157
arguana,hamming_cosine_int8,Hamming + Cosine (int8),test-health-hgwhwbjfs-pro03a,5,9.691957966424525
arguana,hamming_cosine_int8,Hamming + Cosine (int8),test-health-hgwhwbjfs-pro03a,6,9.629167034290731
arguana,hamming_cosine_int8,Hamming + Cosine (int8),test-health-hgwhwbjfs-pro03a,7,9.574249968864024
arguana,hamming_cosine_int8,Hamming + Cosine (int8),test-health-hgwhwbjfs-pro03a,8,9.513249970041215
arguana,hamming_cosine_int8,Hamming + Cosine (int8),test-health-hgwhwbjfs-pro03a,9,9.533459087833762
arguana,hamming_cosine_int8,Hamming + Cosine (int8),test-health-dhghwapgd-con01a,0,9.774541016668081
arguana,hamming_cosine_int8,Hamming + Cosine (int8),test-health-dhghwapgd-con01a,1,9.740125038661063
arguana,hamming_cosine_int8,Hamming + Cosine (int8),test-health-dhghwapgd-con01a,2,10.406375047750771
arguana,hamming_cosine_int8,Hamming + Cosine (int8),test-health-dhghwapgd-con01a,3,9.687667014077306
arguana,hamming_cosine_int8,Hamming + Cosine (int8),test-health-dhghwapgd-con01a,4,9.790332987904549
arguana,hamming_cosine_int8,Hamming + Cosine (int8),test-health-dhghwapgd-con01a,5,9.817000012844801
arguana,hamming_cosine_int8,Hamming + Cosine (int8),test-health-dhghwapgd-con01a,6,9.675667039118707
arguana,hamming_cosine_int8,Hamming + Cosine (int8),test-health-dhghwapgd-con01a,7,9.705625008791685
arguana,hamming_cosine_int8,Hamming + Cosine (int8),test-health-dhghwapgd-con01a,8,9.69254202209413
arguana,hamming_cosine_int8,Hamming + Cosine (int8),test-health-dhghwapgd-con01a,9,9.730499936267734
arguana,hamming_cosine_int8,Hamming + Cosine (int8),test-education-pstrgsehwt-pro03a,0,12.896833941340446
arguana,hamming_cosine_int8,Hamming + Cosine (int8),test-education-pstrgsehwt-pro03a,1,12.951917015016079
arguana,hamming_cosine_int8,Hamming + Cosine (int8),test-education-pstrgsehwt-pro03a,2,12.933666934259236
arguana,hamming_cosine_int8,Hamming + Cosine (int8),test-education-pstrgsehwt-pro03a,3,12.818582938052714
arguana,hamming_cosine_int8,Hamming + Cosine (int8),test-education-pstrgsehwt-pro03a,4,12.880792026408017
arguana,hamming_cosine_int8,Hamming + Cosine (int8),test-education-pstrgsehwt-pro03a,5,12.763750040903687
arguana,hamming_cosine_int8,Hamming + Cosine (int8),test-education-pstrgsehwt-pro03a,6,12.760500074364245
arguana,hamming_cosine_int8,Hamming + Cosine (int8),test-education-pstrgsehwt-pro03a,7,13.56554205995053
arguana,hamming_cosine_int8,Hamming + Cosine (int8),test-education-pstrgsehwt-pro03a,8,14.147167094051838
arguana,hamming_cosine_int8,Hamming + Cosine (int8),test-education-pstrgsehwt-pro03a,9,14.083540998399258
arguana,hamming_cosine_int8,Hamming + Cosine (int8),test-economy-epiasghbf-con01a,0,10.710250004194677
arguana,hamming_cosine_int8,Hamming + Cosine (int8),test-economy-epiasghbf-con01a,1,10.765957995317876
arguana,hamming_cosine_int8,Hamming + Cosine (int8),test-economy-epiasghbf-con01a,2,10.537624941207469
arguana,hamming_cosine_int8,Hamming + Cosine (int8),test-economy-epiasghbf-con01a,3,10.521791060455143
arguana,hamming_cosine_int8,Hamming + Cosine (int8),test-economy-epiasghbf-con01a,4,10.6862080283463
arguana,hamming_cosine_int8,Hamming + Cosine (int8),test-economy-epiasghbf-con01a,5,10.43512497562915
arguana,hamming_cosine_int8,Hamming + Cosine (int8),test-economy-epiasghbf-con01a,6,10.585875017568469
arguana,hamming_cosine_int8,Hamming + Cosine (int8),test-economy-epiasghbf-con01a,7,10.563875082880259
arguana,hamming_cosine_int8,Hamming + Cosine (int8),test-economy-epiasghbf-con01a,8,10.630665929056704
arguana,hamming_cosine_int8,Hamming + Cosine (int8),test-economy-epiasghbf-con01a,9,10.652000084519386
arguana,hamming_cosine_int8,Hamming + Cosine (int8),test-sport-otshwbe2uuyt-con03a,0,10.005542077124119
arguana,hamming_cosine_int8,Hamming + Cosine (int8),test-sport-otshwbe2uuyt-con03a,1,9.995458996854722
arguana,hamming_cosine_int8,Hamming + Cosine (int8),test-sport-otshwbe2uuyt-con03a,2,9.920791955664754
arguana,hamming_cosine_int8,Hamming + Cosine (int8),test-sport-otshwbe2uuyt-con03a,3,10.064167086966336
arguana,hamming_cosine_int8,Hamming + Cosine (int8),test-sport-otshwbe2uuyt-con03a,4,9.94466699194163
arguana,hamming_cosine_int8,Hamming + Cosine (int8),test-sport-otshwbe2uuyt-con03a,5,10.036375024355948
arguana,hamming_cosine_int8,Hamming + Cosine (int8),test-sport-otshwbe2uuyt-con03a,6,10.142415994778275
arguana,hamming_cosine_int8,Hamming + Cosine (int8),test-sport-otshwbe2uuyt-con03a,7,9.876125026494265
arguana,hamming_cosine_int8,Hamming + Cosine (int8),test-sport-otshwbe2uuyt-con03a,8,10.062334011308849
arguana,hamming_cosine_int8,Hamming + Cosine (int8),test-sport-otshwbe2uuyt-con03a,9,9.970084065571427
arguana,hamming_cosine_int8,Hamming + Cosine (int8),test-politics-gvhbhlsbr-con04a,0,9.446875075809658
arguana,hamming_cosine_int8,Hamming + Cosine (int8),test-politics-gvhbhlsbr-con04a,1,9.850165923126042
arguana,hamming_cosine_int8,Hamming + Cosine (int8),test-politics-gvhbhlsbr-con04a,2,9.476708946749568
arguana,hamming_cosine_int8,Hamming + Cosine (int8),test-politics-gvhbhlsbr-con04a,3,9.10091691184789
arguana,hamming_cosine_int8,Hamming + Cosine (int8),test-politics-gvhbhlsbr-con04a,4,9.203042020089924
arguana,hamming_cosine_int8,Hamming + Cosine (int8),test-politics-gvhbhlsbr-con04a,5,8.819333044812083
arguana,hamming_cosine_int8,Hamming + Cosine (int8),test-politics-gvhbhlsbr-con04a,6,8.721375023014843
arguana,hamming_cosine_int8,Hamming + Cosine (int8),test-politics-gvhbhlsbr-con04a,7,8.640916086733341
arguana,hamming_cosine_int8,Hamming + Cosine (int8),test-politics-gvhbhlsbr-con04a,8,8.830541977658868
arguana,hamming_cosine_int8,Hamming + Cosine (int8),test-politics-gvhbhlsbr-con04a,9,7.934957975521684
arguana,hamming_cosine_float,Hamming + Cosine (float),test-science-wsihwclscaaw-con01a,0,39.31699995882809
arguana,hamming_cosine_float,Hamming + Cosine (float),test-science-wsihwclscaaw-con01a,1,40.61104194261134
arguana,hamming_cosine_float,Hamming + Cosine (float),test-science-wsihwclscaaw-con01a,2,39.22475001309067
arguana,hamming_cosine_float,Hamming + Cosine (float),test-science-wsihwclscaaw-con01a,3,38.46291603986174
arguana,hamming_cosine_float,Hamming + Cosine (float),test-science-wsihwclscaaw-con01a,4,38.295417092740536
arguana,hamming_cosine_float,Hamming + Cosine (float),test-science-wsihwclscaaw-con01a,5,38.27245801221579
arguana,hamming_cosine_float,Hamming + Cosine (float),test-science-wsihwclscaaw-con01a,6,38.379917037673295
arguana,hamming_cosine_float,Hamming + Cosine (float),test-science-wsihwclscaaw-con01a,7,38.28870796132833
arguana,hamming_cosine_float,Hamming + Cosine (float),test-science-wsihwclscaaw-con01a,8,38.67379098664969
arguana,hamming_cosine_float,Hamming + Cosine (float),test-science-wsihwclscaaw-con01a,9,38.21904107462615
arguana,hamming_cosine_float,Hamming + Cosine (float),test-economy-eptpghdtre-pro02a,0,39.47462502401322
arguana,hamming_cosine_float,Hamming + Cosine (float),test-economy-eptpghdtre-pro02a,1,38.700500037521124
arguana,hamming_cosine_float,Hamming + Cosine (float),test-economy-eptpghdtre-pro02a,2,39.244750048965216
arguana,hamming_cosine_float,Hamming + Cosine (float),test-economy-eptpghdtre-pro02a,3,39.362333016470075
arguana,hamming_cosine_float,Hamming + Cosine (float),test-economy-eptpghdtre-pro02a,4,39.099832996726036
arguana,hamming_cosine_float,Hamming + Cosine (float),test-economy-eptpghdtre-pro02a,5,38.795041968114674
arguana,hamming_cosine_float,Hamming + Cosine (float),test-economy-eptpghdtre-pro02a,6,38.83304202463478
arguana,hamming_cosine_float,Hamming + Cosine (float),test-economy-eptpghdtre-pro02a,7,38.751709042117
arguana,hamming_cosine_float,Hamming + Cosine (float),test-economy-eptpghdtre-pro02a,8,38.641916937194765
arguana,hamming_cosine_float,Hamming + Cosine (float),test-economy-eptpghdtre-pro02a,9,38.64200005773455
arguana,hamming_cosine_float,Hamming + Cosine (float),test-culture-mthbah-pro02a,0,38.05237507913262
arguana,hamming_cosine_float,Hamming + Cosine (float),test-culture-mthbah-pro02a,1,37.97279205173254
arguana,hamming_cosine_float,Hamming + Cosine (float),test-culture-mthbah-pro02a,2,37.90487500373274
arguana,hamming_cosine_float,Hamming + Cosine (float),test-culture-mthbah-pro02a,3,38.23087504133582
arguana,hamming_cosine_float,Hamming + Cosine (float),test-culture-mthbah-pro02a,4,38.066042005084455
arguana,hamming_cosine_float,Hamming + Cosine (float),test-culture-mthbah-pro02a,5,38.052332936786115
arguana,hamming_cosine_float,Hamming + Cosine (float),test-culture-mthbah-pro02a,6,40.729291969910264
arguana,hamming_cosine_float,Hamming + Cosine (float),test-culture-mthbah-pro02a,7,37.94175002258271
arguana,hamming_cosine_float,Hamming + Cosine (float),test-culture-mthbah-pro02a,8,37.973999977111816
arguana,hamming_cosine_float,Hamming + Cosine (float),test-culture-mthbah-pro02a,9,37.88541699759662
arguana,hamming_cosine_float,Hamming + Cosine (float),test-international-amehbuaisji-con04a,0,39.227208006195724
arguana,hamming_cosine_float,Hamming + Cosine (float),test-international-amehbuaisji-con04a,1,39.40975002478808
arguana,hamming_cosine_float,Hamming + Cosine (float),test-international-amehbuaisji-con04a,2,38.611500058323145
arguana,hamming_cosine_float,Hamming + Cosine (float),test-international-amehbuaisji-con04a,3,38.61795796547085
arguana,hamming_cosine_float,Hamming + Cosine (float),test-international-amehbuaisji-con04a,4,39.160207961685956
arguana,hamming_cosine_float,Hamming + Cosine (float),test-international-amehbuaisji-con04a,5,38.52908394765109
arguana,hamming_cosine_float,Hamming + Cosine (float),test-international-amehbuaisji-con04a,6,38.752458058297634
arguana,hamming_cosine_float,Hamming + Cosine (float),test-international-amehbuaisji-con04a,7,40.02025001682341
arguana,hamming_cosine_float,Hamming + Cosine (float),test-international-amehbuaisji-con04a,8,39.09691597800702
arguana,hamming_cosine_float,Hamming + Cosine (float),test-international-amehbuaisji-con04a,9,38.84891699999571
arguana,hamming_cosine_float,Hamming + Cosine (float),test-health-hgwhwbjfs-pro03a,0,37.77137491852045
arguana,hamming_cosine_float,Hamming + Cosine (float),test-health-hgwhwbjfs-pro03a,1,37.520957994274795
arguana,hamming_cosine_float,Hamming + Cosine (float),test-health-hgwhwbjfs-pro03a,2,37.48445806559175
arguana,hamming_cosine_float,Hamming + Cosine (float),test-health-hgwhwbjfs-pro03a,3,37.52437501680106
arguana,hamming_cosine_float,Hamming + Cosine (float),test-health-hgwhwbjfs-pro03a,4,37.68733306787908
arguana,hamming_cosine_float,Hamming + Cosine (float),test-health-hgwhwbjfs-pro03a,5,37.496458971872926
arguana,hamming_cosine_float,Hamming + Cosine (float),test-health-hgwhwbjfs-pro03a,6,37.55958401598036
arguana,hamming_cosine_float,Hamming + Cosine (float),test-health-hgwhwbjfs-pro03a,7,37.57391695398837
arguana,hamming_cosine_float,Hamming + Cosine (float),test-health-hgwhwbjfs-pro03a,8,37.63908299151808
arguana,hamming_cosine_float,Hamming + Cosine (float),test-health-hgwhwbjfs-pro03a,9,37.63395803980529
arguana,hamming_cosine_float,Hamming + Cosine (float),test-health-dhghwapgd-con01a,0,38.742333999834955
arguana,hamming_cosine_float,Hamming + Cosine (float),test-health-dhghwapgd-con01a,1,37.87091700360179
arguana,hamming_cosine_float,Hamming + Cosine (float),test-health-dhghwapgd-con01a,2,37.81058394815773
arguana,hamming_cosine_float,Hamming + Cosine (float),test-health-dhghwapgd-con01a,3,37.822249927558005
arguana,hamming_cosine_float,Hamming + Cosine (float),test-health-dhghwapgd-con01a,4,37.86725003737956
arguana,hamming_cosine_float,Hamming + Cosine (float),test-health-dhghwapgd-con01a,5,37.80933399684727
arguana,hamming_cosine_float,Hamming + Cosine (float),test-health-dhghwapgd-con01a,6,38.50316698662937
arguana,hamming_cosine_float,Hamming + Cosine (float),test-health-dhghwapgd-con01a,7,37.69979195203632
arguana,hamming_cosine_float,Hamming + Cosine (float),test-health-dhghwapgd-con01a,8,38.31091697793454
arguana,hamming_cosine_float,Hamming + Cosine (float),test-health-dhghwapgd-con01a,9,41.15075001027435
arguana,hamming_cosine_float,Hamming + Cosine (float),test-education-pstrgsehwt-pro03a,0,40.523292031139135
arguana,hamming_cosine_float,Hamming + Cosine (float),test-education-pstrgsehwt-pro03a,1,40.20904202479869
arguana,hamming_cosine_float,Hamming + Cosine (float),test-education-pstrgsehwt-pro03a,2,41.8127499287948
arguana,hamming_cosine_float,Hamming + Cosine (float),test-education-pstrgsehwt-pro03a,3,41.69774998445064
arguana,hamming_cosine_float,Hamming + Cosine (float),test-education-pstrgsehwt-pro03a,4,41.22233297675848
arguana,hamming_cosine_float,Hamming + Cosine (float),test-education-pstrgsehwt-pro03a,5,41.36920801829547
arguana,hamming_cosine_float,Hamming + Cosine (float),test-education-pstrgsehwt-pro03a,6,41.39216698240489
arguana,hamming_cosine_float,Hamming + Cosine (float),test-education-pstrgsehwt-pro03a,7,41.40858305618167
arguana,hamming_cosine_float,Hamming + Cosine (float),test-education-pstrgsehwt-pro03a,8,41.43837501760572
arguana,hamming_cosine_float,Hamming + Cosine (float),test-education-pstrgsehwt-pro03a,9,41.366249904967844
arguana,hamming_cosine_float,Hamming + Cosine (float),test-economy-epiasghbf-con01a,0,39.19224999845028
arguana,hamming_cosine_float,Hamming + Cosine (float),test-economy-epiasghbf-con01a,1,38.149749976582825
arguana,hamming_cosine_float,Hamming + Cosine (float),test-economy-epiasghbf-con01a,2,38.014958961866796
arguana,hamming_cosine_float,Hamming + Cosine (float),test-economy-epiasghbf-con01a,3,38.3169159758836
arguana,hamming_cosine_float,Hamming + Cosine (float),test-economy-epiasghbf-con01a,4,38.45879097934812
arguana,hamming_cosine_float,Hamming + Cosine (float),test-economy-epiasghbf-con01a,5,38.50737493485212
arguana,hamming_cosine_float,Hamming + Cosine (float),test-economy-epiasghbf-con01a,6,38.52912492584437
arguana,hamming_cosine_float,Hamming + Cosine (float),test-economy-epiasghbf-con01a,7,38.06837496813387
arguana,hamming_cosine_float,Hamming + Cosine (float),test-economy-epiasghbf-con01a,8,38.06325001642108
arguana,hamming_cosine_float,Hamming + Cosine (float),test-economy-epiasghbf-con01a,9,38.06745901238173
arguana,hamming_cosine_float,Hamming + Cosine (float),test-sport-otshwbe2uuyt-con03a,0,37.54229098558426
arguana,hamming_cosine_float,Hamming + Cosine (float),test-sport-otshwbe2uuyt-con03a,1,37.92108397465199
arguana,hamming_cosine_float,Hamming + Cosine (float),test-sport-otshwbe2uuyt-con03a,2,38.915749988518655
arguana,hamming_cosine_float,Hamming + Cosine (float),test-sport-otshwbe2uuyt-con03a,3,37.653750041499734
arguana,hamming_cosine_float,Hamming + Cosine (float),test-sport-otshwbe2uuyt-con03a,4,37.68908302299678
arguana,hamming_cosine_float,Hamming + Cosine (float),test-sport-otshwbe2uuyt-con03a,5,37.720417021773756
arguana,hamming_cosine_float,Hamming + Cosine (float),test-sport-otshwbe2uuyt-con03a,6,38.267333060503006
arguana,hamming_cosine_float,Hamming + Cosine (float),test-sport-otshwbe2uuyt-con03a,7,38.07620902080089
arguana,hamming_cosine_float,Hamming + Cosine (float),test-sport-otshwbe2uuyt-con03a,8,38.211458013392985
arguana,hamming_cosine_float,Hamming + Cosine (float),test-sport-otshwbe2uuyt-con03a,9,37.74070902727544
arguana,hamming_cosine_float,Hamming + Cosine (float),test-politics-gvhbhlsbr-con04a,0,37.40920894779265
arguana,hamming_cosine_float,Hamming + Cosine (float),test-politics-gvhbhlsbr-con04a,1,37.379333982244134
arguana,hamming_cosine_float,Hamming + Cosine (float),test-politics-gvhbhlsbr-con04a,2,37.30783401988447
arguana,hamming_cosine_float,Hamming + Cosine (float),test-politics-gvhbhlsbr-con04a,3,37.42266702465713
arguana,hamming_cosine_float,Hamming + Cosine (float),test-politics-gvhbhlsbr-con04a,4,37.55329200066626
arguana,hamming_cosine_float,Hamming + Cosine (float),test-politics-gvhbhlsbr-con04a,5,37.920541944913566
arguana,hamming_cosine_float,Hamming + Cosine (float),test-politics-gvhbhlsbr-con04a,6,38.6338330572471
arguana,hamming_cosine_float,Hamming + Cosine (float),test-politics-gvhbhlsbr-con04a,7,38.70891698170453
arguana,hamming_cosine_float,Hamming + Cosine (float),test-politics-gvhbhlsbr-con04a,8,38.92299998551607
arguana,hamming_cosine_float,Hamming + Cosine (float),test-politics-gvhbhlsbr-con04a,9,38.741250056773424
arguana,cosine_int8,Cosine (int8),test-science-wsihwclscaaw-con01a,0,39.81795802246779
arguana,cosine_int8,Cosine (int8),test-science-wsihwclscaaw-con01a,1,40.79254204407334
arguana,cosine_int8,Cosine (int8),test-science-wsihwclscaaw-con01a,2,40.64708296209574
arguana,cosine_int8,Cosine (int8),test-science-wsihwclscaaw-con01a,3,40.60125001706183
arguana,cosine_int8,Cosine (int8),test-science-wsihwclscaaw-con01a,4,40.584375034086406
arguana,cosine_int8,Cosine (int8),test-science-wsihwclscaaw-con01a,5,40.791083010844886
arguana,cosine_int8,Cosine (int8),test-science-wsihwclscaaw-con01a,6,40.586791932582855
arguana,cosine_int8,Cosine (int8),test-science-wsihwclscaaw-con01a,7,39.19733304064721
arguana,cosine_int8,Cosine (int8),test-science-wsihwclscaaw-con01a,8,40.28974997345358
arguana,cosine_int8,Cosine (int8),test-science-wsihwclscaaw-con01a,9,40.657542063854635
arguana,cosine_int8,Cosine (int8),test-economy-eptpghdtre-pro02a,0,41.55479103792459
arguana,cosine_int8,Cosine (int8),test-economy-eptpghdtre-pro02a,1,41.27916693687439
arguana,cosine_int8,Cosine (int8),test-economy-eptpghdtre-pro02a,2,40.47524998895824
arguana,cosine_int8,Cosine (int8),test-economy-eptpghdtre-pro02a,3,40.24612496141344
arguana,cosine_int8,Cosine (int8),test-economy-eptpghdtre-pro02a,4,39.92708295118064
arguana,cosine_int8,Cosine (int8),test-economy-eptpghdtre-pro02a,5,40.38412508089095
arguana,cosine_int8,Cosine (int8),test-economy-eptpghdtre-pro02a,6,41.120458976365626
arguana,cosine_int8,Cosine (int8),test-economy-eptpghdtre-pro02a,7,41.46854195278138
arguana,cosine_int8,Cosine (int8),test-economy-eptpghdtre-pro02a,8,42.08712500985712
arguana,cosine_int8,Cosine (int8),test-economy-eptpghdtre-pro02a,9,41.446249932050705
arguana,cosine_int8,Cosine (int8),test-culture-mthbah-pro02a,0,40.4751249589026
arguana,cosine_int8,Cosine (int8),test-culture-mthbah-pro02a,1,40.490209008567035
arguana,cosine_int8,Cosine (int8),test-culture-mthbah-pro02a,2,40.29483406338841
arguana,cosine_int8,Cosine (int8),test-culture-mthbah-pro02a,3,38.6367499595508
arguana,cosine_int8,Cosine (int8),test-culture-mthbah-pro02a,4,38.740457966923714
arguana,cosine_int8,Cosine (int8),test-culture-mthbah-pro02a,5,38.75675005838275
arguana,cosine_int8,Cosine (int8),test-culture-mthbah-pro02a,6,38.66266703698784
arguana,cosine_int8,Cosine (int8),test-culture-mthbah-pro02a,7,38.66795904468745
arguana,cosine_int8,Cosine (int8),test-culture-mthbah-pro02a,8,38.74800004996359
arguana,cosine_int8,Cosine (int8),test-culture-mthbah-pro02a,9,38.79095800220966
arguana,cosine_int8,Cosine (int8),test-international-amehbuaisji-con04a,0,41.11612495034933
arguana,cosine_int8,Cosine (int8),test-international-amehbuaisji-con04a,1,40.430249995552
arguana,cosine_int8,Cosine (int8),test-international-amehbuaisji-con04a,2,40.33737501595169
arguana,cosine_int8,Cosine (int8),test-international-amehbuaisji-con04a,3,40.40691698901355
arguana,cosine_int8,Cosine (int8),test-international-amehbuaisji-con04a,4,40.04995804280043
arguana,cosine_int8,Cosine (int8),test-international-amehbuaisji-con04a,5,39.7671670652926
arguana,cosine_int8,Cosine (int8),test-international-amehbuaisji-con04a,6,39.65045802760869
arguana,cosine_int8,Cosine (int8),test-international-amehbuaisji-con04a,7,40.22383410483599
arguana,cosine_int8,Cosine (int8),test-international-amehbuaisji-con04a,8,41.547583998180926
arguana,cosine_int8,Cosine (int8),test-international-amehbuaisji-con04a,9,41.64874996058643
arguana,cosine_int8,Cosine (int8),test-health-hgwhwbjfs-pro03a,0,38.36129198316485
arguana,cosine_int8,Cosine (int8),test-health-hgwhwbjfs-pro03a,1,37.96641598455608
arguana,cosine_int8,Cosine (int8),test-health-hgwhwbjfs-pro03a,2,38.09512499719858
arguana,cosine_int8,Cosine (int8),test-health-hgwhwbjfs-pro03a,3,38.49979105871171
arguana,cosine_int8,Cosine (int8),test-health-hgwhwbjfs-pro03a,4,40.19850003533065
arguana,cosine_int8,Cosine (int8),test-health-hgwhwbjfs-pro03a,5,38.89137506484985
arguana,cosine_int8,Cosine (int8),test-health-hgwhwbjfs-pro03a,6,38.740625022910535
arguana,cosine_int8,Cosine (int8),test-health-hgwhwbjfs-pro03a,7,39.635624969378114
arguana,cosine_int8,Cosine (int8),test-health-hgwhwbjfs-pro03a,8,39.89637503400445
arguana,cosine_int8,Cosine (int8),test-health-hgwhwbjfs-pro03a,9,39.92512496188283
arguana,cosine_int8,Cosine (int8),test-health-dhghwapgd-con01a,0,40.39000009652227
arguana,cosine_int8,Cosine (int8),test-health-dhghwapgd-con01a,1,39.85187504440546
arguana,cosine_int8,Cosine (int8),test-health-dhghwapgd-con01a,2,38.7747089844197
arguana,cosine_int8,Cosine (int8),test-health-dhghwapgd-con01a,3,39.51483394484967
arguana,cosine_int8,Cosine (int8),test-health-dhghwapgd-con01a,4,39.84145796857774
arguana,cosine_int8,Cosine (int8),test-health-dhghwapgd-con01a,5,39.82941701542586
arguana,cosine_int8,Cosine (int8),test-health-dhghwapgd-con01a,6,39.98912509996444
arguana,cosine_int8,Cosine (int8),test-health-dhghwapgd-con01a,7,40.25291698053479
arguana,cosine_int8,Cosine (int8),test-health-dhghwapgd-con01a,8,40.327792055904865
arguana,cosine_int8,Cosine (int8),test-health-dhghwapgd-con01a,9,39.8643339285627
arguana,cosine_int8,Cosine (int8),test-education-pstrgsehwt-pro03a,0,42.27308393456042
arguana,cosine_int8,Cosine (int8),test-education-pstrgsehwt-pro03a,1,42.776625021360815
arguana,cosine_int8,Cosine (int8),test-education-pstrgsehwt-pro03a,2,42.87808295339346
arguana,cosine_int8,Cosine (int8),test-education-pstrgsehwt-pro03a,3,41.37991706375033
arguana,cosine_int8,Cosine (int8),test-education-pstrgsehwt-pro03a,4,41.47287493105978
arguana,cosine_int8,Cosine (int8),test-education-pstrgsehwt-pro03a,5,41.57258302439004
arguana,cosine_int8,Cosine (int8),test-education-pstrgsehwt-pro03a,6,41.80004098452628
arguana,cosine_int8,Cosine (int8),test-education-pstrgsehwt-pro03a,7,41.635582922026515
arguana,cosine_int8,Cosine (int8),test-education-pstrgsehwt-pro03a,8,42.083124979399145
arguana,cosine_int8,Cosine (int8),test-education-pstrgsehwt-pro03a,9,43.71895897202194
arguana,cosine_int8,Cosine (int8),test-economy-epiasghbf-con01a,0,40.44220794457942
arguana,cosine_int8,Cosine (int8),test-economy-epiasghbf-con01a,1,40.50279199145734
arguana,cosine_int8,Cosine (int8),test-economy-epiasghbf-con01a,2,40.4812500346452
arguana,cosine_int8,Cosine (int8),test-economy-epiasghbf-con01a,3,40.5493329744786
arguana,cosine_int8,Cosine (int8),test-economy-epiasghbf-con01a,4,39.638624992221594
arguana,cosine_int8,Cosine (int8),test-economy-epiasghbf-con01a,5,39.27066700998694
arguana,cosine_int8,Cosine (int8),test-economy-epiasghbf-con01a,6,39.27491698414087
arguana,cosine_int8,Cosine (int8),test-economy-epiasghbf-con01a,7,38.977500051259995
arguana,cosine_int8,Cosine (int8),test-economy-epiasghbf-con01a,8,38.97758398670703
arguana,cosine_int8,Cosine (int8),test-economy-epiasghbf-con01a,9,39.35570898465812
arguana,cosine_int8,Cosine (int8),test-sport-otshwbe2uuyt-con03a,0,40.525541990064085
arguana,cosine_int8,Cosine (int8),test-sport-otshwbe2uuyt-con03a,1,40.7544580521062
arguana,cosine_int8,Cosine (int8),test-sport-otshwbe2uuyt-con03a,2,40.96191597636789
arguana,cosine_int8,Cosine (int8),test-sport-otshwbe2uuyt-con03a,3,41.084667085669935
arguana,cosine_int8,Cosine (int8),test-sport-otshwbe2uuyt-con03a,4,41.342042037285864
arguana,cosine_int8,Cosine (int8),test-sport-otshwbe2uuyt-con03a,5,40.10787501465529
arguana,cosine_int8,Cosine (int8),test-sport-otshwbe2uuyt-con03a,6,38.648457964882255
arguana,cosine_int8,Cosine (int8),test-sport-otshwbe2uuyt-con03a,7,38.529957993887365
arguana,cosine_int8,Cosine (int8),test-sport-otshwbe2uuyt-con03a,8,38.60274993348867
arguana,cosine_int8,Cosine (int8),test-sport-otshwbe2uuyt-con03a,9,38.68670808151364
arguana,cosine_int8,Cosine (int8),test-politics-gvhbhlsbr-con04a,0,39.407834061421454
arguana,cosine_int8,Cosine (int8),test-politics-gvhbhlsbr-con04a,1,38.39529096148908
arguana,cosine_int8,Cosine (int8),test-politics-gvhbhlsbr-con04a,2,38.25958294328302
arguana,cosine_int8,Cosine (int8),test-politics-gvhbhlsbr-con04a,3,38.286208058707416
arguana,cosine_int8,Cosine (int8),test-politics-gvhbhlsbr-con04a,4,38.40075002517551
arguana,cosine_int8,Cosine (int8),test-politics-gvhbhlsbr-con04a,5,38.37149997707456
arguana,cosine_int8,Cosine (int8),test-politics-gvhbhlsbr-con04a,6,38.40779198799282
arguana,cosine_int8,Cosine (int8),test-politics-gvhbhlsbr-con04a,7,38.53787505067885
arguana,cosine_int8,Cosine (int8),test-politics-gvhbhlsbr-con04a,8,38.471083040349185
arguana,cosine_int8,Cosine (int8),test-politics-gvhbhlsbr-con04a,9,38.49708300549537
arguana,cosine_int8_float,Cosine (int8) + Cosine (float),test-science-wsihwclscaaw-con01a,0,76.90979191102087
arguana,cosine_int8_float,Cosine (int8) + Cosine (float),test-science-wsihwclscaaw-con01a,1,76.03341701906174
arguana,cosine_int8_float,Cosine (int8) + Cosine (float),test-science-wsihwclscaaw-con01a,2,75.67512500099838
arguana,cosine_int8_float,Cosine (int8) + Cosine (float),test-science-wsihwclscaaw-con01a,3,75.5682080052793
arguana,cosine_int8_float,Cosine (int8) + Cosine (float),test-science-wsihwclscaaw-con01a,4,75.54391701705754
arguana,cosine_int8_float,Cosine (int8) + Cosine (float),test-science-wsihwclscaaw-con01a,5,76.38895802665502
arguana,cosine_int8_float,Cosine (int8) + Cosine (float),test-science-wsihwclscaaw-con01a,6,77.07208301872015
arguana,cosine_int8_float,Cosine (int8) + Cosine (float),test-science-wsihwclscaaw-con01a,7,76.21995906811208
arguana,cosine_int8_float,Cosine (int8) + Cosine (float),test-science-wsihwclscaaw-con01a,8,76.33341697510332
arguana,cosine_int8_float,Cosine (int8) + Cosine (float),test-science-wsihwclscaaw-con01a,9,77.14762503746897
arguana,cosine_int8_float,Cosine (int8) + Cosine (float),test-economy-eptpghdtre-pro02a,0,76.55016693752259
arguana,cosine_int8_float,Cosine (int8) + Cosine (float),test-economy-eptpghdtre-pro02a,1,78.84220802225173
arguana,cosine_int8_float,Cosine (int8) + Cosine (float),test-economy-eptpghdtre-pro02a,2,78.10370798688382
arguana,cosine_int8_float,Cosine (int8) + Cosine (float),test-economy-eptpghdtre-pro02a,3,77.57691701408476
arguana,cosine_int8_float,Cosine (int8) + Cosine (float),test-economy-eptpghdtre-pro02a,4,79.81904107145965
arguana,cosine_int8_float,Cosine (int8) + Cosine (float),test-economy-eptpghdtre-pro02a,5,77.17795798089355
arguana,cosine_int8_float,Cosine (int8) + Cosine (float),test-economy-eptpghdtre-pro02a,6,75.95641701482236
arguana,cosine_int8_float,Cosine (int8) + Cosine (float),test-economy-eptpghdtre-pro02a,7,75.90099994558841
arguana,cosine_int8_float,Cosine (int8) + Cosine (float),test-economy-eptpghdtre-pro02a,8,75.73891605716199
arguana,cosine_int8_float,Cosine (int8) + Cosine (float),test-economy-eptpghdtre-pro02a,9,77.51004199963063
arguana,cosine_int8_float,Cosine (int8) + Cosine (float),test-culture-mthbah-pro02a,0,75.23379195481539
arguana,cosine_int8_float,Cosine (int8) + Cosine (float),test-culture-mthbah-pro02a,1,76.64245797786862
arguana,cosine_int8_float,Cosine (int8) + Cosine (float),test-culture-mthbah-pro02a,2,76.06983301229775
arguana,cosine_int8_float,Cosine (int8) + Cosine (float),test-culture-mthbah-pro02a,3,77.01099989935756
arguana,cosine_int8_float,Cosine (int8) + Cosine (float),test-culture-mthbah-pro02a,4,75.96191694028676
arguana,cosine_int8_float,Cosine (int8) + Cosine (float),test-culture-mthbah-pro02a,5,75.91966690961272
arguana,cosine_int8_float,Cosine (int8) + Cosine (float),test-culture-mthbah-pro02a,6,76.17808296345174
arguana,cosine_int8_float,Cosine (int8) + Cosine (float),test-culture-mthbah-pro02a,7,76.36304199695587
arguana,cosine_int8_float,Cosine (int8) + Cosine (float),test-culture-mthbah-pro02a,8,76.10266690608114
arguana,cosine_int8_float,Cosine (int8) + Cosine (float),test-culture-mthbah-pro02a,9,77.15133402962238
arguana,cosine_int8_float,Cosine (int8) + Cosine (float),test-international-amehbuaisji-con04a,0,77.72649999242276
arguana,cosine_int8_float,Cosine (int8) + Cosine (float),test-international-amehbuaisji-con04a,1,77.0835829898715
arguana,cosine_int8_float,Cosine (int8) + Cosine (float),test-international-amehbuaisji-con04a,2,76.52700005564839
arguana,cosine_int8_float,Cosine (int8) + Cosine (float),test-international-amehbuaisji-con04a,3,80.89245797600597
arguana,cosine_int8_float,Cosine (int8) + Cosine (float),test-international-amehbuaisji-con04a,4,78.7816250231117
arguana,cosine_int8_float,Cosine (int8) + Cosine (float),test-international-amehbuaisji-con04a,5,79.45783389732242
arguana,cosine_int8_float,Cosine (int8) + Cosine (float),test-international-amehbuaisji-con04a,6,77.52391602844
arguana,cosine_int8_float,Cosine (int8) + Cosine (float),test-international-amehbuaisji-con04a,7,77.4144580354914
arguana,cosine_int8_float,Cosine (int8) + Cosine (float),test-international-amehbuaisji-con04a,8,79.05787497293204
arguana,cosine_int8_float,Cosine (int8) + Cosine (float),test-international-amehbuaisji-con04a,9,78.98949994705617
arguana,cosine_int8_float,Cosine (int8) + Cosine (float),test-health-hgwhwbjfs-pro03a,0,76.21387497056276
arguana,cosine_int8_float,Cosine (int8) + Cosine (float),test-health-hgwhwbjfs-pro03a,1,76.28804200794548
arguana,cosine_int8_float,Cosine (int8) + Cosine (float),test-health-hgwhwbjfs-pro03a,2,77.23245804663748
arguana,cosine_int8_float,Cosine (int8) + Cosine (float),test-health-hgwhwbjfs-pro03a,3,77.24524999503046
arguana,cosine_int8_float,Cosine (int8) + Cosine (float),test-health-hgwhwbjfs-pro03a,4,75.51654195412993
arguana,cosine_int8_float,Cosine (int8) + Cosine (float),test-health-hgwhwbjfs-pro03a,5,75.61308308504522
arguana,cosine_int8_float,Cosine (int8) + Cosine (float),test-health-hgwhwbjfs-pro03a,6,78.8792910752818
arguana,cosine_int8_float,Cosine (int8) + Cosine (float),test-health-hgwhwbjfs-pro03a,7,79.89033404737711
arguana,cosine_int8_float,Cosine (int8) + Cosine (float),test-health-hgwhwbjfs-pro03a,8,77.78858405072242
arguana,cosine_int8_float,Cosine (int8) + Cosine (float),test-health-hgwhwbjfs-pro03a,9,76.00170897785574
arguana,cosine_int8_float,Cosine (int8) + Cosine (float),test-health-dhghwapgd-con01a,0,75.92670805752277
arguana,cosine_int8_float,Cosine (int8) + Cosine (float),test-health-dhghwapgd-con01a,1,75.75933402404189
arguana,cosine_int8_float,Cosine (int8) + Cosine (float),test-health-dhghwapgd-con01a,2,76.91641605924815
arguana,cosine_int8_float,Cosine (int8) + Cosine (float),test-health-dhghwapgd-con01a,3,77.36433297395706
arguana,cosine_int8_float,Cosine (int8) + Cosine (float),test-health-dhghwapgd-con01a,4,85.41620790492743
arguana,cosine_int8_float,Cosine (int8) + Cosine (float),test-health-dhghwapgd-con01a,5,79.19399999082088
arguana,cosine_int8_float,Cosine (int8) + Cosine (float),test-health-dhghwapgd-con01a,6,78.71641591191292
arguana,cosine_int8_float,Cosine (int8) + Cosine (float),test-health-dhghwapgd-con01a,7,77.3583329282701
arguana,cosine_int8_float,Cosine (int8) + Cosine (float),test-health-dhghwapgd-con01a,8,75.92437497805804
arguana,cosine_int8_float,Cosine (int8) + Cosine (float),test-health-dhghwapgd-con01a,9,76.25425001606345
arguana,cosine_int8_float,Cosine (int8) + Cosine (float),test-education-pstrgsehwt-pro03a,0,80.20445797592402
arguana,cosine_int8_float,Cosine (int8) + Cosine (float),test-education-pstrgsehwt-pro03a,1,78.34454206749797
arguana,cosine_int8_float,Cosine (int8) + Cosine (float),test-education-pstrgsehwt-pro03a,2,77.72387494333088
arguana,cosine_int8_float,Cosine (int8) + Cosine (float),test-education-pstrgsehwt-pro03a,3,77.50862499233335
arguana,cosine_int8_float,Cosine (int8) + Cosine (float),test-education-pstrgsehwt-pro03a,4,81.71433303505182
arguana,cosine_int8_float,Cosine (int8) + Cosine (float),test-education-pstrgsehwt-pro03a,5,80.52816695999354
arguana,cosine_int8_float,Cosine (int8) + Cosine (float),test-education-pstrgsehwt-pro03a,6,77.79741706326604
arguana,cosine_int8_float,Cosine (int8) + Cosine (float),test-education-pstrgsehwt-pro03a,7,80.23525006137788
arguana,cosine_int8_float,Cosine (int8) + Cosine (float),test-education-pstrgsehwt-pro03a,8,80.31562494579703
arguana,cosine_int8_float,Cosine (int8) + Cosine (float),test-education-pstrgsehwt-pro03a,9,79.40175000112504
arguana,cosine_int8_float,Cosine (int8) + Cosine (float),test-economy-epiasghbf-con01a,0,82.08808396011591
arguana,cosine_int8_float,Cosine (int8) + Cosine (float),test-economy-epiasghbf-con01a,1,85.14341700356454
arguana,cosine_int8_float,Cosine (int8) + Cosine (float),test-economy-epiasghbf-con01a,2,78.81062501110137
arguana,cosine_int8_float,Cosine (int8) + Cosine (float),test-economy-epiasghbf-con01a,3,79.25008400343359
arguana,cosine_int8_float,Cosine (int8) + Cosine (float),test-economy-epiasghbf-con01a,4,79.9964580219239
arguana,cosine_int8_float,Cosine (int8) + Cosine (float),test-economy-epiasghbf-con01a,5,1176.8292499473318
arguana,cosine_int8_float,Cosine (int8) + Cosine (float),test-economy-epiasghbf-con01a,6,112.79204196762294
arguana,cosine_int8_float,Cosine (int8) + Cosine (float),test-economy-epiasghbf-con01a,7,98.66020898334682
arguana,cosine_int8_float,Cosine (int8) + Cosine (float),test-economy-epiasghbf-con01a,8,98.97895797621459
arguana,cosine_int8_float,Cosine (int8) + Cosine (float),test-economy-epiasghbf-con01a,9,122.09495797287673
arguana,cosine_int8_float,Cosine (int8) + Cosine (float),test-sport-otshwbe2uuyt-con03a,0,84.07041593454778
arguana,cosine_int8_float,Cosine (int8) + Cosine (float),test-sport-otshwbe2uuyt-con03a,1,101.13299998920411
arguana,cosine_int8_float,Cosine (int8) + Cosine (float),test-sport-otshwbe2uuyt-con03a,2,81.74312498886138
arguana,cosine_int8_float,Cosine (int8) + Cosine (float),test-sport-otshwbe2uuyt-con03a,3,79.00254207197577
arguana,cosine_int8_float,Cosine (int8) + Cosine (float),test-sport-otshwbe2uuyt-con03a,4,81.26633299980313
arguana,cosine_int8_float,Cosine (int8) + Cosine (float),test-sport-otshwbe2uuyt-con03a,5,80.19329200033098
arguana,cosine_int8_float,Cosine (int8) + Cosine (float),test-sport-otshwbe2uuyt-con03a,6,80.91154205612838
arguana,cosine_int8_float,Cosine (int8) + Cosine (float),test-sport-otshwbe2uuyt-con03a,7,80.5018749088049
arguana,cosine_int8_float,Cosine (int8) + Cosine (float),test-sport-otshwbe2uuyt-con03a,8,80.4995420621708
arguana,cosine_int8_float,Cosine (int8) + Cosine (float),test-sport-otshwbe2uuyt-con03a,9,78.99991702288389
arguana,cosine_int8_float,Cosine (int8) + Cosine (float),test-politics-gvhbhlsbr-con04a,0,85.9205829910934
arguana,cosine_int8_float,Cosine (int8) + Cosine (float),test-politics-gvhbhlsbr-con04a,1,96.8352920608595
arguana,cosine_int8_float,Cosine (int8) + Cosine (float),test-politics-gvhbhlsbr-con04a,2,83.24054104741663
arguana,cosine_int8_float,Cosine (int8) + Cosine (float),test-politics-gvhbhlsbr-con04a,3,82.54812494851649
arguana,cosine_int8_float,Cosine (int8) + Cosine (float),test-politics-gvhbhlsbr-con04a,4,82.92370801791549
arguana,cosine_int8_float,Cosine (int8) + Cosine (float),test-politics-gvhbhlsbr-con04a,5,81.41016704030335
arguana,cosine_int8_float,Cosine (int8) + Cosine (float),test-politics-gvhbhlsbr-con04a,6,98.03233400452882
arguana,cosine_int8_float,Cosine (int8) + Cosine (float),test-politics-gvhbhlsbr-con04a,7,87.43641700129956
arguana,cosine_int8_float,Cosine (int8) + Cosine (float),test-politics-gvhbhlsbr-con04a,8,82.85270899068564
arguana,cosine_int8_float,Cosine (int8) + Cosine (float),test-politics-gvhbhlsbr-con04a,9,84.23970791045576
arguana,cosine_float,Cosine (float),test-science-wsihwclscaaw-con01a,0,75.03083301708102
arguana,cosine_float,Cosine (float),test-science-wsihwclscaaw-con01a,1,73.48345802165568
arguana,cosine_float,Cosine (float),test-science-wsihwclscaaw-con01a,2,72.64704199042171
arguana,cosine_float,Cosine (float),test-science-wsihwclscaaw-con01a,3,71.52291596867144
arguana,cosine_float,Cosine (float),test-science-wsihwclscaaw-con01a,4,70.63674996607006
arguana,cosine_float,Cosine (float),test-science-wsihwclscaaw-con01a,5,71.4958340395242
arguana,cosine_float,Cosine (float),test-science-wsihwclscaaw-con01a,6,71.32754207123071
arguana,cosine_float,Cosine (float),test-science-wsihwclscaaw-con01a,7,74.8964169761166
arguana,cosine_float,Cosine (float),test-science-wsihwclscaaw-con01a,8,70.51254203543067
arguana,cosine_float,Cosine (float),test-science-wsihwclscaaw-con01a,9,70.92824997380376
arguana,cosine_float,Cosine (float),test-economy-eptpghdtre-pro02a,0,81.30658301524818
arguana,cosine_float,Cosine (float),test-economy-eptpghdtre-pro02a,1,79.22229100950062
arguana,cosine_float,Cosine (float),test-economy-eptpghdtre-pro02a,2,74.58358292933553
arguana,cosine_float,Cosine (float),test-economy-eptpghdtre-pro02a,3,72.8720830520615
arguana,cosine_float,Cosine (float),test-economy-eptpghdtre-pro02a,4,71.11016695853323
arguana,cosine_float,Cosine (float),test-economy-eptpghdtre-pro02a,5,70.7498750416562
arguana,cosine_float,Cosine (float),test-economy-eptpghdtre-pro02a,6,73.77945794723928
arguana,cosine_float,Cosine (float),test-economy-eptpghdtre-pro02a,7,72.56237498950213
arguana,cosine_float,Cosine (float),test-economy-eptpghdtre-pro02a,8,71.48441695608199
arguana,cosine_float,Cosine (float),test-economy-eptpghdtre-pro02a,9,71.64745905902237
arguana,cosine_float,Cosine (float),test-culture-mthbah-pro02a,0,69.12083295173943
arguana,cosine_float,Cosine (float),test-culture-mthbah-pro02a,1,74.49845795053989
arguana,cosine_float,Cosine (float),test-culture-mthbah-pro02a,2,120.06695801392198
arguana,cosine_float,Cosine (float),test-culture-mthbah-pro02a,3,88.01337494514883
arguana,cosine_float,Cosine (float),test-culture-mthbah-pro02a,4,71.95974991191179
arguana,cosine_float,Cosine (float),test-culture-mthbah-pro02a,5,73.33591603673995
arguana,cosine_float,Cosine (float),test-culture-mthbah-pro02a,6,71.92483299877495
arguana,cosine_float,Cosine (float),test-culture-mthbah-pro02a,7,72.80116702895612
arguana,cosine_float,Cosine (float),test-culture-mthbah-pro02a,8,73.15774995367974
arguana,cosine_float,Cosine (float),test-culture-mthbah-pro02a,9,76.32933394052088
arguana,cosine_float,Cosine (float),test-international-amehbuaisji-con04a,0,74.3272079853341
arguana,cosine_float,Cosine (float),test-international-amehbuaisji-con04a,1,71.38345798011869
arguana,cosine_float,Cosine (float),test-international-amehbuaisji-con04a,2,70.41716598905623
arguana,cosine_float,Cosine (float),test-international-amehbuaisji-con04a,3,70.45666594058275
arguana,cosine_float,Cosine (float),test-international-amehbuaisji-con04a,4,72.08487496245652
arguana,cosine_float,Cosine (float),test-international-amehbuaisji-con04a,5,77.57104095071554
arguana,cosine_float,Cosine (float),test-international-amehbuaisji-con04a,6,69.66408400330693
arguana,cosine_float,Cosine (float),test-international-amehbuaisji-con04a,7,70.15737507026643
arguana,cosine_float,Cosine (float),test-international-amehbuaisji-con04a,8,72.10150000173599
arguana,cosine_float,Cosine (float),test-international-amehbuaisji-con04a,9,70.21820801310241
arguana,cosine_float,Cosine (float),test-health-hgwhwbjfs-pro03a,0,68.96449998021126
arguana,cosine_float,Cosine (float),test-health-hgwhwbjfs-pro03a,1,72.95408297795802
arguana,cosine_float,Cosine (float),test-health-hgwhwbjfs-pro03a,2,73.14041699282825
arguana,cosine_float,Cosine (float),test-health-hgwhwbjfs-pro03a,3,72.60833296459168
arguana,cosine_float,Cosine (float),test-health-hgwhwbjfs-pro03a,4,75.06224990356714
arguana,cosine_float,Cosine (float),test-health-hgwhwbjfs-pro03a,5,69.79766697622836
arguana,cosine_float,Cosine (float),test-health-hgwhwbjfs-pro03a,6,72.17966695316136
arguana,cosine_float,Cosine (float),test-health-hgwhwbjfs-pro03a,7,71.82570907752961
arguana,cosine_float,Cosine (float),test-health-hgwhwbjfs-pro03a,8,71.12408394459635
arguana,cosine_float,Cosine (float),test-health-hgwhwbjfs-pro03a,9,72.43416702840477
arguana,cosine_float,Cosine (float),test-health-dhghwapgd-con01a,0,66.83520902879536
arguana,cosine_float,Cosine (float),test-health-dhghwapgd-con01a,1,67.78066698461771
arguana,cosine_float,Cosine (float),test-health-dhghwapgd-con01a,2,68.46999994013458
arguana,cosine_float,Cosine (float),test-health-dhghwapgd-con01a,3,67.30033305939287
arguana,cosine_float,Cosine (float),test-health-dhghwapgd-con01a,4,67.8366250358522
arguana,cosine_float,Cosine (float),test-health-dhghwapgd-con01a,5,67.30799993965775
arguana,cosine_float,Cosine (float),test-health-dhghwapgd-con01a,6,67.40162498317659
arguana,cosine_float,Cosine (float),test-health-dhghwapgd-con01a,7,68.8737080199644
arguana,cosine_float,Cosine (float),test-health-dhghwapgd-con01a,8,71.06924999970943
arguana,cosine_float,Cosine (float),test-health-dhghwapgd-con01a,9,68.30808392260224
arguana,cosine_float,Cosine (float),test-education-pstrgsehwt-pro03a,0,71.14304194692522
arguana,cosine_float,Cosine (float),test-education-pstrgsehwt-pro03a,1,69.6010000538081
arguana,cosine_float,Cosine (float),test-education-pstrgsehwt-pro03a,2,70.82108303438872
arguana,cosine_float,Cosine (float),test-education-pstrgsehwt-pro03a,3,71.93904207088053
arguana,cosine_float,Cosine (float),test-education-pstrgsehwt-pro03a,4,70.76958403922617
arguana,cosine_float,Cosine (float),test-education-pstrgsehwt-pro03a,5,73.30258388537914
arguana,cosine_float,Cosine (float),test-education-pstrgsehwt-pro03a,6,72.08487496245652
arguana,cosine_float,Cosine (float),test-education-pstrgsehwt-pro03a,7,70.60350000392646
arguana,cosine_float,Cosine (float),test-education-pstrgsehwt-pro03a,8,70.97654207609594
arguana,cosine_float,Cosine (float),test-education-pstrgsehwt-pro03a,9,85.24124999530613
arguana,cosine_float,Cosine (float),test-economy-epiasghbf-con01a,0,70.10099990293384
arguana,cosine_float,Cosine (float),test-economy-epiasghbf-con01a,1,71.27720804419369
arguana,cosine_float,Cosine (float),test-economy-epiasghbf-con01a,2,68.11983301304281
arguana,cosine_float,Cosine (float),test-economy-epiasghbf-con01a,3,68.01558297593147
arguana,cosine_float,Cosine (float),test-economy-epiasghbf-con01a,4,67.29191704653203
arguana,cosine_float,Cosine (float),test-economy-epiasghbf-con01a,5,70.91562496498227
arguana,cosine_float,Cosine (float),test-economy-epiasghbf-con01a,6,80.2609579404816
arguana,cosine_float,Cosine (float),test-economy-epiasghbf-con01a,7,68.93166701775044
arguana,cosine_float,Cosine (float),test-economy-epiasghbf-con01a,8,69.60266700480133
arguana,cosine_float,Cosine (float),test-economy-epiasghbf-con01a,9,68.69083305355161
arguana,cosine_float,Cosine (float),test-sport-otshwbe2uuyt-con03a,0,68.73587495647371
arguana,cosine_float,Cosine (float),test-sport-otshwbe2uuyt-con03a,1,70.1721659861505
arguana,cosine_float,Cosine (float),test-sport-otshwbe2uuyt-con03a,2,69.70837502740324
arguana,cosine_float,Cosine (float),test-sport-otshwbe2uuyt-con03a,3,69.04600001871586
arguana,cosine_float,Cosine (float),test-sport-otshwbe2uuyt-con03a,4,69.9922910425812
arguana,cosine_float,Cosine (float),test-sport-otshwbe2uuyt-con03a,5,69.22670803032815
arguana,cosine_float,Cosine (float),test-sport-otshwbe2uuyt-con03a,6,69.69137501437217
arguana,cosine_float,Cosine (float),test-sport-otshwbe2uuyt-con03a,7,68.36470798589289
arguana,cosine_float,Cosine (float),test-sport-otshwbe2uuyt-con03a,8,69.34412498958409
arguana,cosine_float,Cosine (float),test-sport-otshwbe2uuyt-con03a,9,70.3288340009749
arguana,cosine_float,Cosine (float),test-politics-gvhbhlsbr-con04a,0,68.83975001983345
arguana,cosine_float,Cosine (float),test-politics-gvhbhlsbr-con04a,1,69.06670809257776
arguana,cosine_float,Cosine (float),test-politics-gvhbhlsbr-con04a,2,68.38149996474385
arguana,cosine_float,Cosine (float),test-politics-gvhbhlsbr-con04a,3,65.81741699483246
arguana,cosine_float,Cosine (float),test-politics-gvhbhlsbr-con04a,4,65.56762498803437
arguana,cosine_float,Cosine (float),test-politics-gvhbhlsbr-con04a,5,66.69191597029567
arguana,cosine_float,Cosine (float),test-politics-gvhbhlsbr-con04a,6,67.58995808195323
arguana,cosine_float,Cosine (float),test-politics-gvhbhlsbr-con04a,7,68.32462502643466
arguana,cosine_float,Cosine (float),test-politics-gvhbhlsbr-con04a,8,68.07499995920807
arguana,cosine_float,Cosine (float),test-politics-gvhbhlsbr-con04a,9,67.46108294464648
arguana,rrf_hamming,RRF (BM25 + Hamming),test-science-wsihwclscaaw-con01a,0,443.2311669224873
arguana,rrf_hamming,RRF (BM25 + Hamming),test-science-wsihwclscaaw-con01a,1,452.9214169597253
arguana,rrf_hamming,RRF (BM25 + Hamming),test-science-wsihwclscaaw-con01a,2,450.1752080395818
arguana,rrf_hamming,RRF (BM25 + Hamming),test-science-wsihwclscaaw-con01a,3,457.3737090686336
arguana,rrf_hamming,RRF (BM25 + Hamming),test-science-wsihwclscaaw-con01a,4,460.2243750123307
arguana,rrf_hamming,RRF (BM25 + Hamming),test-science-wsihwclscaaw-con01a,5,451.54854201246053
arguana,rrf_hamming,RRF (BM25 + Hamming),test-science-wsihwclscaaw-con01a,6,456.7759580677375
arguana,rrf_hamming,RRF (BM25 + Hamming),test-science-wsihwclscaaw-con01a,7,460.3893749881536
arguana,rrf_hamming,RRF (BM25 + Hamming),test-science-wsihwclscaaw-con01a,8,449.28591698408127
arguana,rrf_hamming,RRF (BM25 + Hamming),test-science-wsihwclscaaw-con01a,9,455.511917010881
arguana,rrf_hamming,RRF (BM25 + Hamming),test-economy-eptpghdtre-pro02a,0,226.76066705025733
arguana,rrf_hamming,RRF (BM25 + Hamming),test-economy-eptpghdtre-pro02a,1,225.99025000818074
arguana,rrf_hamming,RRF (BM25 + Hamming),test-economy-eptpghdtre-pro02a,2,224.6339999837801
arguana,rrf_hamming,RRF (BM25 + Hamming),test-economy-eptpghdtre-pro02a,3,226.39487509150058
arguana,rrf_hamming,RRF (BM25 + Hamming),test-economy-eptpghdtre-pro02a,4,237.40116693079472
arguana,rrf_hamming,RRF (BM25 + Hamming),test-economy-eptpghdtre-pro02a,5,229.28420908283442
arguana,rrf_hamming,RRF (BM25 + Hamming),test-economy-eptpghdtre-pro02a,6,224.83537497464567
arguana,rrf_hamming,RRF (BM25 + Hamming),test-economy-eptpghdtre-pro02a,7,236.2180829513818
arguana,rrf_hamming,RRF (BM25 + Hamming),test-economy-eptpghdtre-pro02a,8,235.13508401811123
arguana,rrf_hamming,RRF (BM25 + Hamming),test-economy-eptpghdtre-pro02a,9,232.28420806117356
arguana,rrf_hamming,RRF (BM25 + Hamming),test-culture-mthbah-pro02a,0,417.6622499944642
arguana,rrf_hamming,RRF (BM25 + Hamming),test-culture-mthbah-pro02a,1,418.33591600880027
arguana,rrf_hamming,RRF (BM25 + Hamming),test-culture-mthbah-pro02a,2,406.64999990258366
arguana,rrf_hamming,RRF (BM25 + Hamming),test-culture-mthbah-pro02a,3,406.4709999365732
arguana,rrf_hamming,RRF (BM25 + Hamming),test-culture-mthbah-pro02a,4,405.3946250351146
arguana,rrf_hamming,RRF (BM25 + Hamming),test-culture-mthbah-pro02a,5,416.4335000095889
arguana,rrf_hamming,RRF (BM25 + Hamming),test-culture-mthbah-pro02a,6,408.7184169329703
arguana,rrf_hamming,RRF (BM25 + Hamming),test-culture-mthbah-pro02a,7,409.18670897372067
arguana,rrf_hamming,RRF (BM25 + Hamming),test-culture-mthbah-pro02a,8,415.3841669904068
arguana,rrf_hamming,RRF (BM25 + Hamming),test-culture-mthbah-pro02a,9,421.8100829748437
arguana,rrf_hamming,RRF (BM25 + Hamming),test-international-amehbuaisji-con04a,0,757.7893750276417
arguana,rrf_hamming,RRF (BM25 + Hamming),test-international-amehbuaisji-con04a,1,757.2030409937724
arguana,rrf_hamming,RRF (BM25 + Hamming),test-international-amehbuaisji-con04a,2,752.176042064093
arguana,rrf_hamming,RRF (BM25 + Hamming),test-international-amehbuaisji-con04a,3,757.6999169541523
arguana,rrf_hamming,RRF (BM25 + Hamming),test-international-amehbuaisji-con04a,4,761.8922920664772
arguana,rrf_hamming,RRF (BM25 + Hamming),test-international-amehbuaisji-con04a,5,776.3677919283509
arguana,rrf_hamming,RRF (BM25 + Hamming),test-international-amehbuaisji-con04a,6,767.2690000617877
arguana,rrf_hamming,RRF (BM25 + Hamming),test-international-amehbuaisji-con04a,7,763.8078749878332
arguana,rrf_hamming,RRF (BM25 + Hamming),test-international-amehbuaisji-con04a,8,762.1972500346601
arguana,rrf_hamming,RRF (BM25 + Hamming),test-international-amehbuaisji-con04a,9,764.1572079155594
arguana,rrf_hamming,RRF (BM25 + Hamming),test-health-hgwhwbjfs-pro03a,0,597.8780000004917
arguana,rrf_hamming,RRF (BM25 + Hamming),test-health-hgwhwbjfs-pro03a,1,612.3858339851722
arguana,rrf_hamming,RRF (BM25 + Hamming),test-health-hgwhwbjfs-pro03a,2,602.1480410126969
arguana,rrf_hamming,RRF (BM25 + Hamming),test-health-hgwhwbjfs-pro03a,3,612.983874976635
arguana,rrf_hamming,RRF (BM25 + Hamming),test-health-hgwhwbjfs-pro03a,4,600.4531249636784
arguana,rrf_hamming,RRF (BM25 + Hamming),test-health-hgwhwbjfs-pro03a,5,595.0534580042586
arguana,rrf_hamming,RRF (BM25 + Hamming),test-health-hgwhwbjfs-pro03a,6,600.6894590100273
arguana,rrf_hamming,RRF (BM25 + Hamming),test-health-hgwhwbjfs-pro03a,7,593.4778330847621
arguana,rrf_hamming,RRF (BM25 + Hamming),test-health-hgwhwbjfs-pro03a,8,612.1223330264911
arguana,rrf_hamming,RRF (BM25 + Hamming),test-health-hgwhwbjfs-pro03a,9,598.3826669398695
arguana,rrf_hamming,RRF (BM25 + Hamming),test-health-dhghwapgd-con01a,0,832.1515000425279
arguana,rrf_hamming,RRF (BM25 + Hamming),test-health-dhghwapgd-con01a,1,857.967707910575
arguana,rrf_hamming,RRF (BM25 + Hamming),test-health-dhghwapgd-con01a,2,846.1949169868603
arguana,rrf_hamming,RRF (BM25 + Hamming),test-health-dhghwapgd-con01a,3,847.87649998907
arguana,rrf_hamming,RRF (BM25 + Hamming),test-health-dhghwapgd-con01a,4,826.3107090024278
arguana,rrf_hamming,RRF (BM25 + Hamming),test-health-dhghwapgd-con01a,5,819.0289579797536
arguana,rrf_hamming,RRF (BM25 + Hamming),test-health-dhghwapgd-con01a,6,833.2183749880642
arguana,rrf_hamming,RRF (BM25 + Hamming),test-health-dhghwapgd-con01a,7,819.260208052583
arguana,rrf_hamming,RRF (BM25 + Hamming),test-health-dhghwapgd-con01a,8,834.4336249865592
arguana,rrf_hamming,RRF (BM25 + Hamming),test-health-dhghwapgd-con01a,9,829.033083980903
arguana,rrf_hamming,RRF (BM25 + Hamming),test-education-pstrgsehwt-pro03a,0,771.7029169434682
arguana,rrf_hamming,RRF (BM25 + Hamming),test-education-pstrgsehwt-pro03a,1,771.1546659702435
arguana,rrf_hamming,RRF (BM25 + Hamming),test-education-pstrgsehwt-pro03a,2,784.8093749489635
arguana,rrf_hamming,RRF (BM25 + Hamming),test-education-pstrgsehwt-pro03a,3,779.2076249606907
arguana,rrf_hamming,RRF (BM25 + Hamming),test-education-pstrgsehwt-pro03a,4,761.401416035369
arguana,rrf_hamming,RRF (BM25 + Hamming),test-education-pstrgsehwt-pro03a,5,761.9191670091823
arguana,rrf_hamming,RRF (BM25 + Hamming),test-education-pstrgsehwt-pro03a,6,782.2532500140369
arguana,rrf_hamming,RRF (BM25 + Hamming),test-education-pstrgsehwt-pro03a,7,764.6177500719205
arguana,rrf_hamming,RRF (BM25 + Hamming),test-education-pstrgsehwt-pro03a,8,763.6965829879045
arguana,rrf_hamming,RRF (BM25 + Hamming),test-education-pstrgsehwt-pro03a,9,770.6008750246838
arguana,rrf_hamming,RRF (BM25 + Hamming),test-economy-epiasghbf-con01a,0,235.2876669028774
arguana,rrf_hamming,RRF (BM25 + Hamming),test-economy-epiasghbf-con01a,1,238.84283297229558
arguana,rrf_hamming,RRF (BM25 + Hamming),test-economy-epiasghbf-con01a,2,231.76658293232322
arguana,rrf_hamming,RRF (BM25 + Hamming),test-economy-epiasghbf-con01a,3,232.8407500172034
arguana,rrf_hamming,RRF (BM25 + Hamming),test-economy-epiasghbf-con01a,4,230.36420799326152
arguana,rrf_hamming,RRF (BM25 + Hamming),test-economy-epiasghbf-con01a,5,235.3040419984609
arguana,rrf_hamming,RRF (BM25 + Hamming),test-economy-epiasghbf-con01a,6,236.67962499894202
arguana,rrf_hamming,RRF (BM25 + Hamming),test-economy-epiasghbf-con01a,7,231.14708298817277
arguana,rrf_hamming,RRF (BM25 + Hamming),test-economy-epiasghbf-con01a,8,230.80933303572237
arguana,rrf_hamming,RRF (BM25 + Hamming),test-economy-epiasghbf-con01a,9,229.57658290397376
arguana,rrf_hamming,RRF (BM25 + Hamming),test-sport-otshwbe2uuyt-con03a,0,1076.414082897827
arguana,rrf_hamming,RRF (BM25 + Hamming),test-sport-otshwbe2uuyt-con03a,1,1045.6172499107197
arguana,rrf_hamming,RRF (BM25 + Hamming),test-sport-otshwbe2uuyt-con03a,2,1053.046999964863
arguana,rrf_hamming,RRF (BM25 + Hamming),test-sport-otshwbe2uuyt-con03a,3,1049.5828340062872
arguana,rrf_hamming,RRF (BM25 + Hamming),test-sport-otshwbe2uuyt-con03a,4,1037.618957925588
arguana,rrf_hamming,RRF (BM25 + Hamming),test-sport-otshwbe2uuyt-con03a,5,1070.587957976386
arguana,rrf_hamming,RRF (BM25 + Hamming),test-sport-otshwbe2uuyt-con03a,6,1050.5557080032304
arguana,rrf_hamming,RRF (BM25 + Hamming),test-sport-otshwbe2uuyt-con03a,7,1040.6121669802815
arguana,rrf_hamming,RRF (BM25 + Hamming),test-sport-otshwbe2uuyt-con03a,8,1041.7761249700561
arguana,rrf_hamming,RRF (BM25 + Hamming),test-sport-otshwbe2uuyt-con03a,9,1047.308124951087
arguana,rrf_hamming,RRF (BM25 + Hamming),test-politics-gvhbhlsbr-con04a,0,395.4004170373082
arguana,rrf_hamming,RRF (BM25 + Hamming),test-politics-gvhbhlsbr-con04a,1,390.1477500330657
arguana,rrf_hamming,RRF (BM25 + Hamming),test-politics-gvhbhlsbr-con04a,2,394.13395896553993
arguana,rrf_hamming,RRF (BM25 + Hamming),test-politics-gvhbhlsbr-con04a,3,396.01408306043595
arguana,rrf_hamming,RRF (BM25 + Hamming),test-politics-gvhbhlsbr-con04a,4,403.6215420346707
arguana,rrf_hamming,RRF (BM25 + Hamming),test-politics-gvhbhlsbr-con04a,5,396.37129206676036
arguana,rrf_hamming,RRF (BM25 + Hamming),test-politics-gvhbhlsbr-con04a,6,390.02512500155717
arguana,rrf_hamming,RRF (BM25 + Hamming),test-politics-gvhbhlsbr-con04a,7,393.41416605748236
arguana,rrf_hamming,RRF (BM25 + Hamming),test-politics-gvhbhlsbr-con04a,8,401.68366592843086
arguana,rrf_hamming,RRF (BM25 + Hamming),test-politics-gvhbhlsbr-con04a,9,401.52424992993474
arguana,rrf_cosine_int8,RRF (BM25 + Cosine (int8)),test-science-wsihwclscaaw-con01a,0,481.84520797804
arguana,rrf_cosine_int8,RRF (BM25 + Cosine (int8)),test-science-wsihwclscaaw-con01a,1,482.1626670891419
arguana,rrf_cosine_int8,RRF (BM25 + Cosine (int8)),test-science-wsihwclscaaw-con01a,2,486.40654201153666
arguana,rrf_cosine_int8,RRF (BM25 + Cosine (int8)),test-science-wsihwclscaaw-con01a,3,488.0954589461908
arguana,rrf_cosine_int8,RRF (BM25 + Cosine (int8)),test-science-wsihwclscaaw-con01a,4,489.1730420058593
arguana,rrf_cosine_int8,RRF (BM25 + Cosine (int8)),test-science-wsihwclscaaw-con01a,5,474.80550000909716
arguana,rrf_cosine_int8,RRF (BM25 + Cosine (int8)),test-science-wsihwclscaaw-con01a,6,476.3401671079919
arguana,rrf_cosine_int8,RRF (BM25 + Cosine (int8)),test-science-wsihwclscaaw-con01a,7,484.8485420225188
arguana,rrf_cosine_int8,RRF (BM25 + Cosine (int8)),test-science-wsihwclscaaw-con01a,8,502.53054196946323
arguana,rrf_cosine_int8,RRF (BM25 + Cosine (int8)),test-science-wsihwclscaaw-con01a,9,487.6505830325186
arguana,rrf_cosine_int8,RRF (BM25 + Cosine (int8)),test-economy-eptpghdtre-pro02a,0,275.53320792503655
arguana,rrf_cosine_int8,RRF (BM25 + Cosine (int8)),test-economy-eptpghdtre-pro02a,1,265.56608302053064
arguana,rrf_cosine_int8,RRF (BM25 + Cosine (int8)),test-economy-eptpghdtre-pro02a,2,277.03637501690537
arguana,rrf_cosine_int8,RRF (BM25 + Cosine (int8)),test-economy-eptpghdtre-pro02a,3,270.5620419001207
arguana,rrf_cosine_int8,RRF (BM25 + Cosine (int8)),test-economy-eptpghdtre-pro02a,4,263.8275839854032
arguana,rrf_cosine_int8,RRF (BM25 + Cosine (int8)),test-economy-eptpghdtre-pro02a,5,263.60725006088614
arguana,rrf_cosine_int8,RRF (BM25 + Cosine (int8)),test-economy-eptpghdtre-pro02a,6,267.55462505389005
arguana,rrf_cosine_int8,RRF (BM25 + Cosine (int8)),test-economy-eptpghdtre-pro02a,7,262.243082979694
arguana,rrf_cosine_int8,RRF (BM25 + Cosine (int8)),test-economy-eptpghdtre-pro02a,8,269.17412504553795
arguana,rrf_cosine_int8,RRF (BM25 + Cosine (int8)),test-economy-eptpghdtre-pro02a,9,270.97345795482397
arguana,rrf_cosine_int8,RRF (BM25 + Cosine (int8)),test-culture-mthbah-pro02a,0,531.7984590074047
arguana,rrf_cosine_int8,RRF (BM25 + Cosine (int8)),test-culture-mthbah-pro02a,1,463.82541698403656
arguana,rrf_cosine_int8,RRF (BM25 + Cosine (int8)),test-culture-mthbah-pro02a,2,453.3247910439968
arguana,rrf_cosine_int8,RRF (BM25 + Cosine (int8)),test-culture-mthbah-pro02a,3,510.8599589439109
arguana,rrf_cosine_int8,RRF (BM25 + Cosine (int8)),test-culture-mthbah-pro02a,4,464.7182089975104
arguana,rrf_cosine_int8,RRF (BM25 + Cosine (int8)),test-culture-mthbah-pro02a,5,459.2683339724317
arguana,rrf_cosine_int8,RRF (BM25 + Cosine (int8)),test-culture-mthbah-pro02a,6,460.3559580864385
arguana,rrf_cosine_int8,RRF (BM25 + Cosine (int8)),test-culture-mthbah-pro02a,7,455.41145803872496
arguana,rrf_cosine_int8,RRF (BM25 + Cosine (int8)),test-culture-mthbah-pro02a,8,449.4098749710247
arguana,rrf_cosine_int8,RRF (BM25 + Cosine (int8)),test-culture-mthbah-pro02a,9,454.39362502656877
arguana,rrf_cosine_int8,RRF (BM25 + Cosine (int8)),test-international-amehbuaisji-con04a,0,816.245959023945
arguana,rrf_cosine_int8,RRF (BM25 + Cosine (int8)),test-international-amehbuaisji-con04a,1,815.1591250207275
arguana,rrf_cosine_int8,RRF (BM25 + Cosine (int8)),test-international-amehbuaisji-con04a,2,962.8674159757793
arguana,rrf_cosine_int8,RRF (BM25 + Cosine (int8)),test-international-amehbuaisji-con04a,3,842.840375029482
arguana,rrf_cosine_int8,RRF (BM25 + Cosine (int8)),test-international-amehbuaisji-con04a,4,807.9415409592912
arguana,rrf_cosine_int8,RRF (BM25 + Cosine (int8)),test-international-amehbuaisji-con04a,5,815.8175409771502
arguana,rrf_cosine_int8,RRF (BM25 + Cosine (int8)),test-international-amehbuaisji-con04a,6,810.9515840187669
arguana,rrf_cosine_int8,RRF (BM25 + Cosine (int8)),test-international-amehbuaisji-con04a,7,807.9496249556541
arguana,rrf_cosine_int8,RRF (BM25 + Cosine (int8)),test-international-amehbuaisji-con04a,8,806.3938750419766
arguana,rrf_cosine_int8,RRF (BM25 + Cosine (int8)),test-international-amehbuaisji-con04a,9,809.9535419605672
arguana,rrf_cosine_int8,RRF (BM25 + Cosine (int8)),test-health-hgwhwbjfs-pro03a,0,650.2382090548053
arguana,rrf_cosine_int8,RRF (BM25 + Cosine (int8)),test-health-hgwhwbjfs-pro03a,1,628.4409159561619
arguana,rrf_cosine_int8,RRF (BM25 + Cosine (int8)),test-health-hgwhwbjfs-pro03a,2,639.1159580089152
arguana,rrf_cosine_int8,RRF (BM25 + Cosine (int8)),test-health-hgwhwbjfs-pro03a,3,640.0197079638019
arguana,rrf_cosine_int8,RRF (BM25 + Cosine (int8)),test-health-hgwhwbjfs-pro03a,4,634.5863749738783
arguana,rrf_cosine_int8,RRF (BM25 + Cosine (int8)),test-health-hgwhwbjfs-pro03a,5,637.2928749769926
arguana,rrf_cosine_int8,RRF (BM25 + Cosine (int8)),test-health-hgwhwbjfs-pro03a,6,629.5314161106944
arguana,rrf_cosine_int8,RRF (BM25 + Cosine (int8)),test-health-hgwhwbjfs-pro03a,7,630.58979192283
arguana,rrf_cosine_int8,RRF (BM25 + Cosine (int8)),test-health-hgwhwbjfs-pro03a,8,646.9227500492707
arguana,rrf_cosine_int8,RRF (BM25 + Cosine (int8)),test-health-hgwhwbjfs-pro03a,9,628.6872500786558
arguana,rrf_cosine_int8,RRF (BM25 + Cosine (int8)),test-health-dhghwapgd-con01a,0,892.0691669918597
arguana,rrf_cosine_int8,RRF (BM25 + Cosine (int8)),test-health-dhghwapgd-con01a,1,872.8881670394912
arguana,rrf_cosine_int8,RRF (BM25 + Cosine (int8)),test-health-dhghwapgd-con01a,2,883.9687500149012
arguana,rrf_cosine_int8,RRF (BM25 + Cosine (int8)),test-health-dhghwapgd-con01a,3,891.5242090588436
arguana,rrf_cosine_int8,RRF (BM25 + Cosine (int8)),test-health-dhghwapgd-con01a,4,879.1393330320716
arguana,rrf_cosine_int8,RRF (BM25 + Cosine (int8)),test-health-dhghwapgd-con01a,5,877.6563330320641
arguana,rrf_cosine_int8,RRF (BM25 + Cosine (int8)),test-health-dhghwapgd-con01a,6,878.9620000170544
arguana,rrf_cosine_int8,RRF (BM25 + Cosine (int8)),test-health-dhghwapgd-con01a,7,887.5583750195801
arguana,rrf_cosine_int8,RRF (BM25 + Cosine (int8)),test-health-dhghwapgd-con01a,8,879.098416888155
arguana,rrf_cosine_int8,RRF (BM25 + Cosine (int8)),test-health-dhghwapgd-con01a,9,869.979208917357
arguana,rrf_cosine_int8,RRF (BM25 + Cosine (int8)),test-education-pstrgsehwt-pro03a,0,799.5360830100253
arguana,rrf_cosine_int8,RRF (BM25 + Cosine (int8)),test-education-pstrgsehwt-pro03a,1,810.2984169963747
arguana,rrf_cosine_int8,RRF (BM25 + Cosine (int8)),test-education-pstrgsehwt-pro03a,2,824.8187090503052
arguana,rrf_cosine_int8,RRF (BM25 + Cosine (int8)),test-education-pstrgsehwt-pro03a,3,839.4476670073345
arguana,rrf_cosine_int8,RRF (BM25 + Cosine (int8)),test-education-pstrgsehwt-pro03a,4,824.7150419047102
arguana,rrf_cosine_int8,RRF (BM25 + Cosine (int8)),test-education-pstrgsehwt-pro03a,5,806.5014580497518
arguana,rrf_cosine_int8,RRF (BM25 + Cosine (int8)),test-education-pstrgsehwt-pro03a,6,813.9779589837417
arguana,rrf_cosine_int8,RRF (BM25 + Cosine (int8)),test-education-pstrgsehwt-pro03a,7,815.6269170576707
arguana,rrf_cosine_int8,RRF (BM25 + Cosine (int8)),test-education-pstrgsehwt-pro03a,8,807.7401659684256
arguana,rrf_cosine_int8,RRF (BM25 + Cosine (int8)),test-education-pstrgsehwt-pro03a,9,827.458166051656
arguana,rrf_cosine_int8,RRF (BM25 + Cosine (int8)),test-economy-epiasghbf-con01a,0,272.4517919123173
arguana,rrf_cosine_int8,RRF (BM25 + Cosine (int8)),test-economy-epiasghbf-con01a,1,272.1404579933733
arguana,rrf_cosine_int8,RRF (BM25 + Cosine (int8)),test-economy-epiasghbf-con01a,2,272.5148330209777
arguana,rrf_cosine_int8,RRF (BM25 + Cosine (int8)),test-economy-epiasghbf-con01a,3,261.5119169931859
arguana,rrf_cosine_int8,RRF (BM25 + Cosine (int8)),test-economy-epiasghbf-con01a,4,264.38745902851224
arguana,rrf_cosine_int8,RRF (BM25 + Cosine (int8)),test-economy-epiasghbf-con01a,5,265.97087492700666
arguana,rrf_cosine_int8,RRF (BM25 + Cosine (int8)),test-economy-epiasghbf-con01a,6,265.20112506113946
arguana,rrf_cosine_int8,RRF (BM25 + Cosine (int8)),test-economy-epiasghbf-con01a,7,264.79345897678286
arguana,rrf_cosine_int8,RRF (BM25 + Cosine (int8)),test-economy-epiasghbf-con01a,8,265.263958950527
arguana,rrf_cosine_int8,RRF (BM25 + Cosine (int8)),test-economy-epiasghbf-con01a,9,265.24754194542766
arguana,rrf_cosine_int8,RRF (BM25 + Cosine (int8)),test-sport-otshwbe2uuyt-con03a,0,1105.8477909537032
arguana,rrf_cosine_int8,RRF (BM25 + Cosine (int8)),test-sport-otshwbe2uuyt-con03a,1,1120.2710840152577
arguana,rrf_cosine_int8,RRF (BM25 + Cosine (int8)),test-sport-otshwbe2uuyt-con03a,2,1106.9155420409516
arguana,rrf_cosine_int8,RRF (BM25 + Cosine (int8)),test-sport-otshwbe2uuyt-con03a,3,1091.4344999473542
arguana,rrf_cosine_int8,RRF (BM25 + Cosine (int8)),test-sport-otshwbe2uuyt-con03a,4,1078.4365000436082
arguana,rrf_cosine_int8,RRF (BM25 + Cosine (int8)),test-sport-otshwbe2uuyt-con03a,5,1113.902666955255
arguana,rrf_cosine_int8,RRF (BM25 + Cosine (int8)),test-sport-otshwbe2uuyt-con03a,6,1096.8671669252217
arguana,rrf_cosine_int8,RRF (BM25 + Cosine (int8)),test-sport-otshwbe2uuyt-con03a,7,1087.4082499649376
arguana,rrf_cosine_int8,RRF (BM25 + Cosine (int8)),test-sport-otshwbe2uuyt-con03a,8,1151.7309580231085
arguana,rrf_cosine_int8,RRF (BM25 + Cosine (int8)),test-sport-otshwbe2uuyt-con03a,9,1493.0354590760544
arguana,rrf_cosine_int8,RRF (BM25 + Cosine (int8)),test-politics-gvhbhlsbr-con04a,0,473.3037910191342
arguana,rrf_cosine_int8,RRF (BM25 + Cosine (int8)),test-politics-gvhbhlsbr-con04a,1,459.3370840884745
arguana,rrf_cosine_int8,RRF (BM25 + Cosine (int8)),test-politics-gvhbhlsbr-con04a,2,456.0874999733642
arguana,rrf_cosine_int8,RRF (BM25 + Cosine (int8)),test-politics-gvhbhlsbr-con04a,3,456.8842080188915
arguana,rrf_cosine_int8,RRF (BM25 + Cosine (int8)),test-politics-gvhbhlsbr-con04a,4,458.00500002224
arguana,rrf_cosine_int8,RRF (BM25 + Cosine (int8)),test-politics-gvhbhlsbr-con04a,5,458.5854159668088
arguana,rrf_cosine_int8,RRF (BM25 + Cosine (int8)),test-politics-gvhbhlsbr-con04a,6,484.8786670481786
arguana,rrf_cosine_int8,RRF (BM25 + Cosine (int8)),test-politics-gvhbhlsbr-con04a,7,476.93579108454287
arguana,rrf_cosine_int8,RRF (BM25 + Cosine (int8)),test-politics-gvhbhlsbr-con04a,8,483.7998750153929
arguana,rrf_cosine_int8,RRF (BM25 + Cosine (int8)),test-politics-gvhbhlsbr-con04a,9,477.0657919580117
arguana,rrf_cosine_float,RRF (BM25 + Cosine (float)),test-science-wsihwclscaaw-con01a,0,545.5030829180032
arguana,rrf_cosine_float,RRF (BM25 + Cosine (float)),test-science-wsihwclscaaw-con01a,1,550.1709580421448
arguana,rrf_cosine_float,RRF (BM25 + Cosine (float)),test-science-wsihwclscaaw-con01a,2,571.8482920201495
arguana,rrf_cosine_float,RRF (BM25 + Cosine (float)),test-science-wsihwclscaaw-con01a,3,581.3150000758469
arguana,rrf_cosine_float,RRF (BM25 + Cosine (float)),test-science-wsihwclscaaw-con01a,4,563.1359579274431
arguana,rrf_cosine_float,RRF (BM25 + Cosine (float)),test-science-wsihwclscaaw-con01a,5,548.5574170015752
arguana,rrf_cosine_float,RRF (BM25 + Cosine (float)),test-science-wsihwclscaaw-con01a,6,554.6958749182522
arguana,rrf_cosine_float,RRF (BM25 + Cosine (float)),test-science-wsihwclscaaw-con01a,7,553.6640839418396
arguana,rrf_cosine_float,RRF (BM25 + Cosine (float)),test-science-wsihwclscaaw-con01a,8,622.1502919215709
arguana,rrf_cosine_float,RRF (BM25 + Cosine (float)),test-science-wsihwclscaaw-con01a,9,580.0408750073984
arguana,rrf_cosine_float,RRF (BM25 + Cosine (float)),test-economy-eptpghdtre-pro02a,0,343.7291249865666
arguana,rrf_cosine_float,RRF (BM25 + Cosine (float)),test-economy-eptpghdtre-pro02a,1,326.3353749644011
arguana,rrf_cosine_float,RRF (BM25 + Cosine (float)),test-economy-eptpghdtre-pro02a,2,322.370957932435
arguana,rrf_cosine_float,RRF (BM25 + Cosine (float)),test-economy-eptpghdtre-pro02a,3,316.46383297629654
arguana,rrf_cosine_float,RRF (BM25 + Cosine (float)),test-economy-eptpghdtre-pro02a,4,312.6984169939533
arguana,rrf_cosine_float,RRF (BM25 + Cosine (float)),test-economy-eptpghdtre-pro02a,5,377.6910830056295
arguana,rrf_cosine_float,RRF (BM25 + Cosine (float)),test-economy-eptpghdtre-pro02a,6,337.1772499522194
arguana,rrf_cosine_float,RRF (BM25 + Cosine (float)),test-economy-eptpghdtre-pro02a,7,332.9211659729481
arguana,rrf_cosine_float,RRF (BM25 + Cosine (float)),test-economy-eptpghdtre-pro02a,8,333.1756249535829
arguana,rrf_cosine_float,RRF (BM25 + Cosine (float)),test-economy-eptpghdtre-pro02a,9,332.81091693788767
arguana,rrf_cosine_float,RRF (BM25 + Cosine (float)),test-culture-mthbah-pro02a,0,514.1291250474751
arguana,rrf_cosine_float,RRF (BM25 + Cosine (float)),test-culture-mthbah-pro02a,1,514.9677499430254
arguana,rrf_cosine_float,RRF (BM25 + Cosine (float)),test-culture-mthbah-pro02a,2,530.6432920042425
arguana,rrf_cosine_float,RRF (BM25 + Cosine (float)),test-culture-mthbah-pro02a,3,526.3850000919774
arguana,rrf_cosine_float,RRF (BM25 + Cosine (float)),test-culture-mthbah-pro02a,4,563.4647499537095
arguana,rrf_cosine_float,RRF (BM25 + Cosine (float)),test-culture-mthbah-pro02a,5,530.0806250888854
arguana,rrf_cosine_float,RRF (BM25 + Cosine (float)),test-culture-mthbah-pro02a,6,516.7749159736559
arguana,rrf_cosine_float,RRF (BM25 + Cosine (float)),test-culture-mthbah-pro02a,7,516.8908330379054
arguana,rrf_cosine_float,RRF (BM25 + Cosine (float)),test-culture-mthbah-pro02a,8,550.8775420021266
arguana,rrf_cosine_float,RRF (BM25 + Cosine (float)),test-culture-mthbah-pro02a,9,552.0438329549506
arguana,rrf_cosine_float,RRF (BM25 + Cosine (float)),test-international-amehbuaisji-con04a,0,920.3705419786274
arguana,rrf_cosine_float,RRF (BM25 + Cosine (float)),test-international-amehbuaisji-con04a,1,938.4028749773279
arguana,rrf_cosine_float,RRF (BM25 + Cosine (float)),test-international-amehbuaisji-con04a,2,938.1031669909135
arguana,rrf_cosine_float,RRF (BM25 + Cosine (float)),test-international-amehbuaisji-con04a,3,911.2698340322822
arguana,rrf_cosine_float,RRF (BM25 + Cosine (float)),test-international-amehbuaisji-con04a,4,906.0482500353828
arguana,rrf_cosine_float,RRF (BM25 + Cosine (float)),test-international-amehbuaisji-con04a,5,936.3783339504153
arguana,rrf_cosine_float,RRF (BM25 + Cosine (float)),test-international-amehbuaisji-con04a,6,956.4081670250744
arguana,rrf_cosine_float,RRF (BM25 + Cosine (float)),test-international-amehbuaisji-con04a,7,932.5730409473181
arguana,rrf_cosine_float,RRF (BM25 + Cosine (float)),test-international-amehbuaisji-con04a,8,902.2359999362379
arguana,rrf_cosine_float,RRF (BM25 + Cosine (float)),test-international-amehbuaisji-con04a,9,908.9186670025811
arguana,rrf_cosine_float,RRF (BM25 + Cosine (float)),test-health-hgwhwbjfs-pro03a,0,726.1321670375764
arguana,rrf_cosine_float,RRF (BM25 + Cosine (float)),test-health-hgwhwbjfs-pro03a,1,733.7479999987409
arguana,rrf_cosine_float,RRF (BM25 + Cosine (float)),test-health-hgwhwbjfs-pro03a,2,721.235082950443
arguana,rrf_cosine_float,RRF (BM25 + Cosine (float)),test-health-hgwhwbjfs-pro03a,3,729.7819160157815
arguana,rrf_cosine_float,RRF (BM25 + Cosine (float)),test-health-hgwhwbjfs-pro03a,4,719.4589999271557
arguana,rrf_cosine_float,RRF (BM25 + Cosine (float)),test-health-hgwhwbjfs-pro03a,5,722.837834036909
arguana,rrf_cosine_float,RRF (BM25 + Cosine (float)),test-health-hgwhwbjfs-pro03a,6,760.6875409837812
arguana,rrf_cosine_float,RRF (BM25 + Cosine (float)),test-health-hgwhwbjfs-pro03a,7,740.5524160712957
arguana,rrf_cosine_float,RRF (BM25 + Cosine (float)),test-health-hgwhwbjfs-pro03a,8,735.9304160345346
arguana,rrf_cosine_float,RRF (BM25 + Cosine (float)),test-health-hgwhwbjfs-pro03a,9,774.336125003174
arguana,rrf_cosine_float,RRF (BM25 + Cosine (float)),test-health-dhghwapgd-con01a,0,994.3576660007238
arguana,rrf_cosine_float,RRF (BM25 + Cosine (float)),test-health-dhghwapgd-con01a,1,994.3219169508666
arguana,rrf_cosine_float,RRF (BM25 + Cosine (float)),test-health-dhghwapgd-con01a,2,1005.2273340988904
arguana,rrf_cosine_float,RRF (BM25 + Cosine (float)),test-health-dhghwapgd-con01a,3,1023.5698750475422
arguana,rrf_cosine_float,RRF (BM25 + Cosine (float)),test-health-dhghwapgd-con01a,4,995.8425830118358
arguana,rrf_cosine_float,RRF (BM25 + Cosine (float)),test-health-dhghwapgd-con01a,5,1056.869958061725
arguana,rrf_cosine_float,RRF (BM25 + Cosine (float)),test-health-dhghwapgd-con01a,6,1021.6743750497699
arguana,rrf_cosine_float,RRF (BM25 + Cosine (float)),test-health-dhghwapgd-con01a,7,1010.0434579653665
arguana,rrf_cosine_float,RRF (BM25 + Cosine (float)),test-health-dhghwapgd-con01a,8,1006.7550831008703
arguana,rrf_cosine_float,RRF (BM25 + Cosine (float)),test-health-dhghwapgd-con01a,9,1102.476125000976
arguana,rrf_cosine_float,RRF (BM25 + Cosine (float)),test-education-pstrgsehwt-pro03a,0,985.7022089418024
arguana,rrf_cosine_float,RRF (BM25 + Cosine (float)),test-education-pstrgsehwt-pro03a,1,934.7571249818429
arguana,rrf_cosine_float,RRF (BM25 + Cosine (float)),test-education-pstrgsehwt-pro03a,2,938.2707079639658
arguana,rrf_cosine_float,RRF (BM25 + Cosine (float)),test-education-pstrgsehwt-pro03a,3,969.2415409954265
arguana,rrf_cosine_float,RRF (BM25 + Cosine (float)),test-education-pstrgsehwt-pro03a,4,944.3334999959916
arguana,rrf_cosine_float,RRF (BM25 + Cosine (float)),test-education-pstrgsehwt-pro03a,5,928.8909159367904
arguana,rrf_cosine_float,RRF (BM25 + Cosine (float)),test-education-pstrgsehwt-pro03a,6,959.0987080009654
arguana,rrf_cosine_float,RRF (BM25 + Cosine (float)),test-education-pstrgsehwt-pro03a,7,945.845999987796
arguana,rrf_cosine_float,RRF (BM25 + Cosine (float)),test-education-pstrgsehwt-pro03a,8,931.5429580165073
arguana,rrf_cosine_float,RRF (BM25 + Cosine (float)),test-education-pstrgsehwt-pro03a,9,923.1986249797046
arguana,rrf_cosine_float,RRF (BM25 + Cosine (float)),test-economy-epiasghbf-con01a,0,331.9159160600975
arguana,rrf_cosine_float,RRF (BM25 + Cosine (float)),test-economy-epiasghbf-con01a,1,330.87729196995497
arguana,rrf_cosine_float,RRF (BM25 + Cosine (float)),test-economy-epiasghbf-con01a,2,330.6847920175642
arguana,rrf_cosine_float,RRF (BM25 + Cosine (float)),test-economy-epiasghbf-con01a,3,326.74762490205467
arguana,rrf_cosine_float,RRF (BM25 + Cosine (float)),test-economy-epiasghbf-con01a,4,325.38075000047684
arguana,rrf_cosine_float,RRF (BM25 + Cosine (float)),test-economy-epiasghbf-con01a,5,329.41808295436203
arguana,rrf_cosine_float,RRF (BM25 + Cosine (float)),test-economy-epiasghbf-con01a,6,332.1422910084948
arguana,rrf_cosine_float,RRF (BM25 + Cosine (float)),test-economy-epiasghbf-con01a,7,332.33450003899634
arguana,rrf_cosine_float,RRF (BM25 + Cosine (float)),test-economy-epiasghbf-con01a,8,327.44529098272324
arguana,rrf_cosine_float,RRF (BM25 + Cosine (float)),test-economy-epiasghbf-con01a,9,342.46737498324364
arguana,rrf_cosine_float,RRF (BM25 + Cosine (float)),test-sport-otshwbe2uuyt-con03a,0,1239.4419589545578
arguana,rrf_cosine_float,RRF (BM25 + Cosine (float)),test-sport-otshwbe2uuyt-con03a,1,1232.4149169726297
arguana,rrf_cosine_float,RRF (BM25 + Cosine (float)),test-sport-otshwbe2uuyt-con03a,2,1234.2813749564812
arguana,rrf_cosine_float,RRF (BM25 + Cosine (float)),test-sport-otshwbe2uuyt-con03a,3,1221.610500011593
arguana,rrf_cosine_float,RRF (BM25 + Cosine (float)),test-sport-otshwbe2uuyt-con03a,4,1225.383665994741
arguana,rrf_cosine_float,RRF (BM25 + Cosine (float)),test-sport-otshwbe2uuyt-con03a,5,1221.618999959901
arguana,rrf_cosine_float,RRF (BM25 + Cosine (float)),test-sport-otshwbe2uuyt-con03a,6,1237.1153339045122
arguana,rrf_cosine_float,RRF (BM25 + Cosine (float)),test-sport-otshwbe2uuyt-con03a,7,1222.9693749686703
arguana,rrf_cosine_float,RRF (BM25 + Cosine (float)),test-sport-otshwbe2uuyt-con03a,8,1215.7037500292063
arguana,rrf_cosine_float,RRF (BM25 + Cosine (float)),test-sport-otshwbe2uuyt-con03a,9,1217.2088340157643
arguana,rrf_cosine_float,RRF (BM25 + Cosine (float)),test-politics-gvhbhlsbr-con04a,0,506.0555830132216
arguana,rrf_cosine_float,RRF (BM25 + Cosine (float)),test-politics-gvhbhlsbr-con04a,1,508.00041703041643
arguana,rrf_cosine_float,RRF (BM25 + Cosine (float)),test-politics-gvhbhlsbr-con04a,2,510.87466604076326
arguana,rrf_cosine_float,RRF (BM25 + Cosine (float)),test-politics-gvhbhlsbr-con04a,3,508.4309580270201
arguana,rrf_cosine_float,RRF (BM25 + Cosine (float)),test-politics-gvhbhlsbr-con04a,4,506.19129196275026
arguana,rrf_cosine_float,RRF (BM25 + Cosine (float)),test-politics-gvhbhlsbr-con04a,5,504.771750071086
arguana,rrf_cosine_float,RRF (BM25 + Cosine (float)),test-politics-gvhbhlsbr-con04a,6,512.7422088989988
arguana,rrf_cosine_float,RRF (BM25 + Cosine (float)),test-politics-gvhbhlsbr-con04a,7,505.4105829913169
arguana,rrf_cosine_float,RRF (BM25 + Cosine (float)),test-politics-gvhbhlsbr-con04a,8,507.868624990806
arguana,rrf_cosine_float,RRF (BM25 + Cosine (float)),test-politics-gvhbhlsbr-con04a,9,515.8698329469189
fiqa,bm25,BM25,1431,0,56.811291025951505
fiqa,bm25,BM25,1431,1,56.40970799140632
fiqa,bm25,BM25,1431,2,56.477249949239194
fiqa,bm25,BM25,1431,3,56.30137491971254
fiqa,bm25,BM25,1431,4,56.54454207979143
fiqa,bm25,BM25,1431,5,56.59345898311585
fiqa,bm25,BM25,1431,6,56.63354101125151
fiqa,bm25,BM25,1431,7,56.78554193582386
fiqa,bm25,BM25,1431,8,56.320208008401096
fiqa,bm25,BM25,1431,9,56.39849998988211
fiqa,bm25,BM25,7062,0,19.000791013240814
fiqa,bm25,BM25,7062,1,18.906500074081123
fiqa,bm25,BM25,7062,2,18.89391604345292
fiqa,bm25,BM25,7062,3,18.858249997720122
fiqa,bm25,BM25,7062,4,18.960250075906515
fiqa,bm25,BM25,7062,5,18.89408309943974
fiqa,bm25,BM25,7062,6,18.942166003398597
fiqa,bm25,BM25,7062,7,18.874333007261157
fiqa,bm25,BM25,7062,8,18.854166963137686
fiqa,bm25,BM25,7062,9,18.86370894499123
fiqa,bm25,BM25,5219,0,93.4191249543801
fiqa,bm25,BM25,5219,1,93.06337498128414
fiqa,bm25,BM25,5219,2,92.82554208766669
fiqa,bm25,BM25,5219,3,92.82079210970551
fiqa,bm25,BM25,5219,4,92.73654199205339
fiqa,bm25,BM25,5219,5,91.73500002361834
fiqa,bm25,BM25,5219,6,91.30383306182921
fiqa,bm25,BM25,5219,7,91.85729105956852
fiqa,bm25,BM25,5219,8,91.83820895850658
fiqa,bm25,BM25,5219,9,92.55204198416322
fiqa,bm25,BM25,10554,0,47.53145796712488
fiqa,bm25,BM25,10554,1,47.320624929852784
fiqa,bm25,BM25,10554,2,47.14337503537536
fiqa,bm25,BM25,10554,3,47.184166964143515
fiqa,bm25,BM25,10554,4,47.12816700339317
fiqa,bm25,BM25,10554,5,47.209916985593736
fiqa,bm25,BM25,10554,6,47.34608298167586
fiqa,bm25,BM25,10554,7,47.40070807747543
fiqa,bm25,BM25,10554,8,47.49312507919967
fiqa,bm25,BM25,10554,9,47.388416016474366
fiqa,bm25,BM25,10518,0,61.603875015862286
fiqa,bm25,BM25,10518,1,61.69891590252519
fiqa,bm25,BM25,10518,2,61.66374997701496
fiqa,bm25,BM25,10518,3,61.53162498958409
fiqa,bm25,BM25,10518,4,61.95054203271866
fiqa,bm25,BM25,10518,5,61.63283297792077
fiqa,bm25,BM25,10518,6,61.70458300039172
fiqa,bm25,BM25,10518,7,61.615167069248855
fiqa,bm25,BM25,10518,8,61.86808296479285
fiqa,bm25,BM25,10518,9,61.03999994229525
fiqa,bm25,BM25,1553,0,35.09470901917666
fiqa,bm25,BM25,1553,1,35.10550002101809
fiqa,bm25,BM25,1553,2,34.97362497728318
fiqa,bm25,BM25,1553,3,34.94575002696365
fiqa,bm25,BM25,1553,4,35.1304579526186
fiqa,bm25,BM25,1553,5,34.99687497969717
fiqa,bm25,BM25,1553,6,34.68929207883775
fiqa,bm25,BM25,1553,7,35.07129196077585
fiqa,bm25,BM25,1553,8,35.15562496613711
fiqa,bm25,BM25,1553,9,34.94054195471108
fiqa,bm25,BM25,3076,0,67.57816695608199
fiqa,bm25,BM25,3076,1,67.1049589291215
fiqa,bm25,BM25,3076,2,67.03945796471089
fiqa,bm25,BM25,3076,3,67.0359160285443
fiqa,bm25,BM25,3076,4,67.51008296851069
fiqa,bm25,BM25,3076,5,67.16308405157179
fiqa,bm25,BM25,3076,6,68.75916593708098
fiqa,bm25,BM25,3076,7,67.93545896653086
fiqa,bm25,BM25,3076,8,67.69933400209993
fiqa,bm25,BM25,3076,9,67.74383399169892
fiqa,bm25,BM25,3218,0,43.338832911103964
fiqa,bm25,BM25,3218,1,43.262792052701116
fiqa,bm25,BM25,3218,2,43.373791966587305
fiqa,bm25,BM25,3218,3,43.39358303695917
fiqa,bm25,BM25,3218,4,43.26779197435826
fiqa,bm25,BM25,3218,5,43.179749976843596
fiqa,bm25,BM25,3218,6,43.360208976082504
fiqa,bm25,BM25,3218,7,43.57237508520484
fiqa,bm25,BM25,3218,8,43.455292005091906
fiqa,bm25,BM25,3218,9,42.79916698578745
fiqa,bm25,BM25,6164,0,64.04000008478761
fiqa,bm25,BM25,6164,1,63.77504195552319
fiqa,bm25,BM25,6164,2,63.739667064510286
fiqa,bm25,BM25,6164,3,63.728458946570754
fiqa,bm25,BM25,6164,4,66.6662500007078
fiqa,bm25,BM25,6164,5,64.78895898908377
fiqa,bm25,BM25,6164,6,63.52583400439471
fiqa,bm25,BM25,6164,7,64.88149997312576
fiqa,bm25,BM25,6164,8,64.53383294865489
fiqa,bm25,BM25,6164,9,63.84104199241847
fiqa,bm25,BM25,7170,0,43.1468749884516
fiqa,bm25,BM25,7170,1,43.019667034968734
fiqa,bm25,BM25,7170,2,42.64554101973772
fiqa,bm25,BM25,7170,3,42.56954102311283
fiqa,bm25,BM25,7170,4,42.66612499486655
fiqa,bm25,BM25,7170,5,42.86350007168949
fiqa,bm25,BM25,7170,6,43.78087492659688
fiqa,bm25,BM25,7170,7,42.784292018041015
fiqa,bm25,BM25,7170,8,42.96433401759714
fiqa,bm25,BM25,7170,9,48.80129103548825
fiqa,bm25_hamming,BM25 + Hamming,1431,0,77.62283307965845
fiqa,bm25_hamming,BM25 + Hamming,1431,1,74.27370792720467
fiqa,bm25_hamming,BM25 + Hamming,1431,2,74.27862496115267
fiqa,bm25_hamming,BM25 + Hamming,1431,3,74.22720803879201
fiqa,bm25_hamming,BM25 + Hamming,1431,4,74.08083393238485
fiqa,bm25_hamming,BM25 + Hamming,1431,5,74.16804099921137
fiqa,bm25_hamming,BM25 + Hamming,1431,6,74.21279198024422
fiqa,bm25_hamming,BM25 + Hamming,1431,7,74.32191597763449
fiqa,bm25_hamming,BM25 + Hamming,1431,8,74.26304102409631
fiqa,bm25_hamming,BM25 + Hamming,1431,9,77.58949999697506
fiqa,bm25_hamming,BM25 + Hamming,7062,0,33.7827920448035
fiqa,bm25_hamming,BM25 + Hamming,7062,1,33.739082980901
fiqa,bm25_hamming,BM25 + Hamming,7062,2,33.67324999999255
fiqa,bm25_hamming,BM25 + Hamming,7062,3,33.85466709733009
fiqa,bm25_hamming,BM25 + Hamming,7062,4,33.67779194377363
fiqa,bm25_hamming,BM25 + Hamming,7062,5,33.689166069962084
fiqa,bm25_hamming,BM25 + Hamming,7062,6,33.9001250686124
fiqa,bm25_hamming,BM25 + Hamming,7062,7,33.86570804286748
fiqa,bm25_hamming,BM25 + Hamming,7062,8,33.73554197605699
fiqa,bm25_hamming,BM25 + Hamming,7062,9,33.61129108816385
fiqa,bm25_hamming,BM25 + Hamming,5219,0,112.21808299887925
fiqa,bm25_hamming,BM25 + Hamming,5219,1,109.99454103875905
fiqa,bm25_hamming,BM25 + Hamming,5219,2,110.2140840375796
fiqa,bm25_hamming,BM25 + Hamming,5219,3,114.02750003617257
fiqa,bm25_hamming,BM25 + Hamming,5219,4,115.50383293069899
fiqa,bm25_hamming,BM25 + Hamming,5219,5,113.71520801912993
fiqa,bm25_hamming,BM25 + Hamming,5219,6,111.38362507335842
fiqa,bm25_hamming,BM25 + Hamming,5219,7,111.65829107630998
fiqa,bm25_hamming,BM25 + Hamming,5219,8,111.51733400765806
fiqa,bm25_hamming,BM25 + Hamming,5219,9,111.54970806092024
fiqa,bm25_hamming,BM25 + Hamming,10554,0,63.39650007430464
fiqa,bm25_hamming,BM25 + Hamming,10554,1,62.870249967090786
fiqa,bm25_hamming,BM25 + Hamming,10554,2,63.15875006839633
fiqa,bm25_hamming,BM25 + Hamming,10554,3,62.72429204545915
fiqa,bm25_hamming,BM25 + Hamming,10554,4,63.049042015336454
fiqa,bm25_hamming,BM25 + Hamming,10554,5,62.77191697154194
fiqa,bm25_hamming,BM25 + Hamming,10554,6,62.74841702543199
fiqa,bm25_hamming,BM25 + Hamming,10554,7,63.31933301407844
fiqa,bm25_hamming,BM25 + Hamming,10554,8,62.72033310960978
fiqa,bm25_hamming,BM25 + Hamming,10554,9,62.63745902106166
fiqa,bm25_hamming,BM25 + Hamming,10518,0,77.30579108465463
fiqa,bm25_hamming,BM25 + Hamming,10518,1,77.3733330424875
fiqa,bm25_hamming,BM25 + Hamming,10518,2,79.38558305613697
fiqa,bm25_hamming,BM25 + Hamming,10518,3,78.06562492623925
fiqa,bm25_hamming,BM25 + Hamming,10518,4,77.78191694524139
fiqa,bm25_hamming,BM25 + Hamming,10518,5,78.14929110463709
fiqa,bm25_hamming,BM25 + Hamming,10518,6,78.01804190967232
fiqa,bm25_hamming,BM25 + Hamming,10518,7,77.87754200398922
fiqa,bm25_hamming,BM25 + Hamming,10518,8,79.65208298992366
fiqa,bm25_hamming,BM25 + Hamming,10518,9,80.0712910713628
fiqa,bm25_hamming,BM25 + Hamming,1553,0,52.45016701519489
fiqa,bm25_hamming,BM25 + Hamming,1553,1,52.41733300499618
fiqa,bm25_hamming,BM25 + Hamming,1553,2,52.37262509763241
fiqa,bm25_hamming,BM25 + Hamming,1553,3,52.41662496700883
fiqa,bm25_hamming,BM25 + Hamming,1553,4,52.283416967839
fiqa,bm25_hamming,BM25 + Hamming,1553,5,52.44533403310925
fiqa,bm25_hamming,BM25 + Hamming,1553,6,52.42870806250721
fiqa,bm25_hamming,BM25 + Hamming,1553,7,52.377167041413486
fiqa,bm25_hamming,BM25 + Hamming,1553,8,52.358999964781106
fiqa,bm25_hamming,BM25 + Hamming,1553,9,52.434166078455746
fiqa,bm25_hamming,BM25 + Hamming,3076,0,85.96162497997284
fiqa,bm25_hamming,BM25 + Hamming,3076,1,85.55612503550947
fiqa,bm25_hamming,BM25 + Hamming,3076,2,85.58237494435161
fiqa,bm25_hamming,BM25 + Hamming,3076,3,85.4501660214737
fiqa,bm25_hamming,BM25 + Hamming,3076,4,85.62895795330405
fiqa,bm25_hamming,BM25 + Hamming,3076,5,85.48574999440461
fiqa,bm25_hamming,BM25 + Hamming,3076,6,85.3922920068726
fiqa,bm25_hamming,BM25 + Hamming,3076,7,85.09887498803437
fiqa,bm25_hamming,BM25 + Hamming,3076,8,84.80470802169293
fiqa,bm25_hamming,BM25 + Hamming,3076,9,84.4028330175206
fiqa,bm25_hamming,BM25 + Hamming,3218,0,59.68033301178366
fiqa,bm25_hamming,BM25 + Hamming,3218,1,59.907999937422574
fiqa,bm25_hamming,BM25 + Hamming,3218,2,59.75362507160753
fiqa,bm25_hamming,BM25 + Hamming,3218,3,60.501958010718226
fiqa,bm25_hamming,BM25 + Hamming,3218,4,74.36691597104073
fiqa,bm25_hamming,BM25 + Hamming,3218,5,71.60541601479053
fiqa,bm25_hamming,BM25 + Hamming,3218,6,60.49337505828589
fiqa,bm25_hamming,BM25 + Hamming,3218,7,60.492124990560114
fiqa,bm25_hamming,BM25 + Hamming,3218,8,60.78074988909066
fiqa,bm25_hamming,BM25 + Hamming,3218,9,60.621708049438894
fiqa,bm25_hamming,BM25 + Hamming,6164,0,83.15762504935265
fiqa,bm25_hamming,BM25 + Hamming,6164,1,83.32804194651544
fiqa,bm25_hamming,BM25 + Hamming,6164,2,88.76816602423787
fiqa,bm25_hamming,BM25 + Hamming,6164,3,83.58187507838011
fiqa,bm25_hamming,BM25 + Hamming,6164,4,83.00375007092953
fiqa,bm25_hamming,BM25 + Hamming,6164,5,82.96604198403656
fiqa,bm25_hamming,BM25 + Hamming,6164,6,82.680374966003
fiqa,bm25_hamming,BM25 + Hamming,6164,7,82.41324999835342
fiqa,bm25_hamming,BM25 + Hamming,6164,8,82.42258301470429
fiqa,bm25_hamming,BM25 + Hamming,6164,9,82.29037490673363
fiqa,bm25_hamming,BM25 + Hamming,7170,0,60.29295804910362
fiqa,bm25_hamming,BM25 + Hamming,7170,1,60.56558294221759
fiqa,bm25_hamming,BM25 + Hamming,7170,2,60.63691701274365
fiqa,bm25_hamming,BM25 + Hamming,7170,3,60.14145805966109
fiqa,bm25_hamming,BM25 + Hamming,7170,4,60.61179097741842
fiqa,bm25_hamming,BM25 + Hamming,7170,5,61.07704096939415
fiqa,bm25_hamming,BM25 + Hamming,7170,6,60.32020796556026
fiqa,bm25_hamming,BM25 + Hamming,7170,7,60.64904201775789
fiqa,bm25_hamming,BM25 + Hamming,7170,8,60.582291102036834
fiqa,bm25_hamming,BM25 + Hamming,7170,9,60.60337496455759
fiqa,bm25_cosine_int8,BM25 + Cosine (int8),1431,0,125.80537504982203
fiqa,bm25_cosine_int8,BM25 + Cosine (int8),1431,1,115.57366594206542
fiqa,bm25_cosine_int8,BM25 + Cosine (int8),1431,2,118.17029200028628
fiqa,bm25_cosine_int8,BM25 + Cosine (int8),1431,3,118.91312501393259
fiqa,bm25_cosine_int8,BM25 + Cosine (int8),1431,4,120.05141598638147
fiqa,bm25_cosine_int8,BM25 + Cosine (int8),1431,5,123.28337493818253
fiqa,bm25_cosine_int8,BM25 + Cosine (int8),1431,6,121.11937499139458
fiqa,bm25_cosine_int8,BM25 + Cosine (int8),1431,7,121.18279095739126
fiqa,bm25_cosine_int8,BM25 + Cosine (int8),1431,8,116.8320830911398
fiqa,bm25_cosine_int8,BM25 + Cosine (int8),1431,9,115.10454199742526
fiqa,bm25_cosine_int8,BM25 + Cosine (int8),7062,0,74.6077080257237
fiqa,bm25_cosine_int8,BM25 + Cosine (int8),7062,1,73.65854200907052
fiqa,bm25_cosine_int8,BM25 + Cosine (int8),7062,2,74.99850005842745
fiqa,bm25_cosine_int8,BM25 + Cosine (int8),7062,3,74.02391696814448
fiqa,bm25_cosine_int8,BM25 + Cosine (int8),7062,4,75.09241695515811
fiqa,bm25_cosine_int8,BM25 + Cosine (int8),7062,5,87.1596250217408
fiqa,bm25_cosine_int8,BM25 + Cosine (int8),7062,6,75.00154210720211
fiqa,bm25_cosine_int8,BM25 + Cosine (int8),7062,7,74.82337497640401
fiqa,bm25_cosine_int8,BM25 + Cosine (int8),7062,8,77.71783298812807
fiqa,bm25_cosine_int8,BM25 + Cosine (int8),7062,9,74.70687502063811
fiqa,bm25_cosine_int8,BM25 + Cosine (int8),5219,0,151.75666601862758
fiqa,bm25_cosine_int8,BM25 + Cosine (int8),5219,1,153.38037500623614
fiqa,bm25_cosine_int8,BM25 + Cosine (int8),5219,2,152.43812499102205
fiqa,bm25_cosine_int8,BM25 + Cosine (int8),5219,3,151.4389170333743
fiqa,bm25_cosine_int8,BM25 + Cosine (int8),5219,4,151.34216705337167
fiqa,bm25_cosine_int8,BM25 + Cosine (int8),5219,5,151.07133390847594
fiqa,bm25_cosine_int8,BM25 + Cosine (int8),5219,6,151.32095804437995
fiqa,bm25_cosine_int8,BM25 + Cosine (int8),5219,7,151.76362497732043
fiqa,bm25_cosine_int8,BM25 + Cosine (int8),5219,8,151.6670830314979
fiqa,bm25_cosine_int8,BM25 + Cosine (int8),5219,9,157.95833396259695
fiqa,bm25_cosine_int8,BM25 + Cosine (int8),10554,0,103.50866708904505
fiqa,bm25_cosine_int8,BM25 + Cosine (int8),10554,1,103.11299993190914
fiqa,bm25_cosine_int8,BM25 + Cosine (int8),10554,2,103.30970794893801
fiqa,bm25_cosine_int8,BM25 + Cosine (int8),10554,3,104.83491595368832
fiqa,bm25_cosine_int8,BM25 + Cosine (int8),10554,4,104.38712500035763
fiqa,bm25_cosine_int8,BM25 + Cosine (int8),10554,5,103.659666958265
fiqa,bm25_cosine_int8,BM25 + Cosine (int8),10554,6,103.73979096766561
fiqa,bm25_cosine_int8,BM25 + Cosine (int8),10554,7,106.01266694720834
fiqa,bm25_cosine_int8,BM25 + Cosine (int8),10554,8,103.40949997771531
fiqa,bm25_cosine_int8,BM25 + Cosine (int8),10554,9,103.44083397649229
fiqa,bm25_cosine_int8,BM25 + Cosine (int8),10518,0,118.5214170254767
fiqa,bm25_cosine_int8,BM25 + Cosine (int8),10518,1,127.05779203679413
fiqa,bm25_cosine_int8,BM25 + Cosine (int8),10518,2,119.03349997010082
fiqa,bm25_cosine_int8,BM25 + Cosine (int8),10518,3,118.74766601249576
fiqa,bm25_cosine_int8,BM25 + Cosine (int8),10518,4,118.81212505977601
fiqa,bm25_cosine_int8,BM25 + Cosine (int8),10518,5,121.5635419357568
fiqa,bm25_cosine_int8,BM25 + Cosine (int8),10518,6,122.79408308677375
fiqa,bm25_cosine_int8,BM25 + Cosine (int8),10518,7,120.61099999118596
fiqa,bm25_cosine_int8,BM25 + Cosine (int8),10518,8,119.18316700030118
fiqa,bm25_cosine_int8,BM25 + Cosine (int8),10518,9,123.8125420641154
fiqa,bm25_cosine_int8,BM25 + Cosine (int8),1553,0,114.66583306901157
fiqa,bm25_cosine_int8,BM25 + Cosine (int8),1553,1,98.36533304769546
fiqa,bm25_cosine_int8,BM25 + Cosine (int8),1553,2,98.46491704229265
fiqa,bm25_cosine_int8,BM25 + Cosine (int8),1553,3,96.74154093954712
fiqa,bm25_cosine_int8,BM25 + Cosine (int8),1553,4,93.02691696211696
fiqa,bm25_cosine_int8,BM25 + Cosine (int8),1553,5,93.33162498660386
fiqa,bm25_cosine_int8,BM25 + Cosine (int8),1553,6,92.90204208809882
fiqa,bm25_cosine_int8,BM25 + Cosine (int8),1553,7,92.99708297476172
fiqa,bm25_cosine_int8,BM25 + Cosine (int8),1553,8,93.024457921274
fiqa,bm25_cosine_int8,BM25 + Cosine (int8),1553,9,93.77200005110353
fiqa,bm25_cosine_int8,BM25 + Cosine (int8),3076,0,126.52799999341369
fiqa,bm25_cosine_int8,BM25 + Cosine (int8),3076,1,128.31191695295274
fiqa,bm25_cosine_int8,BM25 + Cosine (int8),3076,2,132.99012498464435
fiqa,bm25_cosine_int8,BM25 + Cosine (int8),3076,3,128.39787499979138
fiqa,bm25_cosine_int8,BM25 + Cosine (int8),3076,4,126.07845803722739
fiqa,bm25_cosine_int8,BM25 + Cosine (int8),3076,5,125.69216708652675
fiqa,bm25_cosine_int8,BM25 + Cosine (int8),3076,6,126.25287496484816
fiqa,bm25_cosine_int8,BM25 + Cosine (int8),3076,7,126.08408299274743
fiqa,bm25_cosine_int8,BM25 + Cosine (int8),3076,8,125.8709579706192
fiqa,bm25_cosine_int8,BM25 + Cosine (int8),3076,9,127.9235000256449
fiqa,bm25_cosine_int8,BM25 + Cosine (int8),3218,0,100.86975002195686
fiqa,bm25_cosine_int8,BM25 + Cosine (int8),3218,1,100.76504200696945
fiqa,bm25_cosine_int8,BM25 + Cosine (int8),3218,2,101.40312497969717
fiqa,bm25_cosine_int8,BM25 + Cosine (int8),3218,3,100.81266600172967
fiqa,bm25_cosine_int8,BM25 + Cosine (int8),3218,4,102.05391701310873
fiqa,bm25_cosine_int8,BM25 + Cosine (int8),3218,5,101.0627499781549
fiqa,bm25_cosine_int8,BM25 + Cosine (int8),3218,6,101.16995801217854
fiqa,bm25_cosine_int8,BM25 + Cosine (int8),3218,7,100.94316699542105
fiqa,bm25_cosine_int8,BM25 + Cosine (int8),3218,8,101.97958291973919
fiqa,bm25_cosine_int8,BM25 + Cosine (int8),3218,9,101.09812498558313
fiqa,bm25_cosine_int8,BM25 + Cosine (int8),6164,0,123.30933299381286
fiqa,bm25_cosine_int8,BM25 + Cosine (int8),6164,1,125.97137503325939
fiqa,bm25_cosine_int8,BM25 + Cosine (int8),6164,2,124.42429107613862
fiqa,bm25_cosine_int8,BM25 + Cosine (int8),6164,3,123.70554101653397
fiqa,bm25_cosine_int8,BM25 + Cosine (int8),6164,4,123.66012507118285
fiqa,bm25_cosine_int8,BM25 + Cosine (int8),6164,5,126.41804106533527
fiqa,bm25_cosine_int8,BM25 + Cosine (int8),6164,6,123.59912495594472
fiqa,bm25_cosine_int8,BM25 + Cosine (int8),6164,7,123.85895801708102
fiqa,bm25_cosine_int8,BM25 + Cosine (int8),6164,8,126.33599992841482
fiqa,bm25_cosine_int8,BM25 + Cosine (int8),6164,9,123.70566697791219
fiqa,bm25_cosine_int8,BM25 + Cosine (int8),7170,0,101.28170798998326
fiqa,bm25_cosine_int8,BM25 + Cosine (int8),7170,1,101.40512499492615
fiqa,bm25_cosine_int8,BM25 + Cosine (int8),7170,2,101.48604097776115
fiqa,bm25_cosine_int8,BM25 + Cosine (int8),7170,3,103.97279099561274
fiqa,bm25_cosine_int8,BM25 + Cosine (int8),7170,4,101.34041705168784
fiqa,bm25_cosine_int8,BM25 + Cosine (int8),7170,5,109.63891702704132
fiqa,bm25_cosine_int8,BM25 + Cosine (int8),7170,6,105.5636249948293
fiqa,bm25_cosine_int8,BM25 + Cosine (int8),7170,7,101.77779197692871
fiqa,bm25_cosine_int8,BM25 + Cosine (int8),7170,8,101.69508401304483
fiqa,bm25_cosine_int8,BM25 + Cosine (int8),7170,9,102.20175003632903
fiqa,bm25_cosine_float,BM25 + Cosine (float),1431,0,327.3520830553025
fiqa,bm25_cosine_float,BM25 + Cosine (float),1431,1,308.09049995150417
fiqa,bm25_cosine_float,BM25 + Cosine (float),1431,2,308.408708893694
fiqa,bm25_cosine_float,BM25 + Cosine (float),1431,3,313.77000000793487
fiqa,bm25_cosine_float,BM25 + Cosine (float),1431,4,307.66399996355176
fiqa,bm25_cosine_float,BM25 + Cosine (float),1431,5,308.84504097048193
fiqa,bm25_cosine_float,BM25 + Cosine (float),1431,6,308.19737492129207
fiqa,bm25_cosine_float,BM25 + Cosine (float),1431,7,312.16312502510846
fiqa,bm25_cosine_float,BM25 + Cosine (float),1431,8,310.45520899351686
fiqa,bm25_cosine_float,BM25 + Cosine (float),1431,9,321.69591693673283
fiqa,bm25_cosine_float,BM25 + Cosine (float),7062,0,267.27254095021635
fiqa,bm25_cosine_float,BM25 + Cosine (float),7062,1,268.1794579839334
fiqa,bm25_cosine_float,BM25 + Cosine (float),7062,2,279.67370802070946
fiqa,bm25_cosine_float,BM25 + Cosine (float),7062,3,267.5891660619527
fiqa,bm25_cosine_float,BM25 + Cosine (float),7062,4,268.3776670601219
fiqa,bm25_cosine_float,BM25 + Cosine (float),7062,5,268.10945791658014
fiqa,bm25_cosine_float,BM25 + Cosine (float),7062,6,275.55195800960064
fiqa,bm25_cosine_float,BM25 + Cosine (float),7062,7,274.08066601492465
fiqa,bm25_cosine_float,BM25 + Cosine (float),7062,8,269.0492500551045
fiqa,bm25_cosine_float,BM25 + Cosine (float),7062,9,268.8464999664575
fiqa,bm25_cosine_float,BM25 + Cosine (float),5219,0,346.43975005019456
fiqa,bm25_cosine_float,BM25 + Cosine (float),5219,1,347.0266670919955
fiqa,bm25_cosine_float,BM25 + Cosine (float),5219,2,362.1071249945089
fiqa,bm25_cosine_float,BM25 + Cosine (float),5219,3,362.68266709521413
fiqa,bm25_cosine_float,BM25 + Cosine (float),5219,4,348.2722499174997
fiqa,bm25_cosine_float,BM25 + Cosine (float),5219,5,347.5758330896497
fiqa,bm25_cosine_float,BM25 + Cosine (float),5219,6,347.9821659857407
fiqa,bm25_cosine_float,BM25 + Cosine (float),5219,7,353.4711670363322
fiqa,bm25_cosine_float,BM25 + Cosine (float),5219,8,379.4719169382006
fiqa,bm25_cosine_float,BM25 + Cosine (float),5219,9,354.65991706587374
fiqa,bm25_cosine_float,BM25 + Cosine (float),10554,0,298.48066705744714
fiqa,bm25_cosine_float,BM25 + Cosine (float),10554,1,300.2374169882387
fiqa,bm25_cosine_float,BM25 + Cosine (float),10554,2,303.05495799984783
fiqa,bm25_cosine_float,BM25 + Cosine (float),10554,3,313.1662911036983
fiqa,bm25_cosine_float,BM25 + Cosine (float),10554,4,303.6490420345217
fiqa,bm25_cosine_float,BM25 + Cosine (float),10554,5,299.73466705996543
fiqa,bm25_cosine_float,BM25 + Cosine (float),10554,6,299.34312496334314
fiqa,bm25_cosine_float,BM25 + Cosine (float),10554,7,305.8527500834316
fiqa,bm25_cosine_float,BM25 + Cosine (float),10554,8,300.7755409926176
fiqa,bm25_cosine_float,BM25 + Cosine (float),10554,9,308.0160419922322
fiqa,bm25_cosine_float,BM25 + Cosine (float),10518,0,314.1124580288306
fiqa,bm25_cosine_float,BM25 + Cosine (float),10518,1,312.9398329183459
fiqa,bm25_cosine_float,BM25 + Cosine (float),10518,2,313.88775003142655
fiqa,bm25_cosine_float,BM25 + Cosine (float),10518,3,314.22958290204406
fiqa,bm25_cosine_float,BM25 + Cosine (float),10518,4,314.100541989319
fiqa,bm25_cosine_float,BM25 + Cosine (float),10518,5,334.5498329726979
fiqa,bm25_cosine_float,BM25 + Cosine (float),10518,6,327.4614999536425
fiqa,bm25_cosine_float,BM25 + Cosine (float),10518,7,314.86949999816716
fiqa,bm25_cosine_float,BM25 + Cosine (float),10518,8,315.5622499762103
fiqa,bm25_cosine_float,BM25 + Cosine (float),10518,9,314.4168750150129
fiqa,bm25_cosine_float,BM25 + Cosine (float),1553,0,296.35687498375773
fiqa,bm25_cosine_float,BM25 + Cosine (float),1553,1,295.3999999444932
fiqa,bm25_cosine_float,BM25 + Cosine (float),1553,2,288.94208394922316
fiqa,bm25_cosine_float,BM25 + Cosine (float),1553,3,290.4700830113143
fiqa,bm25_cosine_float,BM25 + Cosine (float),1553,4,288.8007080182433
fiqa,bm25_cosine_float,BM25 + Cosine (float),1553,5,288.7914590537548
fiqa,bm25_cosine_float,BM25 + Cosine (float),1553,6,289.89754198119044
fiqa,bm25_cosine_float,BM25 + Cosine (float),1553,7,293.57212502509356
fiqa,bm25_cosine_float,BM25 + Cosine (float),1553,8,289.5502499304712
fiqa,bm25_cosine_float,BM25 + Cosine (float),1553,9,288.29533397220075
fiqa,bm25_cosine_float,BM25 + Cosine (float),3076,0,322.3852919181809
fiqa,bm25_cosine_float,BM25 + Cosine (float),3076,1,324.20195906888694
fiqa,bm25_cosine_float,BM25 + Cosine (float),3076,2,322.8151249932125
fiqa,bm25_cosine_float,BM25 + Cosine (float),3076,3,326.75791601650417
fiqa,bm25_cosine_float,BM25 + Cosine (float),3076,4,323.72691691853106
fiqa,bm25_cosine_float,BM25 + Cosine (float),3076,5,322.3889999790117
fiqa,bm25_cosine_float,BM25 + Cosine (float),3076,6,330.50616702530533
fiqa,bm25_cosine_float,BM25 + Cosine (float),3076,7,326.1622920399532
fiqa,bm25_cosine_float,BM25 + Cosine (float),3076,8,324.0544169675559
fiqa,bm25_cosine_float,BM25 + Cosine (float),3076,9,337.1946249390021
fiqa,bm25_cosine_float,BM25 + Cosine (float),3218,0,298.262458993122
fiqa,bm25_cosine_float,BM25 + Cosine (float),3218,1,298.1043750187382
fiqa,bm25_cosine_float,BM25 + Cosine (float),3218,2,298.20049996487796
fiqa,bm25_cosine_float,BM25 + Cosine (float),3218,3,297.83625004347414
fiqa,bm25_cosine_float,BM25 + Cosine (float),3218,4,299.0424999734387
fiqa,bm25_cosine_float,BM25 + Cosine (float),3218,5,312.601541983895
fiqa,bm25_cosine_float,BM25 + Cosine (float),3218,6,300.55700009688735
fiqa,bm25_cosine_float,BM25 + Cosine (float),3218,7,298.46233292482793
fiqa,bm25_cosine_float,BM25 + Cosine (float),3218,8,298.99454093538225
fiqa,bm25_cosine_float,BM25 + Cosine (float),3218,9,298.23179193772376
fiqa,bm25_cosine_float,BM25 + Cosine (float),6164,0,325.806749984622
fiqa,bm25_cosine_float,BM25 + Cosine (float),6164,1,321.6222090413794
fiqa,bm25_cosine_float,BM25 + Cosine (float),6164,2,324.70875000581145
fiqa,bm25_cosine_float,BM25 + Cosine (float),6164,3,325.8009160635993
fiqa,bm25_cosine_float,BM25 + Cosine (float),6164,4,323.6213750205934
fiqa,bm25_cosine_float,BM25 + Cosine (float),6164,5,322.5364580284804
fiqa,bm25_cosine_float,BM25 + Cosine (float),6164,6,332.45470898691565
fiqa,bm25_cosine_float,BM25 + Cosine (float),6164,7,347.0616670092568
fiqa,bm25_cosine_float,BM25 + Cosine (float),6164,8,322.37654202617705
fiqa,bm25_cosine_float,BM25 + Cosine (float),6164,9,324.7089170617983
fiqa,bm25_cosine_float,BM25 + Cosine (float),7170,0,298.9076660014689
fiqa,bm25_cosine_float,BM25 + Cosine (float),7170,1,298.8061660435051
fiqa,bm25_cosine_float,BM25 + Cosine (float),7170,2,309.95174997951835
fiqa,bm25_cosine_float,BM25 + Cosine (float),7170,3,306.74525001086295
fiqa,bm25_cosine_float,BM25 + Cosine (float),7170,4,299.6285828994587
fiqa,bm25_cosine_float,BM25 + Cosine (float),7170,5,306.24900001566857
fiqa,bm25_cosine_float,BM25 + Cosine (float),7170,6,302.2521249949932
fiqa,bm25_cosine_float,BM25 + Cosine (float),7170,7,299.80750009417534
fiqa,bm25_cosine_float,BM25 + Cosine (float),7170,8,299.1726250620559
fiqa,bm25_cosine_float,BM25 + Cosine (float),7170,9,317.4180838977918
fiqa,hamming,Hamming,1431,0,10.625499999150634
fiqa,hamming,Hamming,1431,1,10.344249894842505
fiqa,hamming,Hamming,1431,2,10.257583926431835
fiqa,hamming,Hamming,1431,3,10.257499990984797
fiqa,hamming,Hamming,1431,4,10.243874974548817
fiqa,hamming,Hamming,1431,5,10.293624945916235
fiqa,hamming,Hamming,1431,6,10.379416984505951
fiqa,hamming,Hamming,1431,7,10.285332915373147
fiqa,hamming,Hamming,1431,8,10.142499930225313
fiqa,hamming,Hamming,1431,9,10.16170799266547
fiqa,hamming,Hamming,7062,0,10.405707987956703
fiqa,hamming,Hamming,7062,1,10.294207953847945
fiqa,hamming,Hamming,7062,2,10.27049997355789
fiqa,hamming,Hamming,7062,3,10.33633400220424
fiqa,hamming,Hamming,7062,4,10.266207973472774
fiqa,hamming,Hamming,7062,5,9.971291990950704
fiqa,hamming,Hamming,7062,6,10.106874979101121
fiqa,hamming,Hamming,7062,7,10.246083955280483
fiqa,hamming,Hamming,7062,8,10.290458099916577
fiqa,hamming,Hamming,7062,9,10.282874922268093
fiqa,hamming,Hamming,5219,0,10.50154201220721
fiqa,hamming,Hamming,5219,1,10.040292050689459
fiqa,hamming,Hamming,5219,2,10.3150000795722
fiqa,hamming,Hamming,5219,3,10.391124989837408
fiqa,hamming,Hamming,5219,4,10.374457924626768
fiqa,hamming,Hamming,5219,5,10.361041990108788
fiqa,hamming,Hamming,5219,6,10.387708083726466
fiqa,hamming,Hamming,5219,7,10.375999961979687
fiqa,hamming,Hamming,5219,8,10.467416956089437
fiqa,hamming,Hamming,5219,9,10.398417012766004
fiqa,hamming,Hamming,10554,0,7.65037490054965
fiqa,hamming,Hamming,10554,1,7.802334032021463
fiqa,hamming,Hamming,10554,2,7.830666960217059
fiqa,hamming,Hamming,10554,3,7.764750043861568
fiqa,hamming,Hamming,10554,4,7.792999967932701
fiqa,hamming,Hamming,10554,5,7.775833015330136
fiqa,hamming,Hamming,10554,6,7.768832962028682
fiqa,hamming,Hamming,10554,7,7.771790958940983
fiqa,hamming,Hamming,10554,8,7.632417022250593
fiqa,hamming,Hamming,10554,9,7.51904200296849
fiqa,hamming,Hamming,10518,0,7.738583022728562
fiqa,hamming,Hamming,10518,1,7.71287502720952
fiqa,hamming,Hamming,10518,2,8.26395908370614
fiqa,hamming,Hamming,10518,3,7.7932089334353805
fiqa,hamming,Hamming,10518,4,7.8758749878034
fiqa,hamming,Hamming,10518,5,7.727291085757315
fiqa,hamming,Hamming,10518,6,7.879541954025626
fiqa,hamming,Hamming,10518,7,7.743082940578461
fiqa,hamming,Hamming,10518,8,7.883292040787637
fiqa,hamming,Hamming,10518,9,7.728999946266413
fiqa,hamming,Hamming,1553,0,10.283499956130981
fiqa,hamming,Hamming,1553,1,10.116083081811666
fiqa,hamming,Hamming,1553,2,10.292625054717064
fiqa,hamming,Hamming,1553,3,10.198666946962476
fiqa,hamming,Hamming,1553,4,10.47962496522814
fiqa,hamming,Hamming,1553,5,10.44704089872539
fiqa,hamming,Hamming,1553,6,10.290915961377323
fiqa,hamming,Hamming,1553,7,10.413208976387978
fiqa,hamming,Hamming,1553,8,10.293958010151982
fiqa,hamming,Hamming,1553,9,10.433332994580269
fiqa,hamming,Hamming,3076,0,9.228375041857362
fiqa,hamming,Hamming,3076,1,9.480874985456467
fiqa,hamming,Hamming,3076,2,9.625166072510183
fiqa,hamming,Hamming,3076,3,9.498291998170316
fiqa,hamming,Hamming,3076,4,9.725540992803872
fiqa,hamming,Hamming,3076,5,9.52541595324874
fiqa,hamming,Hamming,3076,6,9.68858296982944
fiqa,hamming,Hamming,3076,7,9.592500049620867
fiqa,hamming,Hamming,3076,8,9.672292042523623
fiqa,hamming,Hamming,3076,9,9.649458923377097
fiqa,hamming,Hamming,3218,0,9.998290915973485
fiqa,hamming,Hamming,3218,1,9.980040951631963
fiqa,hamming,Hamming,3218,2,9.606500039808452
fiqa,hamming,Hamming,3218,3,10.112875024788082
fiqa,hamming,Hamming,3218,4,9.95179102756083
fiqa,hamming,Hamming,3218,5,9.944958030246198
fiqa,hamming,Hamming,3218,6,9.930792031809688
fiqa,hamming,Hamming,3218,7,10.037750005722046
fiqa,hamming,Hamming,3218,8,9.9917909828946
fiqa,hamming,Hamming,3218,9,9.94191609788686
fiqa,hamming,Hamming,6164,0,10.961208026856184
fiqa,hamming,Hamming,6164,1,10.84904104936868
fiqa,hamming,Hamming,6164,2,10.922124958597124
fiqa,hamming,Hamming,6164,3,10.58062503580004
fiqa,hamming,Hamming,6164,4,10.686916997656226
fiqa,hamming,Hamming,6164,5,10.899584041908383
fiqa,hamming,Hamming,6164,6,10.957333026453853
fiqa,hamming,Hamming,6164,7,10.828124941326678
fiqa,hamming,Hamming,6164,8,11.61987497471273
fiqa,hamming,Hamming,6164,9,11.770040960982442
fiqa,hamming,Hamming,7170,0,11.819374980404973
fiqa,hamming,Hamming,7170,1,11.157457949593663
fiqa,hamming,Hamming,7170,2,10.920082917436957
fiqa,hamming,Hamming,7170,3,10.971375042572618
fiqa,hamming,Hamming,7170,4,10.975291952490807
fiqa,hamming,Hamming,7170,5,10.909707983955741
fiqa,hamming,Hamming,7170,6,10.970333009026945
fiqa,hamming,Hamming,7170,7,10.980959050357342
fiqa,hamming,Hamming,7170,8,10.89070807211101
fiqa,hamming,Hamming,7170,9,10.974708944559097
fiqa,hamming_cosine_int8,Hamming + Cosine (int8),1431,0,65.41716703213751
fiqa,hamming_cosine_int8,Hamming + Cosine (int8),1431,1,63.83583298884332
fiqa,hamming_cosine_int8,Hamming + Cosine (int8),1431,2,57.977415970526636
fiqa,hamming_cosine_int8,Hamming + Cosine (int8),1431,3,57.320416904985905
fiqa,hamming_cosine_int8,Hamming + Cosine (int8),1431,4,57.21174995414913
fiqa,hamming_cosine_int8,Hamming + Cosine (int8),1431,5,57.375875068828464
fiqa,hamming_cosine_int8,Hamming + Cosine (int8),1431,6,59.725375031121075
fiqa,hamming_cosine_int8,Hamming + Cosine (int8),1431,7,58.21633304003626
fiqa,hamming_cosine_int8,Hamming + Cosine (int8),1431,8,62.592542031779885
fiqa,hamming_cosine_int8,Hamming + Cosine (int8),1431,9,65.2852919884026
fiqa,hamming_cosine_int8,Hamming + Cosine (int8),7062,0,58.26470896136016
fiqa,hamming_cosine_int8,Hamming + Cosine (int8),7062,1,57.970041991211474
fiqa,hamming_cosine_int8,Hamming + Cosine (int8),7062,2,58.16200003027916
fiqa,hamming_cosine_int8,Hamming + Cosine (int8),7062,3,57.715000002644956
fiqa,hamming_cosine_int8,Hamming + Cosine (int8),7062,4,57.508833007887006
fiqa,hamming_cosine_int8,Hamming + Cosine (int8),7062,5,58.057208894751966
fiqa,hamming_cosine_int8,Hamming + Cosine (int8),7062,6,57.97662504483014
fiqa,hamming_cosine_int8,Hamming + Cosine (int8),7062,7,60.30700006522238
fiqa,hamming_cosine_int8,Hamming + Cosine (int8),7062,8,60.20787497982383
fiqa,hamming_cosine_int8,Hamming + Cosine (int8),7062,9,57.93754104524851
fiqa,hamming_cosine_int8,Hamming + Cosine (int8),5219,0,57.8237910522148
fiqa,hamming_cosine_int8,Hamming + Cosine (int8),5219,1,61.15254107862711
fiqa,hamming_cosine_int8,Hamming + Cosine (int8),5219,2,58.40187496505678
fiqa,hamming_cosine_int8,Hamming + Cosine (int8),5219,3,57.82325007021427
fiqa,hamming_cosine_int8,Hamming + Cosine (int8),5219,4,58.443791000172496
fiqa,hamming_cosine_int8,Hamming + Cosine (int8),5219,5,60.870249988511205
fiqa,hamming_cosine_int8,Hamming + Cosine (int8),5219,6,58.51212504785508
fiqa,hamming_cosine_int8,Hamming + Cosine (int8),5219,7,57.98279191367328
fiqa,hamming_cosine_int8,Hamming + Cosine (int8),5219,8,58.19729098584503
fiqa,hamming_cosine_int8,Hamming + Cosine (int8),5219,9,58.11999994330108
fiqa,hamming_cosine_int8,Hamming + Cosine (int8),10554,0,55.915583041496575
fiqa,hamming_cosine_int8,Hamming + Cosine (int8),10554,1,56.087707984261215
fiqa,hamming_cosine_int8,Hamming + Cosine (int8),10554,2,56.108708027750254
fiqa,hamming_cosine_int8,Hamming + Cosine (int8),10554,3,55.881000007502735
fiqa,hamming_cosine_int8,Hamming + Cosine (int8),10554,4,60.449167038314044
fiqa,hamming_cosine_int8,Hamming + Cosine (int8),10554,5,57.41629202384502
fiqa,hamming_cosine_int8,Hamming + Cosine (int8),10554,6,57.27433296851814
fiqa,hamming_cosine_int8,Hamming + Cosine (int8),10554,7,57.09291703533381
fiqa,hamming_cosine_int8,Hamming + Cosine (int8),10554,8,57.207874953746796
fiqa,hamming_cosine_int8,Hamming + Cosine (int8),10554,9,55.36966596264392
fiqa,hamming_cosine_int8,Hamming + Cosine (int8),10518,0,97.2849999088794
fiqa,hamming_cosine_int8,Hamming + Cosine (int8),10518,1,56.318167014978826
fiqa,hamming_cosine_int8,Hamming + Cosine (int8),10518,2,55.66070799250156
fiqa,hamming_cosine_int8,Hamming + Cosine (int8),10518,3,55.733832996338606
fiqa,hamming_cosine_int8,Hamming + Cosine (int8),10518,4,55.49579102080315
fiqa,hamming_cosine_int8,Hamming + Cosine (int8),10518,5,58.64733306225389
fiqa,hamming_cosine_int8,Hamming + Cosine (int8),10518,6,56.505125015974045
fiqa,hamming_cosine_int8,Hamming + Cosine (int8),10518,7,56.89845804590732
fiqa,hamming_cosine_int8,Hamming + Cosine (int8),10518,8,55.72750000283122
fiqa,hamming_cosine_int8,Hamming + Cosine (int8),10518,9,55.463750031776726
fiqa,hamming_cosine_int8,Hamming + Cosine (int8),1553,0,57.204540935344994
fiqa,hamming_cosine_int8,Hamming + Cosine (int8),1553,1,57.71058390382677
fiqa,hamming_cosine_int8,Hamming + Cosine (int8),1553,2,59.46379201486707
fiqa,hamming_cosine_int8,Hamming + Cosine (int8),1553,3,58.38320904877037
fiqa,hamming_cosine_int8,Hamming + Cosine (int8),1553,4,58.73283394612372
fiqa,hamming_cosine_int8,Hamming + Cosine (int8),1553,5,58.247042004950345
fiqa,hamming_cosine_int8,Hamming + Cosine (int8),1553,6,57.63395794201642
fiqa,hamming_cosine_int8,Hamming + Cosine (int8),1553,7,57.42837500292808
fiqa,hamming_cosine_int8,Hamming + Cosine (int8),1553,8,58.310916065238416
fiqa,hamming_cosine_int8,Hamming + Cosine (int8),1553,9,57.862750021740794
fiqa,hamming_cosine_int8,Hamming + Cosine (int8),3076,0,56.8100840318948
fiqa,hamming_cosine_int8,Hamming + Cosine (int8),3076,1,56.778332917019725
fiqa,hamming_cosine_int8,Hamming + Cosine (int8),3076,2,57.176209054887295
fiqa,hamming_cosine_int8,Hamming + Cosine (int8),3076,3,57.57033301051706
fiqa,hamming_cosine_int8,Hamming + Cosine (int8),3076,4,57.199375005438924
fiqa,hamming_cosine_int8,Hamming + Cosine (int8),3076,5,56.963999988511205
fiqa,hamming_cosine_int8,Hamming + Cosine (int8),3076,6,58.6357080610469
fiqa,hamming_cosine_int8,Hamming + Cosine (int8),3076,7,57.1132090408355
fiqa,hamming_cosine_int8,Hamming + Cosine (int8),3076,8,57.56762495730072
fiqa,hamming_cosine_int8,Hamming + Cosine (int8),3076,9,58.898583985865116
fiqa,hamming_cosine_int8,Hamming + Cosine (int8),3218,0,57.417624979279935
fiqa,hamming_cosine_int8,Hamming + Cosine (int8),3218,1,61.50904193054885
fiqa,hamming_cosine_int8,Hamming + Cosine (int8),3218,2,60.569000081159174
fiqa,hamming_cosine_int8,Hamming + Cosine (int8),3218,3,57.83612502273172
fiqa,hamming_cosine_int8,Hamming + Cosine (int8),3218,4,57.91924998629838
fiqa,hamming_cosine_int8,Hamming + Cosine (int8),3218,5,58.29870793968439
fiqa,hamming_cosine_int8,Hamming + Cosine (int8),3218,6,57.338333921507
fiqa,hamming_cosine_int8,Hamming + Cosine (int8),3218,7,57.09124996792525
fiqa,hamming_cosine_int8,Hamming + Cosine (int8),3218,8,57.22545797470957
fiqa,hamming_cosine_int8,Hamming + Cosine (int8),3218,9,58.21812502108514
fiqa,hamming_cosine_int8,Hamming + Cosine (int8),6164,0,57.93720798101276
fiqa,hamming_cosine_int8,Hamming + Cosine (int8),6164,1,57.90933407843113
fiqa,hamming_cosine_int8,Hamming + Cosine (int8),6164,2,58.02320805378258
fiqa,hamming_cosine_int8,Hamming + Cosine (int8),6164,3,58.37950005661696
fiqa,hamming_cosine_int8,Hamming + Cosine (int8),6164,4,60.151916928589344
fiqa,hamming_cosine_int8,Hamming + Cosine (int8),6164,5,57.83979198895395
fiqa,hamming_cosine_int8,Hamming + Cosine (int8),6164,6,58.430250035598874
fiqa,hamming_cosine_int8,Hamming + Cosine (int8),6164,7,57.90025007445365
fiqa,hamming_cosine_int8,Hamming + Cosine (int8),6164,8,58.24616691097617
fiqa,hamming_cosine_int8,Hamming + Cosine (int8),6164,9,57.97483294736594
fiqa,hamming_cosine_int8,Hamming + Cosine (int8),7170,0,58.86291596107185
fiqa,hamming_cosine_int8,Hamming + Cosine (int8),7170,1,57.85379197914153
fiqa,hamming_cosine_int8,Hamming + Cosine (int8),7170,2,57.78091598767787
fiqa,hamming_cosine_int8,Hamming + Cosine (int8),7170,3,58.29137493856251
fiqa,hamming_cosine_int8,Hamming + Cosine (int8),7170,4,58.03566693793982
fiqa,hamming_cosine_int8,Hamming + Cosine (int8),7170,5,57.91033408604562
fiqa,hamming_cosine_int8,Hamming + Cosine (int8),7170,6,57.93954199180007
fiqa,hamming_cosine_int8,Hamming + Cosine (int8),7170,7,58.12808300834149
fiqa,hamming_cosine_int8,Hamming + Cosine (int8),7170,8,57.785750017501414
fiqa,hamming_cosine_int8,Hamming + Cosine (int8),7170,9,58.90941701363772
fiqa,hamming_cosine_float,Hamming + Cosine (float),1431,0,257.45612499304116
fiqa,hamming_cosine_float,Hamming + Cosine (float),1431,1,255.0559159135446
fiqa,hamming_cosine_float,Hamming + Cosine (float),1431,2,255.9217499801889
fiqa,hamming_cosine_float,Hamming + Cosine (float),1431,3,264.6987499902025
fiqa,hamming_cosine_float,Hamming + Cosine (float),1431,4,258.73112492263317
fiqa,hamming_cosine_float,Hamming + Cosine (float),1431,5,253.30341595690697
fiqa,hamming_cosine_float,Hamming + Cosine (float),1431,6,262.5137909781188
fiqa,hamming_cosine_float,Hamming + Cosine (float),1431,7,264.6924169966951
fiqa,hamming_cosine_float,Hamming + Cosine (float),1431,8,291.26233304850757
fiqa,hamming_cosine_float,Hamming + Cosine (float),1431,9,257.76241603307426
fiqa,hamming_cosine_float,Hamming + Cosine (float),7062,0,253.87170899193734
fiqa,hamming_cosine_float,Hamming + Cosine (float),7062,1,255.96637499984354
fiqa,hamming_cosine_float,Hamming + Cosine (float),7062,2,254.52554097864777
fiqa,hamming_cosine_float,Hamming + Cosine (float),7062,3,255.01600001007318
fiqa,hamming_cosine_float,Hamming + Cosine (float),7062,4,256.1650420539081
fiqa,hamming_cosine_float,Hamming + Cosine (float),7062,5,260.70658303797245
fiqa,hamming_cosine_float,Hamming + Cosine (float),7062,6,257.6204159995541
fiqa,hamming_cosine_float,Hamming + Cosine (float),7062,7,255.09525008965284
fiqa,hamming_cosine_float,Hamming + Cosine (float),7062,8,254.10441705025733
fiqa,hamming_cosine_float,Hamming + Cosine (float),7062,9,254.3615000322461
fiqa,hamming_cosine_float,Hamming + Cosine (float),5219,0,290.8933749422431
fiqa,hamming_cosine_float,Hamming + Cosine (float),5219,1,284.7163339611143
fiqa,hamming_cosine_float,Hamming + Cosine (float),5219,2,275.05670802202076
fiqa,hamming_cosine_float,Hamming + Cosine (float),5219,3,287.6449580071494
fiqa,hamming_cosine_float,Hamming + Cosine (float),5219,4,284.78883404750377
fiqa,hamming_cosine_float,Hamming + Cosine (float),5219,5,287.2447499539703
fiqa,hamming_cosine_float,Hamming + Cosine (float),5219,6,281.2377499649301
fiqa,hamming_cosine_float,Hamming + Cosine (float),5219,7,279.41233303863555
fiqa,hamming_cosine_float,Hamming + Cosine (float),5219,8,281.5954169491306
fiqa,hamming_cosine_float,Hamming + Cosine (float),5219,9,287.85841702483594
fiqa,hamming_cosine_float,Hamming + Cosine (float),10554,0,274.2589999688789
fiqa,hamming_cosine_float,Hamming + Cosine (float),10554,1,286.53870802372694
fiqa,hamming_cosine_float,Hamming + Cosine (float),10554,2,261.32395793683827
fiqa,hamming_cosine_float,Hamming + Cosine (float),10554,3,270.9237920353189
fiqa,hamming_cosine_float,Hamming + Cosine (float),10554,4,269.4284999743104
fiqa,hamming_cosine_float,Hamming + Cosine (float),10554,5,275.5040409974754
fiqa,hamming_cosine_float,Hamming + Cosine (float),10554,6,261.7738749831915
fiqa,hamming_cosine_float,Hamming + Cosine (float),10554,7,255.58870797976851
fiqa,hamming_cosine_float,Hamming + Cosine (float),10554,8,258.9497909648344
fiqa,hamming_cosine_float,Hamming + Cosine (float),10554,9,255.46012504491955
fiqa,hamming_cosine_float,Hamming + Cosine (float),10518,0,255.93404099345207
fiqa,hamming_cosine_float,Hamming + Cosine (float),10518,1,253.29900009091944
fiqa,hamming_cosine_float,Hamming + Cosine (float),10518,2,256.4015829702839
fiqa,hamming_cosine_float,Hamming + Cosine (float),10518,3,254.82775003183633
fiqa,hamming_cosine_float,Hamming + Cosine (float),10518,4,253.40562500059605
fiqa,hamming_cosine_float,Hamming + Cosine (float),10518,5,253.36383294779807
fiqa,hamming_cosine_float,Hamming + Cosine (float),10518,6,254.44512499962002
fiqa,hamming_cosine_float,Hamming + Cosine (float),10518,7,253.76458291430026
fiqa,hamming_cosine_float,Hamming + Cosine (float),10518,8,253.43479099683464
fiqa,hamming_cosine_float,Hamming + Cosine (float),10518,9,259.35162499081343
fiqa,hamming_cosine_float,Hamming + Cosine (float),1553,0,274.64770793449134
fiqa,hamming_cosine_float,Hamming + Cosine (float),1553,1,266.29566599149257
fiqa,hamming_cosine_float,Hamming + Cosine (float),1553,2,259.3235420063138
fiqa,hamming_cosine_float,Hamming + Cosine (float),1553,3,259.5650419825688
fiqa,hamming_cosine_float,Hamming + Cosine (float),1553,4,258.92129202838987
fiqa,hamming_cosine_float,Hamming + Cosine (float),1553,5,255.6982079986483
fiqa,hamming_cosine_float,Hamming + Cosine (float),1553,6,256.0565839521587
fiqa,hamming_cosine_float,Hamming + Cosine (float),1553,7,260.00133401248604
fiqa,hamming_cosine_float,Hamming + Cosine (float),1553,8,257.65987497288734
fiqa,hamming_cosine_float,Hamming + Cosine (float),1553,9,257.026374922134
fiqa,hamming_cosine_float,Hamming + Cosine (float),3076,0,254.54445800278336
fiqa,hamming_cosine_float,Hamming + Cosine (float),3076,1,254.79208305478096
fiqa,hamming_cosine_float,Hamming + Cosine (float),3076,2,254.87504189368337
fiqa,hamming_cosine_float,Hamming + Cosine (float),3076,3,255.40358305443078
fiqa,hamming_cosine_float,Hamming + Cosine (float),3076,4,257.717041997239
fiqa,hamming_cosine_float,Hamming + Cosine (float),3076,5,256.06891606003046
fiqa,hamming_cosine_float,Hamming + Cosine (float),3076,6,255.53908303845674
fiqa,hamming_cosine_float,Hamming + Cosine (float),3076,7,254.5183749170974
fiqa,hamming_cosine_float,Hamming + Cosine (float),3076,8,254.81116597075015
fiqa,hamming_cosine_float,Hamming + Cosine (float),3076,9,254.31474996730685
fiqa,hamming_cosine_float,Hamming + Cosine (float),3218,0,255.26762497611344
fiqa,hamming_cosine_float,Hamming + Cosine (float),3218,1,258.8288750266656
fiqa,hamming_cosine_float,Hamming + Cosine (float),3218,2,257.1302499854937
fiqa,hamming_cosine_float,Hamming + Cosine (float),3218,3,257.31012504547834
fiqa,hamming_cosine_float,Hamming + Cosine (float),3218,4,258.7933340109885
fiqa,hamming_cosine_float,Hamming + Cosine (float),3218,5,257.199167041108
fiqa,hamming_cosine_float,Hamming + Cosine (float),3218,6,257.35454191453755
fiqa,hamming_cosine_float,Hamming + Cosine (float),3218,7,267.140791984275
fiqa,hamming_cosine_float,Hamming + Cosine (float),3218,8,256.0095419175923
fiqa,hamming_cosine_float,Hamming + Cosine (float),3218,9,259.63545800186694
fiqa,hamming_cosine_float,Hamming + Cosine (float),6164,0,256.7356249783188
fiqa,hamming_cosine_float,Hamming + Cosine (float),6164,1,256.2449170509353
fiqa,hamming_cosine_float,Hamming + Cosine (float),6164,2,256.3650410156697
fiqa,hamming_cosine_float,Hamming + Cosine (float),6164,3,256.4541249303147
fiqa,hamming_cosine_float,Hamming + Cosine (float),6164,4,256.91641704179347
fiqa,hamming_cosine_float,Hamming + Cosine (float),6164,5,256.74120895564556
fiqa,hamming_cosine_float,Hamming + Cosine (float),6164,6,258.952165953815
fiqa,hamming_cosine_float,Hamming + Cosine (float),6164,7,257.98741704784334
fiqa,hamming_cosine_float,Hamming + Cosine (float),6164,8,257.77929194737226
fiqa,hamming_cosine_float,Hamming + Cosine (float),6164,9,256.79441704414785
fiqa,hamming_cosine_float,Hamming + Cosine (float),7170,0,257.1052910061553
fiqa,hamming_cosine_float,Hamming + Cosine (float),7170,1,257.300709025003
fiqa,hamming_cosine_float,Hamming + Cosine (float),7170,2,257.8542080009356
fiqa,hamming_cosine_float,Hamming + Cosine (float),7170,3,259.8231250885874
fiqa,hamming_cosine_float,Hamming + Cosine (float),7170,4,258.2985839108005
fiqa,hamming_cosine_float,Hamming + Cosine (float),7170,5,258.1804170040414
fiqa,hamming_cosine_float,Hamming + Cosine (float),7170,6,259.4508749898523
fiqa,hamming_cosine_float,Hamming + Cosine (float),7170,7,257.2489579906687
fiqa,hamming_cosine_float,Hamming + Cosine (float),7170,8,257.9314169706777
fiqa,hamming_cosine_float,Hamming + Cosine (float),7170,9,257.36220891121775
fiqa,cosine_int8,Cosine (int8),1431,0,314.9209580151364
fiqa,cosine_int8,Cosine (int8),1431,1,313.9575410168618
fiqa,cosine_int8,Cosine (int8),1431,2,313.1107500521466
fiqa,cosine_int8,Cosine (int8),1431,3,312.67629098147154
fiqa,cosine_int8,Cosine (int8),1431,4,311.4737910218537
fiqa,cosine_int8,Cosine (int8),1431,5,310.7978750485927
fiqa,cosine_int8,Cosine (int8),1431,6,316.9179999968037
fiqa,cosine_int8,Cosine (int8),1431,7,310.65312505234033
fiqa,cosine_int8,Cosine (int8),1431,8,320.6830839626491
fiqa,cosine_int8,Cosine (int8),1431,9,309.1497920686379
fiqa,cosine_int8,Cosine (int8),7062,0,309.23012492712587
fiqa,cosine_int8,Cosine (int8),7062,1,311.0064169159159
fiqa,cosine_int8,Cosine (int8),7062,2,311.7738749133423
fiqa,cosine_int8,Cosine (int8),7062,3,308.44304198399186
fiqa,cosine_int8,Cosine (int8),7062,4,306.4376669935882
fiqa,cosine_int8,Cosine (int8),7062,5,306.2459999928251
fiqa,cosine_int8,Cosine (int8),7062,6,306.3949999632314
fiqa,cosine_int8,Cosine (int8),7062,7,306.6079589771107
fiqa,cosine_int8,Cosine (int8),7062,8,312.8612090367824
fiqa,cosine_int8,Cosine (int8),7062,9,305.4690830176696
fiqa,cosine_int8,Cosine (int8),5219,0,305.46233302447945
fiqa,cosine_int8,Cosine (int8),5219,1,305.44150003697723
fiqa,cosine_int8,Cosine (int8),5219,2,308.80441702902317
fiqa,cosine_int8,Cosine (int8),5219,3,305.5098749464378
fiqa,cosine_int8,Cosine (int8),5219,4,311.70508300419897
fiqa,cosine_int8,Cosine (int8),5219,5,304.04020799323916
fiqa,cosine_int8,Cosine (int8),5219,6,304.9496249295771
fiqa,cosine_int8,Cosine (int8),5219,7,304.94033300783485
fiqa,cosine_int8,Cosine (int8),5219,8,304.0617499500513
fiqa,cosine_int8,Cosine (int8),5219,9,304.11758297123015
fiqa,cosine_int8,Cosine (int8),10554,0,313.25791706331074
fiqa,cosine_int8,Cosine (int8),10554,1,302.6342500234023
fiqa,cosine_int8,Cosine (int8),10554,2,301.4990839874372
fiqa,cosine_int8,Cosine (int8),10554,3,301.4242911012843
fiqa,cosine_int8,Cosine (int8),10554,4,301.45258305128664
fiqa,cosine_int8,Cosine (int8),10554,5,301.3733340194449
fiqa,cosine_int8,Cosine (int8),10554,6,305.21729099564254
fiqa,cosine_int8,Cosine (int8),10554,7,301.42170807812363
fiqa,cosine_int8,Cosine (int8),10554,8,311.1247500637546
fiqa,cosine_int8,Cosine (int8),10554,9,301.5943749342114
fiqa,cosine_int8,Cosine (int8),10518,0,301.64862505625933
fiqa,cosine_int8,Cosine (int8),10518,1,301.7114159883931
fiqa,cosine_int8,Cosine (int8),10518,2,304.4794169254601
fiqa,cosine_int8,Cosine (int8),10518,3,301.61824997048825
fiqa,cosine_int8,Cosine (int8),10518,4,301.1678330367431
fiqa,cosine_int8,Cosine (int8),10518,5,301.1026669992134
fiqa,cosine_int8,Cosine (int8),10518,6,301.14295904058963
fiqa,cosine_int8,Cosine (int8),10518,7,301.1964170727879
fiqa,cosine_int8,Cosine (int8),10518,8,301.187708042562
fiqa,cosine_int8,Cosine (int8),10518,9,302.2771669784561
fiqa,cosine_int8,Cosine (int8),1553,0,303.7029169499874
fiqa,cosine_int8,Cosine (int8),1553,1,303.53599996306
fiqa,cosine_int8,Cosine (int8),1553,2,304.10533293616027
fiqa,cosine_int8,Cosine (int8),1553,3,301.91100004594773
fiqa,cosine_int8,Cosine (int8),1553,4,301.92762496881187
fiqa,cosine_int8,Cosine (int8),1553,5,304.25104103051126
fiqa,cosine_int8,Cosine (int8),1553,6,303.54758410248905
fiqa,cosine_int8,Cosine (int8),1553,7,300.32595805823803
fiqa,cosine_int8,Cosine (int8),1553,8,300.93650007620454
fiqa,cosine_int8,Cosine (int8),1553,9,300.51600001752377
fiqa,cosine_int8,Cosine (int8),3076,0,303.49583295173943
fiqa,cosine_int8,Cosine (int8),3076,1,302.73195798508823
fiqa,cosine_int8,Cosine (int8),3076,2,300.89016701094806
fiqa,cosine_int8,Cosine (int8),3076,3,300.7925410056487
fiqa,cosine_int8,Cosine (int8),3076,4,300.2077080309391
fiqa,cosine_int8,Cosine (int8),3076,5,300.40754098445177
fiqa,cosine_int8,Cosine (int8),3076,6,300.38254195824265
fiqa,cosine_int8,Cosine (int8),3076,7,302.6135419495404
fiqa,cosine_int8,Cosine (int8),3076,8,305.5525840027258
fiqa,cosine_int8,Cosine (int8),3076,9,303.8856670027599
fiqa,cosine_int8,Cosine (int8),3218,0,303.0573329888284
fiqa,cosine_int8,Cosine (int8),3218,1,300.3124160459265
fiqa,cosine_int8,Cosine (int8),3218,2,300.01566698774695
fiqa,cosine_int8,Cosine (int8),3218,3,303.75695903785527
fiqa,cosine_int8,Cosine (int8),3218,4,303.5398329375312
fiqa,cosine_int8,Cosine (int8),3218,5,299.8679999727756
fiqa,cosine_int8,Cosine (int8),3218,6,303.54070803150535
fiqa,cosine_int8,Cosine (int8),3218,7,299.60899997968227
fiqa,cosine_int8,Cosine (int8),3218,8,300.37808301858604
fiqa,cosine_int8,Cosine (int8),3218,9,302.2238750709221
fiqa,cosine_int8,Cosine (int8),6164,0,302.5395000586286
fiqa,cosine_int8,Cosine (int8),6164,1,299.7177499346435
fiqa,cosine_int8,Cosine (int8),6164,2,300.5420829867944
fiqa,cosine_int8,Cosine (int8),6164,3,301.2865419732407
fiqa,cosine_int8,Cosine (int8),6164,4,299.36520801857114
fiqa,cosine_int8,Cosine (int8),6164,5,301.4982499880716
fiqa,cosine_int8,Cosine (int8),6164,6,304.488290916197
fiqa,cosine_int8,Cosine (int8),6164,7,299.6360419783741
fiqa,cosine_int8,Cosine (int8),6164,8,300.0161660602316
fiqa,cosine_int8,Cosine (int8),6164,9,300.07137497887015
fiqa,cosine_int8,Cosine (int8),7170,0,302.6492079952732
fiqa,cosine_int8,Cosine (int8),7170,1,305.0520420074463
fiqa,cosine_int8,Cosine (int8),7170,2,305.8015829883516
fiqa,cosine_int8,Cosine (int8),7170,3,321.57133298460394
fiqa,cosine_int8,Cosine (int8),7170,4,324.90987493656576
fiqa,cosine_int8,Cosine (int8),7170,5,305.4681250359863
fiqa,cosine_int8,Cosine (int8),7170,6,304.2975419666618
fiqa,cosine_int8,Cosine (int8),7170,7,303.0080000171438
fiqa,cosine_int8,Cosine (int8),7170,8,304.57320902496576
fiqa,cosine_int8,Cosine (int8),7170,9,306.5229579806328
fiqa,cosine_int8_float,Cosine (int8) + Cosine (float),1431,0,545.0937920249999
fiqa,cosine_int8_float,Cosine (int8) + Cosine (float),1431,1,548.835749970749
fiqa,cosine_int8_float,Cosine (int8) + Cosine (float),1431,2,542.0622499659657
fiqa,cosine_int8_float,Cosine (int8) + Cosine (float),1431,3,544.8455419391394
fiqa,cosine_int8_float,Cosine (int8) + Cosine (float),1431,4,541.4416660787538
fiqa,cosine_int8_float,Cosine (int8) + Cosine (float),1431,5,546.8583330512047
fiqa,cosine_int8_float,Cosine (int8) + Cosine (float),1431,6,542.9425840266049
fiqa,cosine_int8_float,Cosine (int8) + Cosine (float),1431,7,545.7879999885336
fiqa,cosine_int8_float,Cosine (int8) + Cosine (float),1431,8,543.7121250433847
fiqa,cosine_int8_float,Cosine (int8) + Cosine (float),1431,9,547.6632079808041
fiqa,cosine_int8_float,Cosine (int8) + Cosine (float),7062,0,543.9582080580294
fiqa,cosine_int8_float,Cosine (int8) + Cosine (float),7062,1,544.4226249819621
fiqa,cosine_int8_float,Cosine (int8) + Cosine (float),7062,2,547.9158749803901
fiqa,cosine_int8_float,Cosine (int8) + Cosine (float),7062,3,546.2012080242857
fiqa,cosine_int8_float,Cosine (int8) + Cosine (float),7062,4,544.2340830340981
fiqa,cosine_int8_float,Cosine (int8) + Cosine (float),7062,5,591.152667067945
fiqa,cosine_int8_float,Cosine (int8) + Cosine (float),7062,6,587.5187079655007
fiqa,cosine_int8_float,Cosine (int8) + Cosine (float),7062,7,545.0115000130609
fiqa,cosine_int8_float,Cosine (int8) + Cosine (float),7062,8,544.9967499589548
fiqa,cosine_int8_float,Cosine (int8) + Cosine (float),7062,9,548.6254999414086
fiqa,cosine_int8_float,Cosine (int8) + Cosine (float),5219,0,548.2243750011548
fiqa,cosine_int8_float,Cosine (int8) + Cosine (float),5219,1,548.3439579838887
fiqa,cosine_int8_float,Cosine (int8) + Cosine (float),5219,2,548.7967500230297
fiqa,cosine_int8_float,Cosine (int8) + Cosine (float),5219,3,546.5463750297204
fiqa,cosine_int8_float,Cosine (int8) + Cosine (float),5219,4,544.6239999728277
fiqa,cosine_int8_float,Cosine (int8) + Cosine (float),5219,5,548.3172910753638
fiqa,cosine_int8_float,Cosine (int8) + Cosine (float),5219,6,544.2030419362709
fiqa,cosine_int8_float,Cosine (int8) + Cosine (float),5219,7,544.1408749902621
fiqa,cosine_int8_float,Cosine (int8) + Cosine (float),5219,8,545.0638749171048
fiqa,cosine_int8_float,Cosine (int8) + Cosine (float),5219,9,548.3295409940183
fiqa,cosine_int8_float,Cosine (int8) + Cosine (float),10554,0,540.3847079724073
fiqa,cosine_int8_float,Cosine (int8) + Cosine (float),10554,1,540.9799999324605
fiqa,cosine_int8_float,Cosine (int8) + Cosine (float),10554,2,554.3144170660526
fiqa,cosine_int8_float,Cosine (int8) + Cosine (float),10554,3,544.7978749871254
fiqa,cosine_int8_float,Cosine (int8) + Cosine (float),10554,4,541.586707928218
fiqa,cosine_int8_float,Cosine (int8) + Cosine (float),10554,5,543.9132080646232
fiqa,cosine_int8_float,Cosine (int8) + Cosine (float),10554,6,548.030124977231
fiqa,cosine_int8_float,Cosine (int8) + Cosine (float),10554,7,540.6649999786168
fiqa,cosine_int8_float,Cosine (int8) + Cosine (float),10554,8,541.0398339154199
fiqa,cosine_int8_float,Cosine (int8) + Cosine (float),10554,9,544.3411249434575
fiqa,cosine_int8_float,Cosine (int8) + Cosine (float),10518,0,542.7433339646086
fiqa,cosine_int8_float,Cosine (int8) + Cosine (float),10518,1,541.7867919895798
fiqa,cosine_int8_float,Cosine (int8) + Cosine (float),10518,2,545.3817499801517
fiqa,cosine_int8_float,Cosine (int8) + Cosine (float),10518,3,541.4429999655113
fiqa,cosine_int8_float,Cosine (int8) + Cosine (float),10518,4,541.4987499825656
fiqa,cosine_int8_float,Cosine (int8) + Cosine (float),10518,5,541.3445000303909
fiqa,cosine_int8_float,Cosine (int8) + Cosine (float),10518,6,546.3925829390064
fiqa,cosine_int8_float,Cosine (int8) + Cosine (float),10518,7,541.9827090809122
fiqa,cosine_int8_float,Cosine (int8) + Cosine (float),10518,8,541.8195000384003
fiqa,cosine_int8_float,Cosine (int8) + Cosine (float),10518,9,542.3101671040058
fiqa,cosine_int8_float,Cosine (int8) + Cosine (float),1553,0,545.5034580081701
fiqa,cosine_int8_float,Cosine (int8) + Cosine (float),1553,1,548.136290977709
fiqa,cosine_int8_float,Cosine (int8) + Cosine (float),1553,2,552.9780420474708
fiqa,cosine_int8_float,Cosine (int8) + Cosine (float),1553,3,549.2626250488684
fiqa,cosine_int8_float,Cosine (int8) + Cosine (float),1553,4,598.7772080115974
fiqa,cosine_int8_float,Cosine (int8) + Cosine (float),1553,5,566.2498750025406
fiqa,cosine_int8_float,Cosine (int8) + Cosine (float),1553,6,551.3580420520157
fiqa,cosine_int8_float,Cosine (int8) + Cosine (float),1553,7,550.1038340153173
fiqa,cosine_int8_float,Cosine (int8) + Cosine (float),1553,8,544.5763339521363
fiqa,cosine_int8_float,Cosine (int8) + Cosine (float),1553,9,544.7696249466389
fiqa,cosine_int8_float,Cosine (int8) + Cosine (float),3076,0,543.9444580115378
fiqa,cosine_int8_float,Cosine (int8) + Cosine (float),3076,1,543.18429203704
fiqa,cosine_int8_float,Cosine (int8) + Cosine (float),3076,2,543.7388330465183
fiqa,cosine_int8_float,Cosine (int8) + Cosine (float),3076,3,548.1244999682531
fiqa,cosine_int8_float,Cosine (int8) + Cosine (float),3076,4,544.3476249929518
fiqa,cosine_int8_float,Cosine (int8) + Cosine (float),3076,5,543.2019999716431
fiqa,cosine_int8_float,Cosine (int8) + Cosine (float),3076,6,553.7848750827834
fiqa,cosine_int8_float,Cosine (int8) + Cosine (float),3076,7,550.4060839302838
fiqa,cosine_int8_float,Cosine (int8) + Cosine (float),3076,8,566.232250072062
fiqa,cosine_int8_float,Cosine (int8) + Cosine (float),3076,9,547.7313329465687
fiqa,cosine_int8_float,Cosine (int8) + Cosine (float),3218,0,545.6316670170054
fiqa,cosine_int8_float,Cosine (int8) + Cosine (float),3218,1,547.6986250141636
fiqa,cosine_int8_float,Cosine (int8) + Cosine (float),3218,2,545.3811660408974
fiqa,cosine_int8_float,Cosine (int8) + Cosine (float),3218,3,551.1755829211324
fiqa,cosine_int8_float,Cosine (int8) + Cosine (float),3218,4,547.2319590626284
fiqa,cosine_int8_float,Cosine (int8) + Cosine (float),3218,5,544.5499169873074
fiqa,cosine_int8_float,Cosine (int8) + Cosine (float),3218,6,547.0601670676842
fiqa,cosine_int8_float,Cosine (int8) + Cosine (float),3218,7,547.4850829923525
fiqa,cosine_int8_float,Cosine (int8) + Cosine (float),3218,8,544.5988329593092
fiqa,cosine_int8_float,Cosine (int8) + Cosine (float),3218,9,543.7960829585791
fiqa,cosine_int8_float,Cosine (int8) + Cosine (float),6164,0,544.833958032541
fiqa,cosine_int8_float,Cosine (int8) + Cosine (float),6164,1,544.7594160214067
fiqa,cosine_int8_float,Cosine (int8) + Cosine (float),6164,2,550.9303750004619
fiqa,cosine_int8_float,Cosine (int8) + Cosine (float),6164,3,552.9152500675991
fiqa,cosine_int8_float,Cosine (int8) + Cosine (float),6164,4,546.6728339670226
fiqa,cosine_int8_float,Cosine (int8) + Cosine (float),6164,5,544.8268339969218
fiqa,cosine_int8_float,Cosine (int8) + Cosine (float),6164,6,547.4363749381155
fiqa,cosine_int8_float,Cosine (int8) + Cosine (float),6164,7,552.2502498934045
fiqa,cosine_int8_float,Cosine (int8) + Cosine (float),6164,8,550.6896669976413
fiqa,cosine_int8_float,Cosine (int8) + Cosine (float),6164,9,547.4642919143662
fiqa,cosine_int8_float,Cosine (int8) + Cosine (float),7170,0,547.9993330081925
fiqa,cosine_int8_float,Cosine (int8) + Cosine (float),7170,1,545.2824590029195
fiqa,cosine_int8_float,Cosine (int8) + Cosine (float),7170,2,545.504083042033
fiqa,cosine_int8_float,Cosine (int8) + Cosine (float),7170,3,549.7328750789165
fiqa,cosine_int8_float,Cosine (int8) + Cosine (float),7170,4,545.6354169873521
fiqa,cosine_int8_float,Cosine (int8) + Cosine (float),7170,5,544.8557080235332
fiqa,cosine_int8_float,Cosine (int8) + Cosine (float),7170,6,546.08462494798
fiqa,cosine_int8_float,Cosine (int8) + Cosine (float),7170,7,550.6291670026258
fiqa,cosine_int8_float,Cosine (int8) + Cosine (float),7170,8,545.6832089694217
fiqa,cosine_int8_float,Cosine (int8) + Cosine (float),7170,9,545.1812919927761
fiqa,cosine_float,Cosine (float),1431,0,482.2423750301823
fiqa,cosine_float,Cosine (float),1431,1,482.02108300756663
fiqa,cosine_float,Cosine (float),1431,2,473.98041700944304
fiqa,cosine_float,Cosine (float),1431,3,474.9412920791656
fiqa,cosine_float,Cosine (float),1431,4,479.41087500657886
fiqa,cosine_float,Cosine (float),1431,5,476.75133298616856
fiqa,cosine_float,Cosine (float),1431,6,475.89312493801117
fiqa,cosine_float,Cosine (float),1431,7,475.71229189634323
fiqa,cosine_float,Cosine (float),1431,8,482.17574995942414
fiqa,cosine_float,Cosine (float),1431,9,476.3086249586195
fiqa,cosine_float,Cosine (float),7062,0,472.4464589962736
fiqa,cosine_float,Cosine (float),7062,1,472.16045891400427
fiqa,cosine_float,Cosine (float),7062,2,478.828166029416
fiqa,cosine_float,Cosine (float),7062,3,473.8808339461684
fiqa,cosine_float,Cosine (float),7062,4,481.90058302134275
fiqa,cosine_float,Cosine (float),7062,5,478.4160420531407
fiqa,cosine_float,Cosine (float),7062,6,540.1658749906346
fiqa,cosine_float,Cosine (float),7062,7,507.9339580843225
fiqa,cosine_float,Cosine (float),7062,8,493.36258391849697
fiqa,cosine_float,Cosine (float),7062,9,523.4685419127345
fiqa,cosine_float,Cosine (float),5219,0,516.9615830527619
fiqa,cosine_float,Cosine (float),5219,1,519.9636250035837
fiqa,cosine_float,Cosine (float),5219,2,513.4089170023799
fiqa,cosine_float,Cosine (float),5219,3,586.6757089970633
fiqa,cosine_float,Cosine (float),5219,4,500.48449996393174
fiqa,cosine_float,Cosine (float),5219,5,507.6399170793593
fiqa,cosine_float,Cosine (float),5219,6,488.23454207740724
fiqa,cosine_float,Cosine (float),5219,7,490.6734579708427
fiqa,cosine_float,Cosine (float),5219,8,484.3279580818489
fiqa,cosine_float,Cosine (float),5219,9,481.02354200091213
fiqa,cosine_float,Cosine (float),10554,0,483.255208004266
fiqa,cosine_float,Cosine (float),10554,1,474.8250839766115
fiqa,cosine_float,Cosine (float),10554,2,481.9841249845922
fiqa,cosine_float,Cosine (float),10554,3,479.31679198518395
fiqa,cosine_float,Cosine (float),10554,4,496.72787508461624
fiqa,cosine_float,Cosine (float),10554,5,508.50816699676216
fiqa,cosine_float,Cosine (float),10554,6,513.3927090791985
fiqa,cosine_float,Cosine (float),10554,7,540.6140419654548
fiqa,cosine_float,Cosine (float),10554,8,500.27612503618
fiqa,cosine_float,Cosine (float),10554,9,488.09004202485085
fiqa,cosine_float,Cosine (float),10518,0,480.1235420163721
fiqa,cosine_float,Cosine (float),10518,1,484.517875011079
fiqa,cosine_float,Cosine (float),10518,2,483.9720840100199
fiqa,cosine_float,Cosine (float),10518,3,478.0111669097096
fiqa,cosine_float,Cosine (float),10518,4,478.5835000220686
fiqa,cosine_float,Cosine (float),10518,5,474.8268750263378
fiqa,cosine_float,Cosine (float),10518,6,482.84829198382795
fiqa,cosine_float,Cosine (float),10518,7,473.69816701393574
fiqa,cosine_float,Cosine (float),10518,8,472.377791069448
fiqa,cosine_float,Cosine (float),10518,9,470.8654161076993
fiqa,cosine_float,Cosine (float),1553,0,474.0769159980118
fiqa,cosine_float,Cosine (float),1553,1,474.44320807699114
fiqa,cosine_float,Cosine (float),1553,2,474.92870897985995
fiqa,cosine_float,Cosine (float),1553,3,479.86279206816107
fiqa,cosine_float,Cosine (float),1553,4,478.5022910218686
fiqa,cosine_float,Cosine (float),1553,5,475.86124995723367
fiqa,cosine_float,Cosine (float),1553,6,486.47504195105284
fiqa,cosine_float,Cosine (float),1553,7,476.1855419492349
fiqa,cosine_float,Cosine (float),1553,8,483.0177500844002
fiqa,cosine_float,Cosine (float),1553,9,476.5711249783635
fiqa,cosine_float,Cosine (float),3076,0,473.25291694141924
fiqa,cosine_float,Cosine (float),3076,1,480.08016706444323
fiqa,cosine_float,Cosine (float),3076,2,472.1982500050217
fiqa,cosine_float,Cosine (float),3076,3,474.18983292300254
fiqa,cosine_float,Cosine (float),3076,4,475.9830420371145
fiqa,cosine_float,Cosine (float),3076,5,481.7034580046311
fiqa,cosine_float,Cosine (float),3076,6,473.89774990733713
fiqa,cosine_float,Cosine (float),3076,7,473.550874972716
fiqa,cosine_float,Cosine (float),3076,8,472.91837504599243
fiqa,cosine_float,Cosine (float),3076,9,472.23020798992366
fiqa,cosine_float,Cosine (float),3218,0,474.08983297646046
fiqa,cosine_float,Cosine (float),3218,1,473.1138750212267
fiqa,cosine_float,Cosine (float),3218,2,473.2242909958586
fiqa,cosine_float,Cosine (float),3218,3,487.5920000486076
fiqa,cosine_float,Cosine (float),3218,4,477.73158305790275
fiqa,cosine_float,Cosine (float),3218,5,482.6014160644263
fiqa,cosine_float,Cosine (float),3218,6,478.23479201179
fiqa,cosine_float,Cosine (float),3218,7,481.9872920634225
fiqa,cosine_float,Cosine (float),3218,8,475.65774992108345
fiqa,cosine_float,Cosine (float),3218,9,475.45245906803757
fiqa,cosine_float,Cosine (float),6164,0,480.20508408080786
fiqa,cosine_float,Cosine (float),6164,1,475.78791703563184
fiqa,cosine_float,Cosine (float),6164,2,477.3480410221964
fiqa,cosine_float,Cosine (float),6164,3,477.1757919806987
fiqa,cosine_float,Cosine (float),6164,4,474.8018339741975
fiqa,cosine_float,Cosine (float),6164,5,480.33979209139943
fiqa,cosine_float,Cosine (float),6164,6,475.65583302639425
fiqa,cosine_float,Cosine (float),6164,7,474.3211669847369
fiqa,cosine_float,Cosine (float),6164,8,474.3698330130428
fiqa,cosine_float,Cosine (float),6164,9,480.2022079238668
fiqa,cosine_float,Cosine (float),7170,0,474.2470000637695
fiqa,cosine_float,Cosine (float),7170,1,475.01183301210403
fiqa,cosine_float,Cosine (float),7170,2,487.2321669245139
fiqa,cosine_float,Cosine (float),7170,3,476.58524999860674
fiqa,cosine_float,Cosine (float),7170,4,475.9903750382364
fiqa,cosine_float,Cosine (float),7170,5,484.33312494307756
fiqa,cosine_float,Cosine (float),7170,6,476.9039580132812
fiqa,cosine_float,Cosine (float),7170,7,483.47445798572153
fiqa,cosine_float,Cosine (float),7170,8,477.87270799744874
fiqa,cosine_float,Cosine (float),7170,9,478.26983395498246
fiqa,rrf_hamming,RRF (BM25 + Hamming),1431,0,80.22608293686062
fiqa,rrf_hamming,RRF (BM25 + Hamming),1431,1,79.85712494701147
fiqa,rrf_hamming,RRF (BM25 + Hamming),1431,2,79.91504203528166
fiqa,rrf_hamming,RRF (BM25 + Hamming),1431,3,79.78004193864763
fiqa,rrf_hamming,RRF (BM25 + Hamming),1431,4,80.19941695965827
fiqa,rrf_hamming,RRF (BM25 + Hamming),1431,5,80.40299999993294
fiqa,rrf_hamming,RRF (BM25 + Hamming),1431,6,81.42191695515066
fiqa,rrf_hamming,RRF (BM25 + Hamming),1431,7,80.56166593451053
fiqa,rrf_hamming,RRF (BM25 + Hamming),1431,8,80.51108301151544
fiqa,rrf_hamming,RRF (BM25 + Hamming),1431,9,80.74916701298207
fiqa,rrf_hamming,RRF (BM25 + Hamming),7062,0,38.742333999834955
fiqa,rrf_hamming,RRF (BM25 + Hamming),7062,1,38.25295902788639
fiqa,rrf_hamming,RRF (BM25 + Hamming),7062,2,37.78050001710653
fiqa,rrf_hamming,RRF (BM25 + Hamming),7062,3,37.81858296133578
fiqa,rrf_hamming,RRF (BM25 + Hamming),7062,4,37.87524998188019
fiqa,rrf_hamming,RRF (BM25 + Hamming),7062,5,37.810999900102615
fiqa,rrf_hamming,RRF (BM25 + Hamming),7062,6,37.76995895896107
fiqa,rrf_hamming,RRF (BM25 + Hamming),7062,7,38.06325001642108
fiqa,rrf_hamming,RRF (BM25 + Hamming),7062,8,38.38820895180106
fiqa,rrf_hamming,RRF (BM25 + Hamming),7062,9,37.76491596363485
fiqa,rrf_hamming,RRF (BM25 + Hamming),5219,0,119.37158298678696
fiqa,rrf_hamming,RRF (BM25 + Hamming),5219,1,118.14462498296052
fiqa,rrf_hamming,RRF (BM25 + Hamming),5219,2,116.25945894047618
fiqa,rrf_hamming,RRF (BM25 + Hamming),5219,3,116.64508399553597
fiqa,rrf_hamming,RRF (BM25 + Hamming),5219,4,116.5143750840798
fiqa,rrf_hamming,RRF (BM25 + Hamming),5219,5,117.07662499975413
fiqa,rrf_hamming,RRF (BM25 + Hamming),5219,6,116.7464170139283
fiqa,rrf_hamming,RRF (BM25 + Hamming),5219,7,116.47616606205702
fiqa,rrf_hamming,RRF (BM25 + Hamming),5219,8,116.65849993005395
fiqa,rrf_hamming,RRF (BM25 + Hamming),5219,9,117.84304096363485
fiqa,rrf_hamming,RRF (BM25 + Hamming),10554,0,68.25029198080301
fiqa,rrf_hamming,RRF (BM25 + Hamming),10554,1,67.75849999394268
fiqa,rrf_hamming,RRF (BM25 + Hamming),10554,2,67.24091700743884
fiqa,rrf_hamming,RRF (BM25 + Hamming),10554,3,67.05845799297094
fiqa,rrf_hamming,RRF (BM25 + Hamming),10554,4,68.99720907676965
fiqa,rrf_hamming,RRF (BM25 + Hamming),10554,5,67.13912496343255
fiqa,rrf_hamming,RRF (BM25 + Hamming),10554,6,67.38083297386765
fiqa,rrf_hamming,RRF (BM25 + Hamming),10554,7,66.63637491874397
fiqa,rrf_hamming,RRF (BM25 + Hamming),10554,8,67.31883401516825
fiqa,rrf_hamming,RRF (BM25 + Hamming),10554,9,66.96533295325935
fiqa,rrf_hamming,RRF (BM25 + Hamming),10518,0,82.26366702001542
fiqa,rrf_hamming,RRF (BM25 + Hamming),10518,1,82.44658296462148
fiqa,rrf_hamming,RRF (BM25 + Hamming),10518,2,82.08383293822408
fiqa,rrf_hamming,RRF (BM25 + Hamming),10518,3,81.83691708836704
fiqa,rrf_hamming,RRF (BM25 + Hamming),10518,4,82.16166705824435
fiqa,rrf_hamming,RRF (BM25 + Hamming),10518,5,81.9079999346286
fiqa,rrf_hamming,RRF (BM25 + Hamming),10518,6,81.6582499537617
fiqa,rrf_hamming,RRF (BM25 + Hamming),10518,7,82.51920796465129
fiqa,rrf_hamming,RRF (BM25 + Hamming),10518,8,81.7303330404684
fiqa,rrf_hamming,RRF (BM25 + Hamming),10518,9,81.89183298964053
fiqa,rrf_hamming,RRF (BM25 + Hamming),1553,0,54.831832996569574
fiqa,rrf_hamming,RRF (BM25 + Hamming),1553,1,55.5450419196859
fiqa,rrf_hamming,RRF (BM25 + Hamming),1553,2,55.59404194355011
fiqa,rrf_hamming,RRF (BM25 + Hamming),1553,3,55.80304202158004
fiqa,rrf_hamming,RRF (BM25 + Hamming),1553,4,57.4031249852851
fiqa,rrf_hamming,RRF (BM25 + Hamming),1553,5,57.384417043067515
fiqa,rrf_hamming,RRF (BM25 + Hamming),1553,6,56.50054197758436
fiqa,rrf_hamming,RRF (BM25 + Hamming),1553,7,56.4609580906108
fiqa,rrf_hamming,RRF (BM25 + Hamming),1553,8,56.507541914470494
fiqa,rrf_hamming,RRF (BM25 + Hamming),1553,9,56.591917062178254
fiqa,rrf_hamming,RRF (BM25 + Hamming),3076,0,88.79599999636412
fiqa,rrf_hamming,RRF (BM25 + Hamming),3076,1,90.65508295316249
fiqa,rrf_hamming,RRF (BM25 + Hamming),3076,2,91.7234169319272
fiqa,rrf_hamming,RRF (BM25 + Hamming),3076,3,89.16237507946789
fiqa,rrf_hamming,RRF (BM25 + Hamming),3076,4,89.2451669787988
fiqa,rrf_hamming,RRF (BM25 + Hamming),3076,5,89.17741698678583
fiqa,rrf_hamming,RRF (BM25 + Hamming),3076,6,88.50154106039554
fiqa,rrf_hamming,RRF (BM25 + Hamming),3076,7,89.06283404212445
fiqa,rrf_hamming,RRF (BM25 + Hamming),3076,8,88.71566609013826
fiqa,rrf_hamming,RRF (BM25 + Hamming),3076,9,89.54229194205254
fiqa,rrf_hamming,RRF (BM25 + Hamming),3218,0,63.048957963474095
fiqa,rrf_hamming,RRF (BM25 + Hamming),3218,1,63.42841708101332
fiqa,rrf_hamming,RRF (BM25 + Hamming),3218,2,63.67258389946073
fiqa,rrf_hamming,RRF (BM25 + Hamming),3218,3,63.30783397424966
fiqa,rrf_hamming,RRF (BM25 + Hamming),3218,4,63.54254100006074
fiqa,rrf_hamming,RRF (BM25 + Hamming),3218,5,63.512958004139364
fiqa,rrf_hamming,RRF (BM25 + Hamming),3218,6,63.602957990951836
fiqa,rrf_hamming,RRF (BM25 + Hamming),3218,7,63.87529103085399
fiqa,rrf_hamming,RRF (BM25 + Hamming),3218,8,63.08758305385709
fiqa,rrf_hamming,RRF (BM25 + Hamming),3218,9,63.69900004938245
fiqa,rrf_hamming,RRF (BM25 + Hamming),6164,0,89.51312501449138
fiqa,rrf_hamming,RRF (BM25 + Hamming),6164,1,87.60537509806454
fiqa,rrf_hamming,RRF (BM25 + Hamming),6164,2,87.00450009200722
fiqa,rrf_hamming,RRF (BM25 + Hamming),6164,3,87.17116701882333
fiqa,rrf_hamming,RRF (BM25 + Hamming),6164,4,86.5746249910444
fiqa,rrf_hamming,RRF (BM25 + Hamming),6164,5,86.76170802209526
fiqa,rrf_hamming,RRF (BM25 + Hamming),6164,6,86.94591699168086
fiqa,rrf_hamming,RRF (BM25 + Hamming),6164,7,86.62545797415078
fiqa,rrf_hamming,RRF (BM25 + Hamming),6164,8,87.26812491659075
fiqa,rrf_hamming,RRF (BM25 + Hamming),6164,9,86.98924991767853
fiqa,rrf_hamming,RRF (BM25 + Hamming),7170,0,67.10550002753735
fiqa,rrf_hamming,RRF (BM25 + Hamming),7170,1,65.37133303936571
fiqa,rrf_hamming,RRF (BM25 + Hamming),7170,2,65.66866696812212
fiqa,rrf_hamming,RRF (BM25 + Hamming),7170,3,65.911415964365
fiqa,rrf_hamming,RRF (BM25 + Hamming),7170,4,65.12675003614277
fiqa,rrf_hamming,RRF (BM25 + Hamming),7170,5,64.35212504584342
fiqa,rrf_hamming,RRF (BM25 + Hamming),7170,6,63.96020797546953
fiqa,rrf_hamming,RRF (BM25 + Hamming),7170,7,63.78900003619492
fiqa,rrf_hamming,RRF (BM25 + Hamming),7170,8,64.42491698544472
fiqa,rrf_hamming,RRF (BM25 + Hamming),7170,9,64.05258306767792
fiqa,rrf_cosine_int8,RRF (BM25 + Cosine (int8)),1431,0,372.1610839711502
fiqa,rrf_cosine_int8,RRF (BM25 + Cosine (int8)),1431,1,365.7981250435114
fiqa,rrf_cosine_int8,RRF (BM25 + Cosine (int8)),1431,2,366.1931249080226
fiqa,rrf_cosine_int8,RRF (BM25 + Cosine (int8)),1431,3,365.8892499515787
fiqa,rrf_cosine_int8,RRF (BM25 + Cosine (int8)),1431,4,366.20466702152044
fiqa,rrf_cosine_int8,RRF (BM25 + Cosine (int8)),1431,5,370.1407080516219
fiqa,rrf_cosine_int8,RRF (BM25 + Cosine (int8)),1431,6,366.59470899030566
fiqa,rrf_cosine_int8,RRF (BM25 + Cosine (int8)),1431,7,367.38954193424433
fiqa,rrf_cosine_int8,RRF (BM25 + Cosine (int8)),1431,8,369.0962919499725
fiqa,rrf_cosine_int8,RRF (BM25 + Cosine (int8)),1431,9,365.2007499476895
fiqa,rrf_cosine_int8,RRF (BM25 + Cosine (int8)),7062,0,329.01183294598013
fiqa,rrf_cosine_int8,RRF (BM25 + Cosine (int8)),7062,1,323.3101249206811
fiqa,rrf_cosine_int8,RRF (BM25 + Cosine (int8)),7062,2,323.55508394539356
fiqa,rrf_cosine_int8,RRF (BM25 + Cosine (int8)),7062,3,322.86091707646847
fiqa,rrf_cosine_int8,RRF (BM25 + Cosine (int8)),7062,4,323.0348330689594
fiqa,rrf_cosine_int8,RRF (BM25 + Cosine (int8)),7062,5,323.0943330563605
fiqa,rrf_cosine_int8,RRF (BM25 + Cosine (int8)),7062,6,328.4974159905687
fiqa,rrf_cosine_int8,RRF (BM25 + Cosine (int8)),7062,7,323.9536250475794
fiqa,rrf_cosine_int8,RRF (BM25 + Cosine (int8)),7062,8,322.94616696890444
fiqa,rrf_cosine_int8,RRF (BM25 + Cosine (int8)),7062,9,322.67712499015033
fiqa,rrf_cosine_int8,RRF (BM25 + Cosine (int8)),5219,0,399.57550005055964
fiqa,rrf_cosine_int8,RRF (BM25 + Cosine (int8)),5219,1,406.32016700692475
fiqa,rrf_cosine_int8,RRF (BM25 + Cosine (int8)),5219,2,400.39095806423575
fiqa,rrf_cosine_int8,RRF (BM25 + Cosine (int8)),5219,3,407.2442500619218
fiqa,rrf_cosine_int8,RRF (BM25 + Cosine (int8)),5219,4,405.4865000071004
fiqa,rrf_cosine_int8,RRF (BM25 + Cosine (int8)),5219,5,400.369165930897
fiqa,rrf_cosine_int8,RRF (BM25 + Cosine (int8)),5219,6,406.57541702967137
fiqa,rrf_cosine_int8,RRF (BM25 + Cosine (int8)),5219,7,400.3160420106724
fiqa,rrf_cosine_int8,RRF (BM25 + Cosine (int8)),5219,8,427.23904200829566
fiqa,rrf_cosine_int8,RRF (BM25 + Cosine (int8)),5219,9,408.76829205080867
fiqa,rrf_cosine_int8,RRF (BM25 + Cosine (int8)),10554,0,356.5674170386046
fiqa,rrf_cosine_int8,RRF (BM25 + Cosine (int8)),10554,1,354.4425420695916
fiqa,rrf_cosine_int8,RRF (BM25 + Cosine (int8)),10554,2,353.82125002797693
fiqa,rrf_cosine_int8,RRF (BM25 + Cosine (int8)),10554,3,352.7222080156207
fiqa,rrf_cosine_int8,RRF (BM25 + Cosine (int8)),10554,4,352.0679580979049
fiqa,rrf_cosine_int8,RRF (BM25 + Cosine (int8)),10554,5,352.1667920285836
fiqa,rrf_cosine_int8,RRF (BM25 + Cosine (int8)),10554,6,359.0443750144914
fiqa,rrf_cosine_int8,RRF (BM25 + Cosine (int8)),10554,7,352.1443330682814
fiqa,rrf_cosine_int8,RRF (BM25 + Cosine (int8)),10554,8,351.807540981099
fiqa,rrf_cosine_int8,RRF (BM25 + Cosine (int8)),10554,9,351.5310420189053
fiqa,rrf_cosine_int8,RRF (BM25 + Cosine (int8)),10518,0,366.19441700167954
fiqa,rrf_cosine_int8,RRF (BM25 + Cosine (int8)),10518,1,371.696584043093
fiqa,rrf_cosine_int8,RRF (BM25 + Cosine (int8)),10518,2,366.3354159798473
fiqa,rrf_cosine_int8,RRF (BM25 + Cosine (int8)),10518,3,365.9857079619542
fiqa,rrf_cosine_int8,RRF (BM25 + Cosine (int8)),10518,4,368.1290000677109
fiqa,rrf_cosine_int8,RRF (BM25 + Cosine (int8)),10518,5,364.9494170676917
fiqa,rrf_cosine_int8,RRF (BM25 + Cosine (int8)),10518,6,370.59062509797513
fiqa,rrf_cosine_int8,RRF (BM25 + Cosine (int8)),10518,7,367.30237503070384
fiqa,rrf_cosine_int8,RRF (BM25 + Cosine (int8)),10518,8,371.14537495654076
fiqa,rrf_cosine_int8,RRF (BM25 + Cosine (int8)),10518,9,369.9931249720976
fiqa,rrf_cosine_int8,RRF (BM25 + Cosine (int8)),1553,0,340.1484170462936
fiqa,rrf_cosine_int8,RRF (BM25 + Cosine (int8)),1553,1,345.9277079673484
fiqa,rrf_cosine_int8,RRF (BM25 + Cosine (int8)),1553,2,340.0079159764573
fiqa,rrf_cosine_int8,RRF (BM25 + Cosine (int8)),1553,3,340.2874170569703
fiqa,rrf_cosine_int8,RRF (BM25 + Cosine (int8)),1553,4,339.9780410109088
fiqa,rrf_cosine_int8,RRF (BM25 + Cosine (int8)),1553,5,340.7901249593124
fiqa,rrf_cosine_int8,RRF (BM25 + Cosine (int8)),1553,6,339.8282079724595
fiqa,rrf_cosine_int8,RRF (BM25 + Cosine (int8)),1553,7,346.6381669277325
fiqa,rrf_cosine_int8,RRF (BM25 + Cosine (int8)),1553,8,341.4747500792146
fiqa,rrf_cosine_int8,RRF (BM25 + Cosine (int8)),1553,9,339.49779195245355
fiqa,rrf_cosine_int8,RRF (BM25 + Cosine (int8)),3076,0,372.01675004325807
fiqa,rrf_cosine_int8,RRF (BM25 + Cosine (int8)),3076,1,372.3603329854086
fiqa,rrf_cosine_int8,RRF (BM25 + Cosine (int8)),3076,2,378.44320898875594
fiqa,rrf_cosine_int8,RRF (BM25 + Cosine (int8)),3076,3,371.73924990929663
fiqa,rrf_cosine_int8,RRF (BM25 + Cosine (int8)),3076,4,372.63600004371256
fiqa,rrf_cosine_int8,RRF (BM25 + Cosine (int8)),3076,5,371.5739999897778
fiqa,rrf_cosine_int8,RRF (BM25 + Cosine (int8)),3076,6,372.2532920073718
fiqa,rrf_cosine_int8,RRF (BM25 + Cosine (int8)),3076,7,376.543499995023
fiqa,rrf_cosine_int8,RRF (BM25 + Cosine (int8)),3076,8,371.540917083621
fiqa,rrf_cosine_int8,RRF (BM25 + Cosine (int8)),3076,9,372.2579169552773
fiqa,rrf_cosine_int8,RRF (BM25 + Cosine (int8)),3218,0,346.2579579791054
fiqa,rrf_cosine_int8,RRF (BM25 + Cosine (int8)),3218,1,345.15508299227804
fiqa,rrf_cosine_int8,RRF (BM25 + Cosine (int8)),3218,2,351.26341599971056
fiqa,rrf_cosine_int8,RRF (BM25 + Cosine (int8)),3218,3,346.56829200685024
fiqa,rrf_cosine_int8,RRF (BM25 + Cosine (int8)),3218,4,356.3032909296453
fiqa,rrf_cosine_int8,RRF (BM25 + Cosine (int8)),3218,5,346.4960000710562
fiqa,rrf_cosine_int8,RRF (BM25 + Cosine (int8)),3218,6,345.56287492159754
fiqa,rrf_cosine_int8,RRF (BM25 + Cosine (int8)),3218,7,345.1660838909447
fiqa,rrf_cosine_int8,RRF (BM25 + Cosine (int8)),3218,8,351.19062499143183
fiqa,rrf_cosine_int8,RRF (BM25 + Cosine (int8)),3218,9,350.53262498695403
fiqa,rrf_cosine_int8,RRF (BM25 + Cosine (int8)),6164,0,367.2959170071408
fiqa,rrf_cosine_int8,RRF (BM25 + Cosine (int8)),6164,1,368.0786669719964
fiqa,rrf_cosine_int8,RRF (BM25 + Cosine (int8)),6164,2,375.99054200109094
fiqa,rrf_cosine_int8,RRF (BM25 + Cosine (int8)),6164,3,384.50258399825543
fiqa,rrf_cosine_int8,RRF (BM25 + Cosine (int8)),6164,4,371.63079204037786
fiqa,rrf_cosine_int8,RRF (BM25 + Cosine (int8)),6164,5,368.1355830049142
fiqa,rrf_cosine_int8,RRF (BM25 + Cosine (int8)),6164,6,368.74287493992597
fiqa,rrf_cosine_int8,RRF (BM25 + Cosine (int8)),6164,7,369.3526660790667
fiqa,rrf_cosine_int8,RRF (BM25 + Cosine (int8)),6164,8,374.0560830337927
fiqa,rrf_cosine_int8,RRF (BM25 + Cosine (int8)),6164,9,370.4549999674782
fiqa,rrf_cosine_int8,RRF (BM25 + Cosine (int8)),7170,0,346.3538340292871
fiqa,rrf_cosine_int8,RRF (BM25 + Cosine (int8)),7170,1,352.4669579928741
fiqa,rrf_cosine_int8,RRF (BM25 + Cosine (int8)),7170,2,350.41254095267504
fiqa,rrf_cosine_int8,RRF (BM25 + Cosine (int8)),7170,3,355.12966697569937
fiqa,rrf_cosine_int8,RRF (BM25 + Cosine (int8)),7170,4,346.86900000087917
fiqa,rrf_cosine_int8,RRF (BM25 + Cosine (int8)),7170,5,345.87920899502933
fiqa,rrf_cosine_int8,RRF (BM25 + Cosine (int8)),7170,6,346.5740829706192
fiqa,rrf_cosine_int8,RRF (BM25 + Cosine (int8)),7170,7,345.7020000787452
fiqa,rrf_cosine_int8,RRF (BM25 + Cosine (int8)),7170,8,346.3803749764338
fiqa,rrf_cosine_int8,RRF (BM25 + Cosine (int8)),7170,9,350.4292080178857
fiqa,rrf_cosine_float,RRF (BM25 + Cosine (float)),1431,0,552.0747499540448
fiqa,rrf_cosine_float,RRF (BM25 + Cosine (float)),1431,1,537.8832920687273
fiqa,rrf_cosine_float,RRF (BM25 + Cosine (float)),1431,2,558.2371250493452
fiqa,rrf_cosine_float,RRF (BM25 + Cosine (float)),1431,3,542.2737500630319
fiqa,rrf_cosine_float,RRF (BM25 + Cosine (float)),1431,4,536.7625419748947
fiqa,rrf_cosine_float,RRF (BM25 + Cosine (float)),1431,5,543.9122079405934
fiqa,rrf_cosine_float,RRF (BM25 + Cosine (float)),1431,6,538.569958996959
fiqa,rrf_cosine_float,RRF (BM25 + Cosine (float)),1431,7,534.3536660075188
fiqa,rrf_cosine_float,RRF (BM25 + Cosine (float)),1431,8,536.4447080064565
fiqa,rrf_cosine_float,RRF (BM25 + Cosine (float)),1431,9,539.9731670040637
fiqa,rrf_cosine_float,RRF (BM25 + Cosine (float)),7062,0,494.1140420269221
fiqa,rrf_cosine_float,RRF (BM25 + Cosine (float)),7062,1,495.6618750002235
fiqa,rrf_cosine_float,RRF (BM25 + Cosine (float)),7062,2,501.0664580622688
fiqa,rrf_cosine_float,RRF (BM25 + Cosine (float)),7062,3,504.5577499549836
fiqa,rrf_cosine_float,RRF (BM25 + Cosine (float)),7062,4,497.0766670303419
fiqa,rrf_cosine_float,RRF (BM25 + Cosine (float)),7062,5,496.1983748944476
fiqa,rrf_cosine_float,RRF (BM25 + Cosine (float)),7062,6,498.2949170516804
fiqa,rrf_cosine_float,RRF (BM25 + Cosine (float)),7062,7,503.999957931228
fiqa,rrf_cosine_float,RRF (BM25 + Cosine (float)),7062,8,499.1049579111859
fiqa,rrf_cosine_float,RRF (BM25 + Cosine (float)),7062,9,497.8247079998255
fiqa,rrf_cosine_float,RRF (BM25 + Cosine (float)),5219,0,577.6365830097347
fiqa,rrf_cosine_float,RRF (BM25 + Cosine (float)),5219,1,577.6925410609692
fiqa,rrf_cosine_float,RRF (BM25 + Cosine (float)),5219,2,575.9794169571251
fiqa,rrf_cosine_float,RRF (BM25 + Cosine (float)),5219,3,580.9178750496358
fiqa,rrf_cosine_float,RRF (BM25 + Cosine (float)),5219,4,576.5640420140699
fiqa,rrf_cosine_float,RRF (BM25 + Cosine (float)),5219,5,574.9207080807537
fiqa,rrf_cosine_float,RRF (BM25 + Cosine (float)),5219,6,578.0757078900933
fiqa,rrf_cosine_float,RRF (BM25 + Cosine (float)),5219,7,574.9942909460515
fiqa,rrf_cosine_float,RRF (BM25 + Cosine (float)),5219,8,576.7260829452425
fiqa,rrf_cosine_float,RRF (BM25 + Cosine (float)),5219,9,576.874417020008
fiqa,rrf_cosine_float,RRF (BM25 + Cosine (float)),10554,0,525.697874953039
fiqa,rrf_cosine_float,RRF (BM25 + Cosine (float)),10554,1,527.9132500290871
fiqa,rrf_cosine_float,RRF (BM25 + Cosine (float)),10554,2,529.8637920059264
fiqa,rrf_cosine_float,RRF (BM25 + Cosine (float)),10554,3,535.2040419820696
fiqa,rrf_cosine_float,RRF (BM25 + Cosine (float)),10554,4,528.0682500451803
fiqa,rrf_cosine_float,RRF (BM25 + Cosine (float)),10554,5,527.3285419680178
fiqa,rrf_cosine_float,RRF (BM25 + Cosine (float)),10554,6,527.0013749832287
fiqa,rrf_cosine_float,RRF (BM25 + Cosine (float)),10554,7,533.623667084612
fiqa,rrf_cosine_float,RRF (BM25 + Cosine (float)),10554,8,527.7372079435736
fiqa,rrf_cosine_float,RRF (BM25 + Cosine (float)),10554,9,527.378541068174
fiqa,rrf_cosine_float,RRF (BM25 + Cosine (float)),10518,0,544.3186670308933
fiqa,rrf_cosine_float,RRF (BM25 + Cosine (float)),10518,1,542.179208016023
fiqa,rrf_cosine_float,RRF (BM25 + Cosine (float)),10518,2,562.5042909523472
fiqa,rrf_cosine_float,RRF (BM25 + Cosine (float)),10518,3,557.90858308319
fiqa,rrf_cosine_float,RRF (BM25 + Cosine (float)),10518,4,543.4649590170011
fiqa,rrf_cosine_float,RRF (BM25 + Cosine (float)),10518,5,547.4776660557836
fiqa,rrf_cosine_float,RRF (BM25 + Cosine (float)),10518,6,547.2143749939278
fiqa,rrf_cosine_float,RRF (BM25 + Cosine (float)),10518,7,550.8552499813959
fiqa,rrf_cosine_float,RRF (BM25 + Cosine (float)),10518,8,543.7796659534797
fiqa,rrf_cosine_float,RRF (BM25 + Cosine (float)),10518,9,542.7606248995289
fiqa,rrf_cosine_float,RRF (BM25 + Cosine (float)),1553,0,534.9997079465538
fiqa,rrf_cosine_float,RRF (BM25 + Cosine (float)),1553,1,521.1532500106841
fiqa,rrf_cosine_float,RRF (BM25 + Cosine (float)),1553,2,526.003957958892
fiqa,rrf_cosine_float,RRF (BM25 + Cosine (float)),1553,3,518.3712498983368
fiqa,rrf_cosine_float,RRF (BM25 + Cosine (float)),1553,4,522.4852079991251
fiqa,rrf_cosine_float,RRF (BM25 + Cosine (float)),1553,5,518.4430830413476
fiqa,rrf_cosine_float,RRF (BM25 + Cosine (float)),1553,6,521.028459072113
fiqa,rrf_cosine_float,RRF (BM25 + Cosine (float)),1553,7,522.5657090777531
fiqa,rrf_cosine_float,RRF (BM25 + Cosine (float)),1553,8,625.8898749947548
fiqa,rrf_cosine_float,RRF (BM25 + Cosine (float)),1553,9,525.5279159173369
fiqa,rrf_cosine_float,RRF (BM25 + Cosine (float)),3076,0,557.1916659828275
fiqa,rrf_cosine_float,RRF (BM25 + Cosine (float)),3076,1,551.917584030889
fiqa,rrf_cosine_float,RRF (BM25 + Cosine (float)),3076,2,551.3275829143822
fiqa,rrf_cosine_float,RRF (BM25 + Cosine (float)),3076,3,557.8944159206003
fiqa,rrf_cosine_float,RRF (BM25 + Cosine (float)),3076,4,559.2719169799238
fiqa,rrf_cosine_float,RRF (BM25 + Cosine (float)),3076,5,551.7946670297533
fiqa,rrf_cosine_float,RRF (BM25 + Cosine (float)),3076,6,552.8392919804901
fiqa,rrf_cosine_float,RRF (BM25 + Cosine (float)),3076,7,557.8756249742582
fiqa,rrf_cosine_float,RRF (BM25 + Cosine (float)),3076,8,565.3250840259716
fiqa,rrf_cosine_float,RRF (BM25 + Cosine (float)),3076,9,563.8068330008537
fiqa,rrf_cosine_float,RRF (BM25 + Cosine (float)),3218,0,560.3869999758899
fiqa,rrf_cosine_float,RRF (BM25 + Cosine (float)),3218,1,556.6882920684293
fiqa,rrf_cosine_float,RRF (BM25 + Cosine (float)),3218,2,563.984707929194
fiqa,rrf_cosine_float,RRF (BM25 + Cosine (float)),3218,3,564.0681659569964
fiqa,rrf_cosine_float,RRF (BM25 + Cosine (float)),3218,4,543.9736250555143
fiqa,rrf_cosine_float,RRF (BM25 + Cosine (float)),3218,5,529.0794160682708
fiqa,rrf_cosine_float,RRF (BM25 + Cosine (float)),3218,6,528.3236249815673
fiqa,rrf_cosine_float,RRF (BM25 + Cosine (float)),3218,7,528.8396250689402
fiqa,rrf_cosine_float,RRF (BM25 + Cosine (float)),3218,8,534.1593329794705
fiqa,rrf_cosine_float,RRF (BM25 + Cosine (float)),3218,9,542.2837920486927
fiqa,rrf_cosine_float,RRF (BM25 + Cosine (float)),6164,0,559.0683328919113
fiqa,rrf_cosine_float,RRF (BM25 + Cosine (float)),6164,1,554.5729170553386
fiqa,rrf_cosine_float,RRF (BM25 + Cosine (float)),6164,2,552.5642080465332
fiqa,rrf_cosine_float,RRF (BM25 + Cosine (float)),6164,3,552.3978749988601
fiqa,rrf_cosine_float,RRF (BM25 + Cosine (float)),6164,4,573.4222090104595
fiqa,rrf_cosine_float,RRF (BM25 + Cosine (float)),6164,5,554.018208058551
fiqa,rrf_cosine_float,RRF (BM25 + Cosine (float)),6164,6,557.8535830136389
fiqa,rrf_cosine_float,RRF (BM25 + Cosine (float)),6164,7,552.7424160391092
fiqa,rrf_cosine_float,RRF (BM25 + Cosine (float)),6164,8,559.734458103776
fiqa,rrf_cosine_float,RRF (BM25 + Cosine (float)),6164,9,556.4607500564307
fiqa,rrf_cosine_float,RRF (BM25 + Cosine (float)),7170,0,542.1174999792129
fiqa,rrf_cosine_float,RRF (BM25 + Cosine (float)),7170,1,567.831915919669
fiqa,rrf_cosine_float,RRF (BM25 + Cosine (float)),7170,2,529.6991249779239
fiqa,rrf_cosine_float,RRF (BM25 + Cosine (float)),7170,3,530.6327919242904
fiqa,rrf_cosine_float,RRF (BM25 + Cosine (float)),7170,4,543.6357919825241
fiqa,rrf_cosine_float,RRF (BM25 + Cosine (float)),7170,5,530.1893749274313
fiqa,rrf_cosine_float,RRF (BM25 + Cosine (float)),7170,6,530.1023750798777
fiqa,rrf_cosine_float,RRF (BM25 + Cosine (float)),7170,7,533.0075829988346
fiqa,rrf_cosine_float,RRF (BM25 + Cosine (float)),7170,8,569.7485829005018
fiqa,rrf_cosine_float,RRF (BM25 + Cosine (float)),7170,9,597.9906669817865
nfcorpus,bm25,BM25,PLAIN-1106,0,0.2940000267699361
nfcorpus,bm25,BM25,PLAIN-1106,1,0.25687506422400475
nfcorpus,bm25,BM25,PLAIN-1106,2,0.242499983869493
nfcorpus,bm25,BM25,PLAIN-1106,3,0.2394999610260129
nfcorpus,bm25,BM25,PLAIN-1106,4,0.2364580286666751
nfcorpus,bm25,BM25,PLAIN-1106,5,0.25408307556062937
nfcorpus,bm25,BM25,PLAIN-1106,6,0.23866700939834118
nfcorpus,bm25,BM25,PLAIN-1106,7,0.23666699416935444
nfcorpus,bm25,BM25,PLAIN-1106,8,0.23624999448657036
nfcorpus,bm25,BM25,PLAIN-1106,9,0.23479200899600983
nfcorpus,bm25,BM25,PLAIN-3219,0,1.0430829133838415
nfcorpus,bm25,BM25,PLAIN-3219,1,0.9390420746058226
nfcorpus,bm25,BM25,PLAIN-3219,2,1.3942079385742545
nfcorpus,bm25,BM25,PLAIN-3219,3,0.9438750566914678
nfcorpus,bm25,BM25,PLAIN-3219,4,0.9285829728469253
nfcorpus,bm25,BM25,PLAIN-3219,5,0.869459006935358
nfcorpus,bm25,BM25,PLAIN-3219,6,0.8078330429270864
nfcorpus,bm25,BM25,PLAIN-3219,7,0.8131659124046564
nfcorpus,bm25,BM25,PLAIN-3219,8,0.7989160949364305
nfcorpus,bm25,BM25,PLAIN-3219,9,0.7869999390095472
nfcorpus,bm25,BM25,PLAIN-1801,0,0.0779579859226942
nfcorpus,bm25,BM25,PLAIN-1801,1,0.06624998059123755
nfcorpus,bm25,BM25,PLAIN-1801,2,0.06366695743054152
nfcorpus,bm25,BM25,PLAIN-1801,3,0.06258394569158554
nfcorpus,bm25,BM25,PLAIN-1801,4,0.062333070673048496
nfcorpus,bm25,BM25,PLAIN-1801,5,0.06162491627037525
nfcorpus,bm25,BM25,PLAIN-1801,6,0.061249942518770695
nfcorpus,bm25,BM25,PLAIN-1801,7,0.06062502507120371
nfcorpus,bm25,BM25,PLAIN-1801,8,0.061249942518770695
nfcorpus,bm25,BM25,PLAIN-1801,9,0.06112491246312857
nfcorpus,bm25,BM25,PLAIN-705,0,0.9862500010058284
nfcorpus,bm25,BM25,PLAIN-705,1,1.0132909519597888
nfcorpus,bm25,BM25,PLAIN-705,2,0.8784160017967224
nfcorpus,bm25,BM25,PLAIN-705,3,0.8994160452857614
nfcorpus,bm25,BM25,PLAIN-705,4,0.8828749414533377
nfcorpus,bm25,BM25,PLAIN-705,5,0.8786250837147236
nfcorpus,bm25,BM25,PLAIN-705,6,0.8803330129012465
nfcorpus,bm25,BM25,PLAIN-705,7,0.8723329519852996
nfcorpus,bm25,BM25,PLAIN-705,8,0.8720830082893372
nfcorpus,bm25,BM25,PLAIN-705,9,0.8724579820409417
nfcorpus,bm25,BM25,PLAIN-44,0,1.7606670735403895
nfcorpus,bm25,BM25,PLAIN-44,1,1.7874579643830657
nfcorpus,bm25,BM25,PLAIN-44,2,1.7421249067410827
nfcorpus,bm25,BM25,PLAIN-44,3,1.7266249051317573
nfcorpus,bm25,BM25,PLAIN-44,4,1.7218750435858965
nfcorpus,bm25,BM25,PLAIN-44,5,1.7216670094057918
nfcorpus,bm25,BM25,PLAIN-44,6,1.7780419439077377
nfcorpus,bm25,BM25,PLAIN-44,7,1.7764170188456774
nfcorpus,bm25,BM25,PLAIN-44,8,1.738749910145998
nfcorpus,bm25,BM25,PLAIN-44,9,1.740333973430097
nfcorpus,bm25,BM25,PLAIN-645,0,0.047208042815327644
nfcorpus,bm25,BM25,PLAIN-645,1,0.04499999340623617
nfcorpus,bm25,BM25,PLAIN-645,2,0.04424992948770523
nfcorpus,bm25,BM25,PLAIN-645,3,0.04354200791567564
nfcorpus,bm25,BM25,PLAIN-645,4,0.04324992187321186
nfcorpus,bm25,BM25,PLAIN-645,5,0.04333397373557091
nfcorpus,bm25,BM25,PLAIN-645,6,0.04308403003960848
nfcorpus,bm25,BM25,PLAIN-645,7,0.04695798270404339
nfcorpus,bm25,BM25,PLAIN-645,8,0.043042004108428955
nfcorpus,bm25,BM25,PLAIN-645,9,0.04316598642617464
nfcorpus,bm25,BM25,PLAIN-3159,0,2.8823750326409936
nfcorpus,bm25,BM25,PLAIN-3159,1,2.82475003041327
nfcorpus,bm25,BM25,PLAIN-3159,2,2.7814999921247363
nfcorpus,bm25,BM25,PLAIN-3159,3,2.7836249209940434
nfcorpus,bm25,BM25,PLAIN-3159,4,2.809625002555549
nfcorpus,bm25,BM25,PLAIN-3159,5,3.8097091019153595
nfcorpus,bm25,BM25,PLAIN-3159,6,6.714749964885414
nfcorpus,bm25,BM25,PLAIN-3159,7,8.444917039014399
nfcorpus,bm25,BM25,PLAIN-3159,8,6.440000026486814
nfcorpus,bm25,BM25,PLAIN-3159,9,4.528457997366786
nfcorpus,bm25,BM25,PLAIN-2660,0,3.4805419854819775
nfcorpus,bm25,BM25,PLAIN-2660,1,3.124500042758882
nfcorpus,bm25,BM25,PLAIN-2660,2,3.0882080318406224
nfcorpus,bm25,BM25,PLAIN-2660,3,3.0860829865559936
nfcorpus,bm25,BM25,PLAIN-2660,4,3.1735000666230917
nfcorpus,bm25,BM25,PLAIN-2660,5,3.1276660738512874
nfcorpus,bm25,BM25,PLAIN-2660,6,3.0960410367697477
nfcorpus,bm25,BM25,PLAIN-2660,7,3.1034579733386636
nfcorpus,bm25,BM25,PLAIN-2660,8,3.080083057284355
nfcorpus,bm25,BM25,PLAIN-2660,9,3.12887504696846
nfcorpus,bm25,BM25,PLAIN-1884,0,0.03533298149704933
nfcorpus,bm25,BM25,PLAIN-1884,1,0.02891593612730503
nfcorpus,bm25,BM25,PLAIN-1884,2,0.027082976885139942
nfcorpus,bm25,BM25,PLAIN-1884,3,0.0265840208157897
nfcorpus,bm25,BM25,PLAIN-1884,4,0.026166904717683792
nfcorpus,bm25,BM25,PLAIN-1884,5,0.026249908842146397
nfcorpus,bm25,BM25,PLAIN-1884,6,0.02545793540775776
nfcorpus,bm25,BM25,PLAIN-1884,7,0.02562499139457941
nfcorpus,bm25,BM25,PLAIN-1884,8,0.025582965463399887
nfcorpus,bm25,BM25,PLAIN-1884,9,0.026041059754788876
nfcorpus,bm25,BM25,PLAIN-277,0,2.4798749946057796
nfcorpus,bm25,BM25,PLAIN-277,1,2.4053750094026327
nfcorpus,bm25,BM25,PLAIN-277,2,2.273165970109403
nfcorpus,bm25,BM25,PLAIN-277,3,2.2780830040574074
nfcorpus,bm25,BM25,PLAIN-277,4,2.2632500622421503
nfcorpus,bm25,BM25,PLAIN-277,5,2.250625053420663
nfcorpus,bm25,BM25,PLAIN-277,6,2.247790922410786
nfcorpus,bm25,BM25,PLAIN-277,7,3.1010000966489315
nfcorpus,bm25,BM25,PLAIN-277,8,2.348792040720582
nfcorpus,bm25,BM25,PLAIN-277,9,2.60749994777143
nfcorpus,bm25_hamming,BM25 + Hamming,PLAIN-1106,0,9.737833985127509
nfcorpus,bm25_hamming,BM25 + Hamming,PLAIN-1106,1,6.788833066821098
nfcorpus,bm25_hamming,BM25 + Hamming,PLAIN-1106,2,5.757790990173817
nfcorpus,bm25_hamming,BM25 + Hamming,PLAIN-1106,3,5.366083001717925
nfcorpus,bm25_hamming,BM25 + Hamming,PLAIN-1106,4,5.882041994482279
nfcorpus,bm25_hamming,BM25 + Hamming,PLAIN-1106,5,5.270333029329777
nfcorpus,bm25_hamming,BM25 + Hamming,PLAIN-1106,6,4.823249997571111
nfcorpus,bm25_hamming,BM25 + Hamming,PLAIN-1106,7,8.786791004240513
nfcorpus,bm25_hamming,BM25 + Hamming,PLAIN-1106,8,4.808999947272241
nfcorpus,bm25_hamming,BM25 + Hamming,PLAIN-1106,9,4.634459037333727
nfcorpus,bm25_hamming,BM25 + Hamming,PLAIN-3219,0,4.347292007878423
nfcorpus,bm25_hamming,BM25 + Hamming,PLAIN-3219,1,4.106709035113454
nfcorpus,bm25_hamming,BM25 + Hamming,PLAIN-3219,2,3.948458004742861
nfcorpus,bm25_hamming,BM25 + Hamming,PLAIN-3219,3,3.916291054338217
nfcorpus,bm25_hamming,BM25 + Hamming,PLAIN-3219,4,3.805417101830244
nfcorpus,bm25_hamming,BM25 + Hamming,PLAIN-3219,5,3.800082951784134
nfcorpus,bm25_hamming,BM25 + Hamming,PLAIN-3219,6,3.939167014323175
nfcorpus,bm25_hamming,BM25 + Hamming,PLAIN-3219,7,3.8306660717353225
nfcorpus,bm25_hamming,BM25 + Hamming,PLAIN-3219,8,3.714584046974778
nfcorpus,bm25_hamming,BM25 + Hamming,PLAIN-3219,9,5.611250060610473
nfcorpus,bm25_hamming,BM25 + Hamming,PLAIN-1801,0,2.8846670174971223
nfcorpus,bm25_hamming,BM25 + Hamming,PLAIN-1801,1,1.6601670067757368
nfcorpus,bm25_hamming,BM25 + Hamming,PLAIN-1801,2,2.5836669374257326
nfcorpus,bm25_hamming,BM25 + Hamming,PLAIN-1801,3,1.7935419455170631
nfcorpus,bm25_hamming,BM25 + Hamming,PLAIN-1801,4,1.6347919590771198
nfcorpus,bm25_hamming,BM25 + Hamming,PLAIN-1801,5,1.5897920820862055
nfcorpus,bm25_hamming,BM25 + Hamming,PLAIN-1801,6,1.5676249749958515
nfcorpus,bm25_hamming,BM25 + Hamming,PLAIN-1801,7,1.5627499669790268
nfcorpus,bm25_hamming,BM25 + Hamming,PLAIN-1801,8,1.5555409481748939
nfcorpus,bm25_hamming,BM25 + Hamming,PLAIN-1801,9,1.5682079829275608
nfcorpus,bm25_hamming,BM25 + Hamming,PLAIN-705,0,4.4614579528570175
nfcorpus,bm25_hamming,BM25 + Hamming,PLAIN-705,1,6.6343339858576655
nfcorpus,bm25_hamming,BM25 + Hamming,PLAIN-705,2,4.670458962209523
nfcorpus,bm25_hamming,BM25 + Hamming,PLAIN-705,3,4.671292030252516
nfcorpus,bm25_hamming,BM25 + Hamming,PLAIN-705,4,4.662208026275039
nfcorpus,bm25_hamming,BM25 + Hamming,PLAIN-705,5,4.362125066109002
nfcorpus,bm25_hamming,BM25 + Hamming,PLAIN-705,6,4.244582960382104
nfcorpus,bm25_hamming,BM25 + Hamming,PLAIN-705,7,4.199667018838227
nfcorpus,bm25_hamming,BM25 + Hamming,PLAIN-705,8,4.172416985966265
nfcorpus,bm25_hamming,BM25 + Hamming,PLAIN-705,9,4.3152919970452785
nfcorpus,bm25_hamming,BM25 + Hamming,PLAIN-44,0,18.73966702260077
nfcorpus,bm25_hamming,BM25 + Hamming,PLAIN-44,1,9.958374896086752
nfcorpus,bm25_hamming,BM25 + Hamming,PLAIN-44,2,8.673000033013523
nfcorpus,bm25_hamming,BM25 + Hamming,PLAIN-44,3,7.601874996908009
nfcorpus,bm25_hamming,BM25 + Hamming,PLAIN-44,4,7.410624995827675
nfcorpus,bm25_hamming,BM25 + Hamming,PLAIN-44,5,13.066250015981495
nfcorpus,bm25_hamming,BM25 + Hamming,PLAIN-44,6,7.779375067912042
nfcorpus,bm25_hamming,BM25 + Hamming,PLAIN-44,7,9.005416999571025
nfcorpus,bm25_hamming,BM25 + Hamming,PLAIN-44,8,11.061041965149343
nfcorpus,bm25_hamming,BM25 + Hamming,PLAIN-44,9,15.374582959339023
nfcorpus,bm25_hamming,BM25 + Hamming,PLAIN-645,0,5.862583057023585
nfcorpus,bm25_hamming,BM25 + Hamming,PLAIN-645,1,5.468165967613459
nfcorpus,bm25_hamming,BM25 + Hamming,PLAIN-645,2,5.892583052627742
nfcorpus,bm25_hamming,BM25 + Hamming,PLAIN-645,3,6.536499946378171
nfcorpus,bm25_hamming,BM25 + Hamming,PLAIN-645,4,6.006999989040196
nfcorpus,bm25_hamming,BM25 + Hamming,PLAIN-645,5,10.425209067761898
nfcorpus,bm25_hamming,BM25 + Hamming,PLAIN-645,6,4.659665981307626
nfcorpus,bm25_hamming,BM25 + Hamming,PLAIN-645,7,4.434625036083162
nfcorpus,bm25_hamming,BM25 + Hamming,PLAIN-645,8,4.40083397552371
nfcorpus,bm25_hamming,BM25 + Hamming,PLAIN-645,9,4.5010000467300415
nfcorpus,bm25_hamming,BM25 + Hamming,PLAIN-3159,0,6.667624926194549
nfcorpus,bm25_hamming,BM25 + Hamming,PLAIN-3159,1,6.889791926369071
nfcorpus,bm25_hamming,BM25 + Hamming,PLAIN-3159,2,6.659207982011139
nfcorpus,bm25_hamming,BM25 + Hamming,PLAIN-3159,3,10.22754202131182
nfcorpus,bm25_hamming,BM25 + Hamming,PLAIN-3159,4,7.83291703555733
nfcorpus,bm25_hamming,BM25 + Hamming,PLAIN-3159,5,6.580457906238735
nfcorpus,bm25_hamming,BM25 + Hamming,PLAIN-3159,6,6.455417023971677
nfcorpus,bm25_hamming,BM25 + Hamming,PLAIN-3159,7,6.696291035041213
nfcorpus,bm25_hamming,BM25 + Hamming,PLAIN-3159,8,6.525582983158529
nfcorpus,bm25_hamming,BM25 + Hamming,PLAIN-3159,9,6.9868339924141765
nfcorpus,bm25_hamming,BM25 + Hamming,PLAIN-2660,0,6.916832993738353
nfcorpus,bm25_hamming,BM25 + Hamming,PLAIN-2660,1,5.839708028361201
nfcorpus,bm25_hamming,BM25 + Hamming,PLAIN-2660,2,5.871000001206994
nfcorpus,bm25_hamming,BM25 + Hamming,PLAIN-2660,3,5.861916928552091
nfcorpus,bm25_hamming,BM25 + Hamming,PLAIN-2660,4,5.755209014751017
nfcorpus,bm25_hamming,BM25 + Hamming,PLAIN-2660,5,5.9105409309268
nfcorpus,bm25_hamming,BM25 + Hamming,PLAIN-2660,6,5.785958026535809
nfcorpus,bm25_hamming,BM25 + Hamming,PLAIN-2660,7,5.73337497189641
nfcorpus,bm25_hamming,BM25 + Hamming,PLAIN-2660,8,10.354167083278298
nfcorpus,bm25_hamming,BM25 + Hamming,PLAIN-2660,9,5.5477500427514315
nfcorpus,bm25_hamming,BM25 + Hamming,PLAIN-1884,0,0.030082999728620052
nfcorpus,bm25_hamming,BM25 + Hamming,PLAIN-1884,1,0.02816703636199236
nfcorpus,bm25_hamming,BM25 + Hamming,PLAIN-1884,2,0.026458059437572956
nfcorpus,bm25_hamming,BM25 + Hamming,PLAIN-1884,3,0.025667017325758934
nfcorpus,bm25_hamming,BM25 + Hamming,PLAIN-1884,4,0.02558401320129633
nfcorpus,bm25_hamming,BM25 + Hamming,PLAIN-1884,5,0.0254589831456542
nfcorpus,bm25_hamming,BM25 + Hamming,PLAIN-1884,6,0.02533290535211563
nfcorpus,bm25_hamming,BM25 + Hamming,PLAIN-1884,7,0.02516701351851225
nfcorpus,bm25_hamming,BM25 + Hamming,PLAIN-1884,8,0.025499961338937283
nfcorpus,bm25_hamming,BM25 + Hamming,PLAIN-1884,9,0.025416957214474678
nfcorpus,bm25_hamming,BM25 + Hamming,PLAIN-277,0,4.958000034093857
nfcorpus,bm25_hamming,BM25 + Hamming,PLAIN-277,1,4.910083953291178
nfcorpus,bm25_hamming,BM25 + Hamming,PLAIN-277,2,4.997959011234343
nfcorpus,bm25_hamming,BM25 + Hamming,PLAIN-277,3,4.954250063747168
nfcorpus,bm25_hamming,BM25 + Hamming,PLAIN-277,4,4.838125081732869
nfcorpus,bm25_hamming,BM25 + Hamming,PLAIN-277,5,4.869624972343445
nfcorpus,bm25_hamming,BM25 + Hamming,PLAIN-277,6,4.9012500094249845
nfcorpus,bm25_hamming,BM25 + Hamming,PLAIN-277,7,4.77787503041327
nfcorpus,bm25_hamming,BM25 + Hamming,PLAIN-277,8,4.755125031806529
nfcorpus,bm25_hamming,BM25 + Hamming,PLAIN-277,9,4.883958026766777
nfcorpus,bm25_cosine_int8,BM25 + Cosine (int8),PLAIN-1106,0,11.59854105208069
nfcorpus,bm25_cosine_int8,BM25 + Cosine (int8),PLAIN-1106,1,8.950249990448356
nfcorpus,bm25_cosine_int8,BM25 + Cosine (int8),PLAIN-1106,2,9.83129208907485
nfcorpus,bm25_cosine_int8,BM25 + Cosine (int8),PLAIN-1106,3,9.742833906784654
nfcorpus,bm25_cosine_int8,BM25 + Cosine (int8),PLAIN-1106,4,9.4987089978531
nfcorpus,bm25_cosine_int8,BM25 + Cosine (int8),PLAIN-1106,5,10.07445901632309
nfcorpus,bm25_cosine_int8,BM25 + Cosine (int8),PLAIN-1106,6,9.825167013332248
nfcorpus,bm25_cosine_int8,BM25 + Cosine (int8),PLAIN-1106,7,9.480666019953787
nfcorpus,bm25_cosine_int8,BM25 + Cosine (int8),PLAIN-1106,8,9.694125037640333
nfcorpus,bm25_cosine_int8,BM25 + Cosine (int8),PLAIN-1106,9,9.919749922119081
nfcorpus,bm25_cosine_int8,BM25 + Cosine (int8),PLAIN-3219,0,9.338125004433095
nfcorpus,bm25_cosine_int8,BM25 + Cosine (int8),PLAIN-3219,1,9.297542041167617
nfcorpus,bm25_cosine_int8,BM25 + Cosine (int8),PLAIN-3219,2,9.461833979003131
nfcorpus,bm25_cosine_int8,BM25 + Cosine (int8),PLAIN-3219,3,8.591542020440102
nfcorpus,bm25_cosine_int8,BM25 + Cosine (int8),PLAIN-3219,4,8.427458931691945
nfcorpus,bm25_cosine_int8,BM25 + Cosine (int8),PLAIN-3219,5,8.238042006269097
nfcorpus,bm25_cosine_int8,BM25 + Cosine (int8),PLAIN-3219,6,8.261292008683085
nfcorpus,bm25_cosine_int8,BM25 + Cosine (int8),PLAIN-3219,7,8.347584051080048
nfcorpus,bm25_cosine_int8,BM25 + Cosine (int8),PLAIN-3219,8,8.51587497163564
nfcorpus,bm25_cosine_int8,BM25 + Cosine (int8),PLAIN-3219,9,10.00037498306483
nfcorpus,bm25_cosine_int8,BM25 + Cosine (int8),PLAIN-1801,0,12.337916996330023
nfcorpus,bm25_cosine_int8,BM25 + Cosine (int8),PLAIN-1801,1,11.148958001285791
nfcorpus,bm25_cosine_int8,BM25 + Cosine (int8),PLAIN-1801,2,8.774874964728951
nfcorpus,bm25_cosine_int8,BM25 + Cosine (int8),PLAIN-1801,3,9.963750024326146
nfcorpus,bm25_cosine_int8,BM25 + Cosine (int8),PLAIN-1801,4,9.682875010184944
nfcorpus,bm25_cosine_int8,BM25 + Cosine (int8),PLAIN-1801,5,10.226667043752968
nfcorpus,bm25_cosine_int8,BM25 + Cosine (int8),PLAIN-1801,6,7.985249976627529
nfcorpus,bm25_cosine_int8,BM25 + Cosine (int8),PLAIN-1801,7,6.367416004650295
nfcorpus,bm25_cosine_int8,BM25 + Cosine (int8),PLAIN-1801,8,11.17329194676131
nfcorpus,bm25_cosine_int8,BM25 + Cosine (int8),PLAIN-1801,9,5.813208990730345
nfcorpus,bm25_cosine_int8,BM25 + Cosine (int8),PLAIN-705,0,11.819166946224868
nfcorpus,bm25_cosine_int8,BM25 + Cosine (int8),PLAIN-705,1,10.00337500590831
nfcorpus,bm25_cosine_int8,BM25 + Cosine (int8),PLAIN-705,2,9.911582921631634
nfcorpus,bm25_cosine_int8,BM25 + Cosine (int8),PLAIN-705,3,10.807291022501886
nfcorpus,bm25_cosine_int8,BM25 + Cosine (int8),PLAIN-705,4,9.829708957113326
nfcorpus,bm25_cosine_int8,BM25 + Cosine (int8),PLAIN-705,5,9.060957934707403
nfcorpus,bm25_cosine_int8,BM25 + Cosine (int8),PLAIN-705,6,8.75416595954448
nfcorpus,bm25_cosine_int8,BM25 + Cosine (int8),PLAIN-705,7,8.750665932893753
nfcorpus,bm25_cosine_int8,BM25 + Cosine (int8),PLAIN-705,8,8.75679193995893
nfcorpus,bm25_cosine_int8,BM25 + Cosine (int8),PLAIN-705,9,8.787750033661723
nfcorpus,bm25_cosine_int8,BM25 + Cosine (int8),PLAIN-44,0,14.725624932907522
nfcorpus,bm25_cosine_int8,BM25 + Cosine (int8),PLAIN-44,1,12.494749971665442
nfcorpus,bm25_cosine_int8,BM25 + Cosine (int8),PLAIN-44,2,12.228667037561536
nfcorpus,bm25_cosine_int8,BM25 + Cosine (int8),PLAIN-44,3,13.273124932311475
nfcorpus,bm25_cosine_int8,BM25 + Cosine (int8),PLAIN-44,4,12.168250046670437
nfcorpus,bm25_cosine_int8,BM25 + Cosine (int8),PLAIN-44,5,11.709250044077635
nfcorpus,bm25_cosine_int8,BM25 + Cosine (int8),PLAIN-44,6,11.565999942831695
nfcorpus,bm25_cosine_int8,BM25 + Cosine (int8),PLAIN-44,7,11.636167066171765
nfcorpus,bm25_cosine_int8,BM25 + Cosine (int8),PLAIN-44,8,11.720624985173345
nfcorpus,bm25_cosine_int8,BM25 + Cosine (int8),PLAIN-44,9,11.073041940107942
nfcorpus,bm25_cosine_int8,BM25 + Cosine (int8),PLAIN-645,0,23.679332924075425
nfcorpus,bm25_cosine_int8,BM25 + Cosine (int8),PLAIN-645,1,23.92441697884351
nfcorpus,bm25_cosine_int8,BM25 + Cosine (int8),PLAIN-645,2,24.27737507969141
nfcorpus,bm25_cosine_int8,BM25 + Cosine (int8),PLAIN-645,3,24.176709004677832
nfcorpus,bm25_cosine_int8,BM25 + Cosine (int8),PLAIN-645,4,23.718541022390127
nfcorpus,bm25_cosine_int8,BM25 + Cosine (int8),PLAIN-645,5,23.673292016610503
nfcorpus,bm25_cosine_int8,BM25 + Cosine (int8),PLAIN-645,6,23.683083010837436
nfcorpus,bm25_cosine_int8,BM25 + Cosine (int8),PLAIN-645,7,23.603832931257784
nfcorpus,bm25_cosine_int8,BM25 + Cosine (int8),PLAIN-645,8,23.650625022128224
nfcorpus,bm25_cosine_int8,BM25 + Cosine (int8),PLAIN-645,9,23.71304202824831
nfcorpus,bm25_cosine_int8,BM25 + Cosine (int8),PLAIN-3159,0,10.37866692058742
nfcorpus,bm25_cosine_int8,BM25 + Cosine (int8),PLAIN-3159,1,10.394499986432493
nfcorpus,bm25_cosine_int8,BM25 + Cosine (int8),PLAIN-3159,2,10.364624904468656
nfcorpus,bm25_cosine_int8,BM25 + Cosine (int8),PLAIN-3159,3,10.337917017750442
nfcorpus,bm25_cosine_int8,BM25 + Cosine (int8),PLAIN-3159,4,10.356582934036851
nfcorpus,bm25_cosine_int8,BM25 + Cosine (int8),PLAIN-3159,5,10.304749943315983
nfcorpus,bm25_cosine_int8,BM25 + Cosine (int8),PLAIN-3159,6,10.306249954737723
nfcorpus,bm25_cosine_int8,BM25 + Cosine (int8),PLAIN-3159,7,10.45516598969698
nfcorpus,bm25_cosine_int8,BM25 + Cosine (int8),PLAIN-3159,8,10.4163340292871
nfcorpus,bm25_cosine_int8,BM25 + Cosine (int8),PLAIN-3159,9,10.426584049127996
nfcorpus,bm25_cosine_int8,BM25 + Cosine (int8),PLAIN-2660,0,9.605249972082675
nfcorpus,bm25_cosine_int8,BM25 + Cosine (int8),PLAIN-2660,1,9.568374953232706
nfcorpus,bm25_cosine_int8,BM25 + Cosine (int8),PLAIN-2660,2,9.525167057290673
nfcorpus,bm25_cosine_int8,BM25 + Cosine (int8),PLAIN-2660,3,9.612416964955628
nfcorpus,bm25_cosine_int8,BM25 + Cosine (int8),PLAIN-2660,4,9.436542051844299
nfcorpus,bm25_cosine_int8,BM25 + Cosine (int8),PLAIN-2660,5,9.592458023689687
nfcorpus,bm25_cosine_int8,BM25 + Cosine (int8),PLAIN-2660,6,9.577041957527399
nfcorpus,bm25_cosine_int8,BM25 + Cosine (int8),PLAIN-2660,7,9.474333026446402
nfcorpus,bm25_cosine_int8,BM25 + Cosine (int8),PLAIN-2660,8,9.5544169889763
nfcorpus,bm25_cosine_int8,BM25 + Cosine (int8),PLAIN-2660,9,9.523625019937754
nfcorpus,bm25_cosine_int8,BM25 + Cosine (int8),PLAIN-1884,0,0.030832947231829166
nfcorpus,bm25_cosine_int8,BM25 + Cosine (int8),PLAIN-1884,1,0.02762500662356615
nfcorpus,bm25_cosine_int8,BM25 + Cosine (int8),PLAIN-1884,2,0.026708003133535385
nfcorpus,bm25_cosine_int8,BM25 + Cosine (int8),PLAIN-1884,3,0.025999965146183968
nfcorpus,bm25_cosine_int8,BM25 + Cosine (int8),PLAIN-1884,4,0.025832909159362316
nfcorpus,bm25_cosine_int8,BM25 + Cosine (int8),PLAIN-1884,5,0.025666900910437107
nfcorpus,bm25_cosine_int8,BM25 + Cosine (int8),PLAIN-1884,6,0.0254589831456542
nfcorpus,bm25_cosine_int8,BM25 + Cosine (int8),PLAIN-1884,7,0.025250017642974854
nfcorpus,bm25_cosine_int8,BM25 + Cosine (int8),PLAIN-1884,8,0.025209039449691772
nfcorpus,bm25_cosine_int8,BM25 + Cosine (int8),PLAIN-1884,9,0.025250017642974854
nfcorpus,bm25_cosine_int8,BM25 + Cosine (int8),PLAIN-277,0,9.194792015478015
nfcorpus,bm25_cosine_int8,BM25 + Cosine (int8),PLAIN-277,1,9.167541982606053
nfcorpus,bm25_cosine_int8,BM25 + Cosine (int8),PLAIN-277,2,9.288708097301424
nfcorpus,bm25_cosine_int8,BM25 + Cosine (int8),PLAIN-277,3,9.14820795878768
nfcorpus,bm25_cosine_int8,BM25 + Cosine (int8),PLAIN-277,4,9.217916056513786
nfcorpus,bm25_cosine_int8,BM25 + Cosine (int8),PLAIN-277,5,9.150041965767741
nfcorpus,bm25_cosine_int8,BM25 + Cosine (int8),PLAIN-277,6,9.3384999781847
nfcorpus,bm25_cosine_int8,BM25 + Cosine (int8),PLAIN-277,7,9.219500003382564
nfcorpus,bm25_cosine_int8,BM25 + Cosine (int8),PLAIN-277,8,9.30224999319762
nfcorpus,bm25_cosine_int8,BM25 + Cosine (int8),PLAIN-277,9,9.479125030338764
nfcorpus,bm25_cosine_float,BM25 + Cosine (float),PLAIN-1106,0,23.39750004466623
nfcorpus,bm25_cosine_float,BM25 + Cosine (float),PLAIN-1106,1,22.28124998509884
nfcorpus,bm25_cosine_float,BM25 + Cosine (float),PLAIN-1106,2,22.316624992527068
nfcorpus,bm25_cosine_float,BM25 + Cosine (float),PLAIN-1106,3,22.092833067290485
nfcorpus,bm25_cosine_float,BM25 + Cosine (float),PLAIN-1106,4,25.708707980811596
nfcorpus,bm25_cosine_float,BM25 + Cosine (float),PLAIN-1106,5,22.08595792762935
nfcorpus,bm25_cosine_float,BM25 + Cosine (float),PLAIN-1106,6,21.919540944509208
nfcorpus,bm25_cosine_float,BM25 + Cosine (float),PLAIN-1106,7,21.67504094541073
nfcorpus,bm25_cosine_float,BM25 + Cosine (float),PLAIN-1106,8,21.421708981506526
nfcorpus,bm25_cosine_float,BM25 + Cosine (float),PLAIN-1106,9,21.31387498229742
nfcorpus,bm25_cosine_float,BM25 + Cosine (float),PLAIN-3219,0,21.084166946820915
nfcorpus,bm25_cosine_float,BM25 + Cosine (float),PLAIN-3219,1,20.95045894384384
nfcorpus,bm25_cosine_float,BM25 + Cosine (float),PLAIN-3219,2,20.766041008755565
nfcorpus,bm25_cosine_float,BM25 + Cosine (float),PLAIN-3219,3,21.116500021889806
nfcorpus,bm25_cosine_float,BM25 + Cosine (float),PLAIN-3219,4,21.12004195805639
nfcorpus,bm25_cosine_float,BM25 + Cosine (float),PLAIN-3219,5,20.78474999871105
nfcorpus,bm25_cosine_float,BM25 + Cosine (float),PLAIN-3219,6,21.106792031787336
nfcorpus,bm25_cosine_float,BM25 + Cosine (float),PLAIN-3219,7,20.736166974529624
nfcorpus,bm25_cosine_float,BM25 + Cosine (float),PLAIN-3219,8,21.130708046257496
nfcorpus,bm25_cosine_float,BM25 + Cosine (float),PLAIN-3219,9,20.690707955509424
nfcorpus,bm25_cosine_float,BM25 + Cosine (float),PLAIN-1801,0,18.45120801590383
nfcorpus,bm25_cosine_float,BM25 + Cosine (float),PLAIN-1801,1,18.556375056505203
nfcorpus,bm25_cosine_float,BM25 + Cosine (float),PLAIN-1801,2,18.767458968795836
nfcorpus,bm25_cosine_float,BM25 + Cosine (float),PLAIN-1801,3,18.41941592283547
nfcorpus,bm25_cosine_float,BM25 + Cosine (float),PLAIN-1801,4,18.715874990448356
nfcorpus,bm25_cosine_float,BM25 + Cosine (float),PLAIN-1801,5,18.39345891494304
nfcorpus,bm25_cosine_float,BM25 + Cosine (float),PLAIN-1801,6,18.395208986476064
nfcorpus,bm25_cosine_float,BM25 + Cosine (float),PLAIN-1801,7,18.680957960896194
nfcorpus,bm25_cosine_float,BM25 + Cosine (float),PLAIN-1801,8,18.37070903275162
nfcorpus,bm25_cosine_float,BM25 + Cosine (float),PLAIN-1801,9,18.42262502759695
nfcorpus,bm25_cosine_float,BM25 + Cosine (float),PLAIN-705,0,21.406833082437515
nfcorpus,bm25_cosine_float,BM25 + Cosine (float),PLAIN-705,1,21.72441699076444
nfcorpus,bm25_cosine_float,BM25 + Cosine (float),PLAIN-705,2,21.465125028043985
nfcorpus,bm25_cosine_float,BM25 + Cosine (float),PLAIN-705,3,21.7030830681324
nfcorpus,bm25_cosine_float,BM25 + Cosine (float),PLAIN-705,4,21.322791930288076
nfcorpus,bm25_cosine_float,BM25 + Cosine (float),PLAIN-705,5,21.66308299638331
nfcorpus,bm25_cosine_float,BM25 + Cosine (float),PLAIN-705,6,21.276624989695847
nfcorpus,bm25_cosine_float,BM25 + Cosine (float),PLAIN-705,7,21.626791916787624
nfcorpus,bm25_cosine_float,BM25 + Cosine (float),PLAIN-705,8,21.633833996020257
nfcorpus,bm25_cosine_float,BM25 + Cosine (float),PLAIN-705,9,21.374415955506265
nfcorpus,bm25_cosine_float,BM25 + Cosine (float),PLAIN-44,0,24.277916993014514
nfcorpus,bm25_cosine_float,BM25 + Cosine (float),PLAIN-44,1,24.170916061848402
nfcorpus,bm25_cosine_float,BM25 + Cosine (float),PLAIN-44,2,23.918582941405475
nfcorpus,bm25_cosine_float,BM25 + Cosine (float),PLAIN-44,3,24.358084076084197
nfcorpus,bm25_cosine_float,BM25 + Cosine (float),PLAIN-44,4,24.058750015683472
nfcorpus,bm25_cosine_float,BM25 + Cosine (float),PLAIN-44,5,24.102916941046715
nfcorpus,bm25_cosine_float,BM25 + Cosine (float),PLAIN-44,6,23.878499981947243
nfcorpus,bm25_cosine_float,BM25 + Cosine (float),PLAIN-44,7,24.118707980960608
nfcorpus,bm25_cosine_float,BM25 + Cosine (float),PLAIN-44,8,28.15404091961682
nfcorpus,bm25_cosine_float,BM25 + Cosine (float),PLAIN-44,9,27.47441700194031
nfcorpus,bm25_cosine_float,BM25 + Cosine (float),PLAIN-645,0,36.71599994413555
nfcorpus,bm25_cosine_float,BM25 + Cosine (float),PLAIN-645,1,36.69845801778138
nfcorpus,bm25_cosine_float,BM25 + Cosine (float),PLAIN-645,2,35.73670890182257
nfcorpus,bm25_cosine_float,BM25 + Cosine (float),PLAIN-645,3,35.73112504091114
nfcorpus,bm25_cosine_float,BM25 + Cosine (float),PLAIN-645,4,35.894625005312264
nfcorpus,bm25_cosine_float,BM25 + Cosine (float),PLAIN-645,5,37.588999955914915
nfcorpus,bm25_cosine_float,BM25 + Cosine (float),PLAIN-645,6,37.721541011705995
nfcorpus,bm25_cosine_float,BM25 + Cosine (float),PLAIN-645,7,36.75816592294723
nfcorpus,bm25_cosine_float,BM25 + Cosine (float),PLAIN-645,8,36.171791958622634
nfcorpus,bm25_cosine_float,BM25 + Cosine (float),PLAIN-645,9,35.91262502595782
nfcorpus,bm25_cosine_float,BM25 + Cosine (float),PLAIN-3159,0,23.470874992199242
nfcorpus,bm25_cosine_float,BM25 + Cosine (float),PLAIN-3159,1,23.44662498217076
nfcorpus,bm25_cosine_float,BM25 + Cosine (float),PLAIN-3159,2,23.33712507970631
nfcorpus,bm25_cosine_float,BM25 + Cosine (float),PLAIN-3159,3,23.333166958764195
nfcorpus,bm25_cosine_float,BM25 + Cosine (float),PLAIN-3159,4,23.36945792194456
nfcorpus,bm25_cosine_float,BM25 + Cosine (float),PLAIN-3159,5,23.283999995328486
nfcorpus,bm25_cosine_float,BM25 + Cosine (float),PLAIN-3159,6,23.295374936424196
nfcorpus,bm25_cosine_float,BM25 + Cosine (float),PLAIN-3159,7,23.258999921381474
nfcorpus,bm25_cosine_float,BM25 + Cosine (float),PLAIN-3159,8,23.031749995425344
nfcorpus,bm25_cosine_float,BM25 + Cosine (float),PLAIN-3159,9,23.34033395163715
nfcorpus,bm25_cosine_float,BM25 + Cosine (float),PLAIN-2660,0,23.374291020445526
nfcorpus,bm25_cosine_float,BM25 + Cosine (float),PLAIN-2660,1,23.272208054549992
nfcorpus,bm25_cosine_float,BM25 + Cosine (float),PLAIN-2660,2,23.091417038813233
nfcorpus,bm25_cosine_float,BM25 + Cosine (float),PLAIN-2660,3,22.66983303707093
nfcorpus,bm25_cosine_float,BM25 + Cosine (float),PLAIN-2660,4,22.80058292672038
nfcorpus,bm25_cosine_float,BM25 + Cosine (float),PLAIN-2660,5,22.64962496701628
nfcorpus,bm25_cosine_float,BM25 + Cosine (float),PLAIN-2660,6,28.9061670191586
nfcorpus,bm25_cosine_float,BM25 + Cosine (float),PLAIN-2660,7,22.55679201334715
nfcorpus,bm25_cosine_float,BM25 + Cosine (float),PLAIN-2660,8,22.832332993857563
nfcorpus,bm25_cosine_float,BM25 + Cosine (float),PLAIN-2660,9,22.812459035776556
nfcorpus,bm25_cosine_float,BM25 + Cosine (float),PLAIN-1884,0,0.03724999260157347
nfcorpus,bm25_cosine_float,BM25 + Cosine (float),PLAIN-1884,1,0.02804200630635023
nfcorpus,bm25_cosine_float,BM25 + Cosine (float),PLAIN-1884,2,0.02637505531311035
nfcorpus,bm25_cosine_float,BM25 + Cosine (float),PLAIN-1884,3,0.026250025257468224
nfcorpus,bm25_cosine_float,BM25 + Cosine (float),PLAIN-1884,4,0.02570892684161663
nfcorpus,bm25_cosine_float,BM25 + Cosine (float),PLAIN-1884,5,0.0254589831456542
nfcorpus,bm25_cosine_float,BM25 + Cosine (float),PLAIN-1884,6,0.03187498077750206
nfcorpus,bm25_cosine_float,BM25 + Cosine (float),PLAIN-1884,7,0.024124979972839355
nfcorpus,bm25_cosine_float,BM25 + Cosine (float),PLAIN-1884,8,0.024290988221764565
nfcorpus,bm25_cosine_float,BM25 + Cosine (float),PLAIN-1884,9,0.024084001779556274
nfcorpus,bm25_cosine_float,BM25 + Cosine (float),PLAIN-277,0,22.28754200041294
nfcorpus,bm25_cosine_float,BM25 + Cosine (float),PLAIN-277,1,22.242791950702667
nfcorpus,bm25_cosine_float,BM25 + Cosine (float),PLAIN-277,2,22.066208999603987
nfcorpus,bm25_cosine_float,BM25 + Cosine (float),PLAIN-277,3,22.221292019821703
nfcorpus,bm25_cosine_float,BM25 + Cosine (float),PLAIN-277,4,22.2074999473989
nfcorpus,bm25_cosine_float,BM25 + Cosine (float),PLAIN-277,5,21.914875018410385
nfcorpus,bm25_cosine_float,BM25 + Cosine (float),PLAIN-277,6,22.459625033661723
nfcorpus,bm25_cosine_float,BM25 + Cosine (float),PLAIN-277,7,22.369790938682854
nfcorpus,bm25_cosine_float,BM25 + Cosine (float),PLAIN-277,8,22.127333912067115
nfcorpus,bm25_cosine_float,BM25 + Cosine (float),PLAIN-277,9,22.37112494185567
nfcorpus,hamming,Hamming,PLAIN-1106,0,4.148458014242351
nfcorpus,hamming,Hamming,PLAIN-1106,1,4.21283405739814
nfcorpus,hamming,Hamming,PLAIN-1106,2,3.801041981205344
nfcorpus,hamming,Hamming,PLAIN-1106,3,3.6701250355690718
nfcorpus,hamming,Hamming,PLAIN-1106,4,3.615541965700686
nfcorpus,hamming,Hamming,PLAIN-1106,5,3.597084083594382
nfcorpus,hamming,Hamming,PLAIN-1106,6,3.7337919929996133
nfcorpus,hamming,Hamming,PLAIN-1106,7,4.438041942194104
nfcorpus,hamming,Hamming,PLAIN-1106,8,3.724167007021606
nfcorpus,hamming,Hamming,PLAIN-1106,9,3.6428329767659307
nfcorpus,hamming,Hamming,PLAIN-3219,0,2.08883301820606
nfcorpus,hamming,Hamming,PLAIN-3219,1,1.9864999921992421
nfcorpus,hamming,Hamming,PLAIN-3219,2,1.8552080728113651
nfcorpus,hamming,Hamming,PLAIN-3219,3,1.8049590289592743
nfcorpus,hamming,Hamming,PLAIN-3219,4,1.7740000039339066
nfcorpus,hamming,Hamming,PLAIN-3219,5,1.772542018443346
nfcorpus,hamming,Hamming,PLAIN-3219,6,1.8788749584928155
nfcorpus,hamming,Hamming,PLAIN-3219,7,1.8462910084053874
nfcorpus,hamming,Hamming,PLAIN-3219,8,1.8305410631000996
nfcorpus,hamming,Hamming,PLAIN-3219,9,1.837833086028695
nfcorpus,hamming,Hamming,PLAIN-1801,0,1.6922920476645231
nfcorpus,hamming,Hamming,PLAIN-1801,1,1.6012080013751984
nfcorpus,hamming,Hamming,PLAIN-1801,2,1.5881250146776438
nfcorpus,hamming,Hamming,PLAIN-1801,3,1.5818750252947211
nfcorpus,hamming,Hamming,PLAIN-1801,4,1.5748749719932675
nfcorpus,hamming,Hamming,PLAIN-1801,5,1.5942080644890666
nfcorpus,hamming,Hamming,PLAIN-1801,6,1.5949590597301722
nfcorpus,hamming,Hamming,PLAIN-1801,7,1.5592500567436218
nfcorpus,hamming,Hamming,PLAIN-1801,8,1.6039579641073942
nfcorpus,hamming,Hamming,PLAIN-1801,9,1.5879999846220016
nfcorpus,hamming,Hamming,PLAIN-705,0,2.4837080854922533
nfcorpus,hamming,Hamming,PLAIN-705,1,2.4340410018339753
nfcorpus,hamming,Hamming,PLAIN-705,2,2.4489579955115914
nfcorpus,hamming,Hamming,PLAIN-705,3,2.4355410132557154
nfcorpus,hamming,Hamming,PLAIN-705,4,2.6050409069284797
nfcorpus,hamming,Hamming,PLAIN-705,5,2.4769160663709044
nfcorpus,hamming,Hamming,PLAIN-705,6,2.4136670399457216
nfcorpus,hamming,Hamming,PLAIN-705,7,2.410957938991487
nfcorpus,hamming,Hamming,PLAIN-705,8,2.4104579351842403
nfcorpus,hamming,Hamming,PLAIN-705,9,2.431166940368712
nfcorpus,hamming,Hamming,PLAIN-44,0,3.9482079446315765
nfcorpus,hamming,Hamming,PLAIN-44,1,3.87750007212162
nfcorpus,hamming,Hamming,PLAIN-44,2,3.8699170108884573
nfcorpus,hamming,Hamming,PLAIN-44,3,3.888417035341263
nfcorpus,hamming,Hamming,PLAIN-44,4,4.20666707213968
nfcorpus,hamming,Hamming,PLAIN-44,5,3.9220419712364674
nfcorpus,hamming,Hamming,PLAIN-44,6,3.906792029738426
nfcorpus,hamming,Hamming,PLAIN-44,7,3.958333982154727
nfcorpus,hamming,Hamming,PLAIN-44,8,3.996542072854936
nfcorpus,hamming,Hamming,PLAIN-44,9,3.8783340714871883
nfcorpus,hamming,Hamming,PLAIN-645,0,4.2360000079497695
nfcorpus,hamming,Hamming,PLAIN-645,1,4.189791041426361
nfcorpus,hamming,Hamming,PLAIN-645,2,4.143458092585206
nfcorpus,hamming,Hamming,PLAIN-645,3,4.112707916647196
nfcorpus,hamming,Hamming,PLAIN-645,4,4.187957965768874
nfcorpus,hamming,Hamming,PLAIN-645,5,4.270375007763505
nfcorpus,hamming,Hamming,PLAIN-645,6,4.074875032529235
nfcorpus,hamming,Hamming,PLAIN-645,7,4.061582963913679
nfcorpus,hamming,Hamming,PLAIN-645,8,4.087459063157439
nfcorpus,hamming,Hamming,PLAIN-645,9,4.05795790720731
nfcorpus,hamming,Hamming,PLAIN-3159,0,1.6616670181974769
nfcorpus,hamming,Hamming,PLAIN-3159,1,1.6125409165397286
nfcorpus,hamming,Hamming,PLAIN-3159,2,1.6069159610196948
nfcorpus,hamming,Hamming,PLAIN-3159,3,1.5878750709816813
nfcorpus,hamming,Hamming,PLAIN-3159,4,1.5996249858289957
nfcorpus,hamming,Hamming,PLAIN-3159,5,1.5800000401213765
nfcorpus,hamming,Hamming,PLAIN-3159,6,1.6627500299364328
nfcorpus,hamming,Hamming,PLAIN-3159,7,1.6092079458758235
nfcorpus,hamming,Hamming,PLAIN-3159,8,1.5907499473541975
nfcorpus,hamming,Hamming,PLAIN-3159,9,1.5844160225242376
nfcorpus,hamming,Hamming,PLAIN-2660,0,0.658749951981008
nfcorpus,hamming,Hamming,PLAIN-2660,1,0.6521660834550858
nfcorpus,hamming,Hamming,PLAIN-2660,2,0.6503340555354953
nfcorpus,hamming,Hamming,PLAIN-2660,3,0.6447499617934227
nfcorpus,hamming,Hamming,PLAIN-2660,4,0.6619170308113098
nfcorpus,hamming,Hamming,PLAIN-2660,5,0.6515829591080546
nfcorpus,hamming,Hamming,PLAIN-2660,6,0.6482499884441495
nfcorpus,hamming,Hamming,PLAIN-2660,7,0.6465830374509096
nfcorpus,hamming,Hamming,PLAIN-2660,8,0.6413330556824803
nfcorpus,hamming,Hamming,PLAIN-2660,9,0.6445840699598193
nfcorpus,hamming,Hamming,PLAIN-1884,0,1.8898750422522426
nfcorpus,hamming,Hamming,PLAIN-1884,1,1.8165420042350888
nfcorpus,hamming,Hamming,PLAIN-1884,2,1.7934170318767428
nfcorpus,hamming,Hamming,PLAIN-1884,3,1.7933330964297056
nfcorpus,hamming,Hamming,PLAIN-1884,4,1.7867499263957143
nfcorpus,hamming,Hamming,PLAIN-1884,5,1.774333999492228
nfcorpus,hamming,Hamming,PLAIN-1884,6,1.7720420146360993
nfcorpus,hamming,Hamming,PLAIN-1884,7,1.761291059665382
nfcorpus,hamming,Hamming,PLAIN-1884,8,1.7639580182731152
nfcorpus,hamming,Hamming,PLAIN-1884,9,1.7711659893393517
nfcorpus,hamming,Hamming,PLAIN-277,0,1.3207080774009228
nfcorpus,hamming,Hamming,PLAIN-277,1,1.2918749125674367
nfcorpus,hamming,Hamming,PLAIN-277,2,1.3017910532653332
nfcorpus,hamming,Hamming,PLAIN-277,3,1.2886669719591737
nfcorpus,hamming,Hamming,PLAIN-277,4,1.2909169308841228
nfcorpus,hamming,Hamming,PLAIN-277,5,1.2874170206487179
nfcorpus,hamming,Hamming,PLAIN-277,6,1.2894170358777046
nfcorpus,hamming,Hamming,PLAIN-277,7,1.2878329725936055
nfcorpus,hamming,Hamming,PLAIN-277,8,1.2973329285159707
nfcorpus,hamming,Hamming,PLAIN-277,9,1.285624923184514
nfcorpus,hamming_cosine_int8,Hamming + Cosine (int8),PLAIN-1106,0,7.969207945279777
nfcorpus,hamming_cosine_int8,Hamming + Cosine (int8),PLAIN-1106,1,7.965874974615872
nfcorpus,hamming_cosine_int8,Hamming + Cosine (int8),PLAIN-1106,2,7.923749973997474
nfcorpus,hamming_cosine_int8,Hamming + Cosine (int8),PLAIN-1106,3,7.958665955811739
nfcorpus,hamming_cosine_int8,Hamming + Cosine (int8),PLAIN-1106,4,7.917499984614551
nfcorpus,hamming_cosine_int8,Hamming + Cosine (int8),PLAIN-1106,5,8.035333012230694
nfcorpus,hamming_cosine_int8,Hamming + Cosine (int8),PLAIN-1106,6,7.945541990920901
nfcorpus,hamming_cosine_int8,Hamming + Cosine (int8),PLAIN-1106,7,7.961791008710861
nfcorpus,hamming_cosine_int8,Hamming + Cosine (int8),PLAIN-1106,8,7.8920419327914715
nfcorpus,hamming_cosine_int8,Hamming + Cosine (int8),PLAIN-1106,9,7.9801250249147415
nfcorpus,hamming_cosine_int8,Hamming + Cosine (int8),PLAIN-3219,0,5.939582944847643
nfcorpus,hamming_cosine_int8,Hamming + Cosine (int8),PLAIN-3219,1,6.121124955825508
nfcorpus,hamming_cosine_int8,Hamming + Cosine (int8),PLAIN-3219,2,6.111167022027075
nfcorpus,hamming_cosine_int8,Hamming + Cosine (int8),PLAIN-3219,3,5.971416947431862
nfcorpus,hamming_cosine_int8,Hamming + Cosine (int8),PLAIN-3219,4,5.883042002096772
nfcorpus,hamming_cosine_int8,Hamming + Cosine (int8),PLAIN-3219,5,6.043291999958456
nfcorpus,hamming_cosine_int8,Hamming + Cosine (int8),PLAIN-3219,6,6.182666984386742
nfcorpus,hamming_cosine_int8,Hamming + Cosine (int8),PLAIN-3219,7,5.936292000114918
nfcorpus,hamming_cosine_int8,Hamming + Cosine (int8),PLAIN-3219,8,5.9055829187855124
nfcorpus,hamming_cosine_int8,Hamming + Cosine (int8),PLAIN-3219,9,6.225415971130133
nfcorpus,hamming_cosine_int8,Hamming + Cosine (int8),PLAIN-1801,0,5.937375011853874
nfcorpus,hamming_cosine_int8,Hamming + Cosine (int8),PLAIN-1801,1,5.920124938711524
nfcorpus,hamming_cosine_int8,Hamming + Cosine (int8),PLAIN-1801,2,5.677583976648748
nfcorpus,hamming_cosine_int8,Hamming + Cosine (int8),PLAIN-1801,3,5.723209003917873
nfcorpus,hamming_cosine_int8,Hamming + Cosine (int8),PLAIN-1801,4,5.918541923165321
nfcorpus,hamming_cosine_int8,Hamming + Cosine (int8),PLAIN-1801,5,5.932166939601302
nfcorpus,hamming_cosine_int8,Hamming + Cosine (int8),PLAIN-1801,6,5.689708981662989
nfcorpus,hamming_cosine_int8,Hamming + Cosine (int8),PLAIN-1801,7,5.750083946622908
nfcorpus,hamming_cosine_int8,Hamming + Cosine (int8),PLAIN-1801,8,5.853625014424324
nfcorpus,hamming_cosine_int8,Hamming + Cosine (int8),PLAIN-1801,9,5.87958307005465
nfcorpus,hamming_cosine_int8,Hamming + Cosine (int8),PLAIN-705,0,6.568958051502705
nfcorpus,hamming_cosine_int8,Hamming + Cosine (int8),PLAIN-705,1,6.7211659625172615
nfcorpus,hamming_cosine_int8,Hamming + Cosine (int8),PLAIN-705,2,6.749332998879254
nfcorpus,hamming_cosine_int8,Hamming + Cosine (int8),PLAIN-705,3,7.612250046804547
nfcorpus,hamming_cosine_int8,Hamming + Cosine (int8),PLAIN-705,4,7.001708960160613
nfcorpus,hamming_cosine_int8,Hamming + Cosine (int8),PLAIN-705,5,6.932458025403321
nfcorpus,hamming_cosine_int8,Hamming + Cosine (int8),PLAIN-705,6,6.947542075067759
nfcorpus,hamming_cosine_int8,Hamming + Cosine (int8),PLAIN-705,7,6.68554101139307
nfcorpus,hamming_cosine_int8,Hamming + Cosine (int8),PLAIN-705,8,7.083166972734034
nfcorpus,hamming_cosine_int8,Hamming + Cosine (int8),PLAIN-705,9,6.8732500076293945
nfcorpus,hamming_cosine_int8,Hamming + Cosine (int8),PLAIN-44,0,8.22375004645437
nfcorpus,hamming_cosine_int8,Hamming + Cosine (int8),PLAIN-44,1,8.50445800460875
nfcorpus,hamming_cosine_int8,Hamming + Cosine (int8),PLAIN-44,2,8.278458029963076
nfcorpus,hamming_cosine_int8,Hamming + Cosine (int8),PLAIN-44,3,8.278207969851792
nfcorpus,hamming_cosine_int8,Hamming + Cosine (int8),PLAIN-44,4,8.143041050061584
nfcorpus,hamming_cosine_int8,Hamming + Cosine (int8),PLAIN-44,5,8.555958047509193
nfcorpus,hamming_cosine_int8,Hamming + Cosine (int8),PLAIN-44,6,8.745792089030147
nfcorpus,hamming_cosine_int8,Hamming + Cosine (int8),PLAIN-44,7,8.581749978475273
nfcorpus,hamming_cosine_int8,Hamming + Cosine (int8),PLAIN-44,8,8.432250004261732
nfcorpus,hamming_cosine_int8,Hamming + Cosine (int8),PLAIN-44,9,9.706250042654574
nfcorpus,hamming_cosine_int8,Hamming + Cosine (int8),PLAIN-645,0,8.643917040899396
nfcorpus,hamming_cosine_int8,Hamming + Cosine (int8),PLAIN-645,1,8.798707975074649
nfcorpus,hamming_cosine_int8,Hamming + Cosine (int8),PLAIN-645,2,8.827917044982314
nfcorpus,hamming_cosine_int8,Hamming + Cosine (int8),PLAIN-645,3,8.548542042262852
nfcorpus,hamming_cosine_int8,Hamming + Cosine (int8),PLAIN-645,4,8.566707954742014
nfcorpus,hamming_cosine_int8,Hamming + Cosine (int8),PLAIN-645,5,8.778790943324566
nfcorpus,hamming_cosine_int8,Hamming + Cosine (int8),PLAIN-645,6,8.62149999011308
nfcorpus,hamming_cosine_int8,Hamming + Cosine (int8),PLAIN-645,7,8.606333052739501
nfcorpus,hamming_cosine_int8,Hamming + Cosine (int8),PLAIN-645,8,8.85291607119143
nfcorpus,hamming_cosine_int8,Hamming + Cosine (int8),PLAIN-645,9,8.774624904617667
nfcorpus,hamming_cosine_int8,Hamming + Cosine (int8),PLAIN-3159,0,6.251249928027391
nfcorpus,hamming_cosine_int8,Hamming + Cosine (int8),PLAIN-3159,1,6.30699994508177
nfcorpus,hamming_cosine_int8,Hamming + Cosine (int8),PLAIN-3159,2,6.037333980202675
nfcorpus,hamming_cosine_int8,Hamming + Cosine (int8),PLAIN-3159,3,6.172000081278384
nfcorpus,hamming_cosine_int8,Hamming + Cosine (int8),PLAIN-3159,4,6.3972920179367065
nfcorpus,hamming_cosine_int8,Hamming + Cosine (int8),PLAIN-3159,5,6.13775011152029
nfcorpus,hamming_cosine_int8,Hamming + Cosine (int8),PLAIN-3159,6,6.1229170532897115
nfcorpus,hamming_cosine_int8,Hamming + Cosine (int8),PLAIN-3159,7,6.337333004921675
nfcorpus,hamming_cosine_int8,Hamming + Cosine (int8),PLAIN-3159,8,6.295583094470203
nfcorpus,hamming_cosine_int8,Hamming + Cosine (int8),PLAIN-3159,9,6.256083957850933
nfcorpus,hamming_cosine_int8,Hamming + Cosine (int8),PLAIN-2660,0,5.154457991011441
nfcorpus,hamming_cosine_int8,Hamming + Cosine (int8),PLAIN-2660,1,5.346416961401701
nfcorpus,hamming_cosine_int8,Hamming + Cosine (int8),PLAIN-2660,2,5.566000007092953
nfcorpus,hamming_cosine_int8,Hamming + Cosine (int8),PLAIN-2660,3,5.739749991334975
nfcorpus,hamming_cosine_int8,Hamming + Cosine (int8),PLAIN-2660,4,7.898916956037283
nfcorpus,hamming_cosine_int8,Hamming + Cosine (int8),PLAIN-2660,5,6.286625051870942
nfcorpus,hamming_cosine_int8,Hamming + Cosine (int8),PLAIN-2660,6,5.705708987079561
nfcorpus,hamming_cosine_int8,Hamming + Cosine (int8),PLAIN-2660,7,5.859624943695962
nfcorpus,hamming_cosine_int8,Hamming + Cosine (int8),PLAIN-2660,8,7.460208027623594
nfcorpus,hamming_cosine_int8,Hamming + Cosine (int8),PLAIN-2660,9,6.5055410377681255
nfcorpus,hamming_cosine_int8,Hamming + Cosine (int8),PLAIN-1884,0,6.746291997842491
nfcorpus,hamming_cosine_int8,Hamming + Cosine (int8),PLAIN-1884,1,6.8027080269530416
nfcorpus,hamming_cosine_int8,Hamming + Cosine (int8),PLAIN-1884,2,6.598958047106862
nfcorpus,hamming_cosine_int8,Hamming + Cosine (int8),PLAIN-1884,3,6.742249941453338
nfcorpus,hamming_cosine_int8,Hamming + Cosine (int8),PLAIN-1884,4,6.648291018791497
nfcorpus,hamming_cosine_int8,Hamming + Cosine (int8),PLAIN-1884,5,9.548541042022407
nfcorpus,hamming_cosine_int8,Hamming + Cosine (int8),PLAIN-1884,6,6.555667030625045
nfcorpus,hamming_cosine_int8,Hamming + Cosine (int8),PLAIN-1884,7,6.625875015743077
nfcorpus,hamming_cosine_int8,Hamming + Cosine (int8),PLAIN-1884,8,6.695750053040683
nfcorpus,hamming_cosine_int8,Hamming + Cosine (int8),PLAIN-1884,9,6.571250036358833
nfcorpus,hamming_cosine_int8,Hamming + Cosine (int8),PLAIN-277,0,5.918917013332248
nfcorpus,hamming_cosine_int8,Hamming + Cosine (int8),PLAIN-277,1,5.966249969787896
nfcorpus,hamming_cosine_int8,Hamming + Cosine (int8),PLAIN-277,2,5.984583985991776
nfcorpus,hamming_cosine_int8,Hamming + Cosine (int8),PLAIN-277,3,5.931166000664234
nfcorpus,hamming_cosine_int8,Hamming + Cosine (int8),PLAIN-277,4,5.988082964904606
nfcorpus,hamming_cosine_int8,Hamming + Cosine (int8),PLAIN-277,5,6.017791107296944
nfcorpus,hamming_cosine_int8,Hamming + Cosine (int8),PLAIN-277,6,5.958332912996411
nfcorpus,hamming_cosine_int8,Hamming + Cosine (int8),PLAIN-277,7,6.109458045102656
nfcorpus,hamming_cosine_int8,Hamming + Cosine (int8),PLAIN-277,8,5.943874944932759
nfcorpus,hamming_cosine_int8,Hamming + Cosine (int8),PLAIN-277,9,5.907541955821216
nfcorpus,hamming_cosine_float,Hamming + Cosine (float),PLAIN-1106,0,22.732916986569762
nfcorpus,hamming_cosine_float,Hamming + Cosine (float),PLAIN-1106,1,21.981250029057264
nfcorpus,hamming_cosine_float,Hamming + Cosine (float),PLAIN-1106,2,21.912458003498614
nfcorpus,hamming_cosine_float,Hamming + Cosine (float),PLAIN-1106,3,21.73487504478544
nfcorpus,hamming_cosine_float,Hamming + Cosine (float),PLAIN-1106,4,21.736999973654747
nfcorpus,hamming_cosine_float,Hamming + Cosine (float),PLAIN-1106,5,21.62620797753334
nfcorpus,hamming_cosine_float,Hamming + Cosine (float),PLAIN-1106,6,21.643000072799623
nfcorpus,hamming_cosine_float,Hamming + Cosine (float),PLAIN-1106,7,21.428250009194016
nfcorpus,hamming_cosine_float,Hamming + Cosine (float),PLAIN-1106,8,21.087749977596104
nfcorpus,hamming_cosine_float,Hamming + Cosine (float),PLAIN-1106,9,21.398875047452748
nfcorpus,hamming_cosine_float,Hamming + Cosine (float),PLAIN-3219,0,19.65787506196648
nfcorpus,hamming_cosine_float,Hamming + Cosine (float),PLAIN-3219,1,19.42574989516288
nfcorpus,hamming_cosine_float,Hamming + Cosine (float),PLAIN-3219,2,19.627625006251037
nfcorpus,hamming_cosine_float,Hamming + Cosine (float),PLAIN-3219,3,19.460291950963438
nfcorpus,hamming_cosine_float,Hamming + Cosine (float),PLAIN-3219,4,19.468208076432347
nfcorpus,hamming_cosine_float,Hamming + Cosine (float),PLAIN-3219,5,19.635208998806775
nfcorpus,hamming_cosine_float,Hamming + Cosine (float),PLAIN-3219,6,19.44733306299895
nfcorpus,hamming_cosine_float,Hamming + Cosine (float),PLAIN-3219,7,19.66579200234264
nfcorpus,hamming_cosine_float,Hamming + Cosine (float),PLAIN-3219,8,19.32887500151992
nfcorpus,hamming_cosine_float,Hamming + Cosine (float),PLAIN-3219,9,19.63750005234033
nfcorpus,hamming_cosine_float,Hamming + Cosine (float),PLAIN-1801,0,19.481667084619403
nfcorpus,hamming_cosine_float,Hamming + Cosine (float),PLAIN-1801,1,19.50041693635285
nfcorpus,hamming_cosine_float,Hamming + Cosine (float),PLAIN-1801,2,19.803917035460472
nfcorpus,hamming_cosine_float,Hamming + Cosine (float),PLAIN-1801,3,19.816249958239496
nfcorpus,hamming_cosine_float,Hamming + Cosine (float),PLAIN-1801,4,20.306208985857666
nfcorpus,hamming_cosine_float,Hamming + Cosine (float),PLAIN-1801,5,20.365415955893695
nfcorpus,hamming_cosine_float,Hamming + Cosine (float),PLAIN-1801,6,20.18312504515052
nfcorpus,hamming_cosine_float,Hamming + Cosine (float),PLAIN-1801,7,19.88920895382762
nfcorpus,hamming_cosine_float,Hamming + Cosine (float),PLAIN-1801,8,19.84004199039191
nfcorpus,hamming_cosine_float,Hamming + Cosine (float),PLAIN-1801,9,19.824541988782585
nfcorpus,hamming_cosine_float,Hamming + Cosine (float),PLAIN-705,0,20.759375067427754
nfcorpus,hamming_cosine_float,Hamming + Cosine (float),PLAIN-705,1,20.399749977514148
nfcorpus,hamming_cosine_float,Hamming + Cosine (float),PLAIN-705,2,20.311166997998953
nfcorpus,hamming_cosine_float,Hamming + Cosine (float),PLAIN-705,3,20.4927499871701
nfcorpus,hamming_cosine_float,Hamming + Cosine (float),PLAIN-705,4,20.39675007108599
nfcorpus,hamming_cosine_float,Hamming + Cosine (float),PLAIN-705,5,20.31145803630352
nfcorpus,hamming_cosine_float,Hamming + Cosine (float),PLAIN-705,6,20.56058298330754
nfcorpus,hamming_cosine_float,Hamming + Cosine (float),PLAIN-705,7,20.47008299268782
nfcorpus,hamming_cosine_float,Hamming + Cosine (float),PLAIN-705,8,20.4595000250265
nfcorpus,hamming_cosine_float,Hamming + Cosine (float),PLAIN-705,9,20.390416961163282
nfcorpus,hamming_cosine_float,Hamming + Cosine (float),PLAIN-44,0,21.7408329481259
nfcorpus,hamming_cosine_float,Hamming + Cosine (float),PLAIN-44,1,21.76341600716114
nfcorpus,hamming_cosine_float,Hamming + Cosine (float),PLAIN-44,2,21.950999973341823
nfcorpus,hamming_cosine_float,Hamming + Cosine (float),PLAIN-44,3,21.88587503042072
nfcorpus,hamming_cosine_float,Hamming + Cosine (float),PLAIN-44,4,21.846125018782914
nfcorpus,hamming_cosine_float,Hamming + Cosine (float),PLAIN-44,5,21.865166956558824
nfcorpus,hamming_cosine_float,Hamming + Cosine (float),PLAIN-44,6,22.04070903826505
nfcorpus,hamming_cosine_float,Hamming + Cosine (float),PLAIN-44,7,21.863291040062904
nfcorpus,hamming_cosine_float,Hamming + Cosine (float),PLAIN-44,8,21.835708990693092
nfcorpus,hamming_cosine_float,Hamming + Cosine (float),PLAIN-44,9,21.582167013548315
nfcorpus,hamming_cosine_float,Hamming + Cosine (float),PLAIN-645,0,22.176291095092893
nfcorpus,hamming_cosine_float,Hamming + Cosine (float),PLAIN-645,1,22.36945799086243
nfcorpus,hamming_cosine_float,Hamming + Cosine (float),PLAIN-645,2,21.829499979503453
nfcorpus,hamming_cosine_float,Hamming + Cosine (float),PLAIN-645,3,22.007790976203978
nfcorpus,hamming_cosine_float,Hamming + Cosine (float),PLAIN-645,4,22.117041051387787
nfcorpus,hamming_cosine_float,Hamming + Cosine (float),PLAIN-645,5,22.200166014954448
nfcorpus,hamming_cosine_float,Hamming + Cosine (float),PLAIN-645,6,22.508749971166253
nfcorpus,hamming_cosine_float,Hamming + Cosine (float),PLAIN-645,7,22.10612501949072
nfcorpus,hamming_cosine_float,Hamming + Cosine (float),PLAIN-645,8,21.9717500731349
nfcorpus,hamming_cosine_float,Hamming + Cosine (float),PLAIN-645,9,21.873250021599233
nfcorpus,hamming_cosine_float,Hamming + Cosine (float),PLAIN-3159,0,19.328542053699493
nfcorpus,hamming_cosine_float,Hamming + Cosine (float),PLAIN-3159,1,19.43091698922217
nfcorpus,hamming_cosine_float,Hamming + Cosine (float),PLAIN-3159,2,19.403624930419028
nfcorpus,hamming_cosine_float,Hamming + Cosine (float),PLAIN-3159,3,19.397791009396315
nfcorpus,hamming_cosine_float,Hamming + Cosine (float),PLAIN-3159,4,19.528625067323446
nfcorpus,hamming_cosine_float,Hamming + Cosine (float),PLAIN-3159,5,19.382750033400953
nfcorpus,hamming_cosine_float,Hamming + Cosine (float),PLAIN-3159,6,19.464749959297478
nfcorpus,hamming_cosine_float,Hamming + Cosine (float),PLAIN-3159,7,19.422207958996296
nfcorpus,hamming_cosine_float,Hamming + Cosine (float),PLAIN-3159,8,19.425958045758307
nfcorpus,hamming_cosine_float,Hamming + Cosine (float),PLAIN-3159,9,19.482959061861038
nfcorpus,hamming_cosine_float,Hamming + Cosine (float),PLAIN-2660,0,18.625291995704174
nfcorpus,hamming_cosine_float,Hamming + Cosine (float),PLAIN-2660,1,18.642041948623955
nfcorpus,hamming_cosine_float,Hamming + Cosine (float),PLAIN-2660,2,18.424625042825937
nfcorpus,hamming_cosine_float,Hamming + Cosine (float),PLAIN-2660,3,18.788291956298053
nfcorpus,hamming_cosine_float,Hamming + Cosine (float),PLAIN-2660,4,18.400624976493418
nfcorpus,hamming_cosine_float,Hamming + Cosine (float),PLAIN-2660,5,18.720375024713576
nfcorpus,hamming_cosine_float,Hamming + Cosine (float),PLAIN-2660,6,18.468958092853427
nfcorpus,hamming_cosine_float,Hamming + Cosine (float),PLAIN-2660,7,18.609040998853743
nfcorpus,hamming_cosine_float,Hamming + Cosine (float),PLAIN-2660,8,18.71108403429389
nfcorpus,hamming_cosine_float,Hamming + Cosine (float),PLAIN-2660,9,18.379874993115664
nfcorpus,hamming_cosine_float,Hamming + Cosine (float),PLAIN-1884,0,19.431791035458446
nfcorpus,hamming_cosine_float,Hamming + Cosine (float),PLAIN-1884,1,19.906625035218894
nfcorpus,hamming_cosine_float,Hamming + Cosine (float),PLAIN-1884,2,20.338375004939735
nfcorpus,hamming_cosine_float,Hamming + Cosine (float),PLAIN-1884,3,20.691458019427955
nfcorpus,hamming_cosine_float,Hamming + Cosine (float),PLAIN-1884,4,20.00158396549523
nfcorpus,hamming_cosine_float,Hamming + Cosine (float),PLAIN-1884,5,19.974582944996655
nfcorpus,hamming_cosine_float,Hamming + Cosine (float),PLAIN-1884,6,19.96912492904812
nfcorpus,hamming_cosine_float,Hamming + Cosine (float),PLAIN-1884,7,19.917458994314075
nfcorpus,hamming_cosine_float,Hamming + Cosine (float),PLAIN-1884,8,19.939125049859285
nfcorpus,hamming_cosine_float,Hamming + Cosine (float),PLAIN-1884,9,19.987958017736673
nfcorpus,hamming_cosine_float,Hamming + Cosine (float),PLAIN-277,0,19.342290936037898
nfcorpus,hamming_cosine_float,Hamming + Cosine (float),PLAIN-277,1,19.27608298137784
nfcorpus,hamming_cosine_float,Hamming + Cosine (float),PLAIN-277,2,19.1899579949677
nfcorpus,hamming_cosine_float,Hamming + Cosine (float),PLAIN-277,3,19.088624976575375
nfcorpus,hamming_cosine_float,Hamming + Cosine (float),PLAIN-277,4,19.020542036741972
nfcorpus,hamming_cosine_float,Hamming + Cosine (float),PLAIN-277,5,19.194709020666778
nfcorpus,hamming_cosine_float,Hamming + Cosine (float),PLAIN-277,6,19.716791925020516
nfcorpus,hamming_cosine_float,Hamming + Cosine (float),PLAIN-277,7,20.25737497024238
nfcorpus,hamming_cosine_float,Hamming + Cosine (float),PLAIN-277,8,20.046708057634532
nfcorpus,hamming_cosine_float,Hamming + Cosine (float),PLAIN-277,9,20.031083025969565
nfcorpus,cosine_int8,Cosine (int8),PLAIN-1106,0,25.30070801731199
nfcorpus,cosine_int8,Cosine (int8),PLAIN-1106,1,25.17837507184595
nfcorpus,cosine_int8,Cosine (int8),PLAIN-1106,2,25.080749997869134
nfcorpus,cosine_int8,Cosine (int8),PLAIN-1106,3,28.38904201053083
nfcorpus,cosine_int8,Cosine (int8),PLAIN-1106,4,28.328374959528446
nfcorpus,cosine_int8,Cosine (int8),PLAIN-1106,5,26.690582977607846
nfcorpus,cosine_int8,Cosine (int8),PLAIN-1106,6,26.817250065505505
nfcorpus,cosine_int8,Cosine (int8),PLAIN-1106,7,25.635375059209764
nfcorpus,cosine_int8,Cosine (int8),PLAIN-1106,8,24.553915951400995
nfcorpus,cosine_int8,Cosine (int8),PLAIN-1106,9,24.408958037383854
nfcorpus,cosine_int8,Cosine (int8),PLAIN-3219,0,22.352916072122753
nfcorpus,cosine_int8,Cosine (int8),PLAIN-3219,1,21.89579210244119
nfcorpus,cosine_int8,Cosine (int8),PLAIN-3219,2,21.85487502720207
nfcorpus,cosine_int8,Cosine (int8),PLAIN-3219,3,21.206374978646636
nfcorpus,cosine_int8,Cosine (int8),PLAIN-3219,4,22.850875044241548
nfcorpus,cosine_int8,Cosine (int8),PLAIN-3219,5,21.31691703107208
nfcorpus,cosine_int8,Cosine (int8),PLAIN-3219,6,21.23895799741149
nfcorpus,cosine_int8,Cosine (int8),PLAIN-3219,7,21.127750049345195
nfcorpus,cosine_int8,Cosine (int8),PLAIN-3219,8,21.778583992272615
nfcorpus,cosine_int8,Cosine (int8),PLAIN-3219,9,21.13058406393975
nfcorpus,cosine_int8,Cosine (int8),PLAIN-1801,0,20.907458034344018
nfcorpus,cosine_int8,Cosine (int8),PLAIN-1801,1,21.147666964679956
nfcorpus,cosine_int8,Cosine (int8),PLAIN-1801,2,21.218208014033735
nfcorpus,cosine_int8,Cosine (int8),PLAIN-1801,3,20.93062491621822
nfcorpus,cosine_int8,Cosine (int8),PLAIN-1801,4,20.95079200807959
nfcorpus,cosine_int8,Cosine (int8),PLAIN-1801,5,22.053834050893784
nfcorpus,cosine_int8,Cosine (int8),PLAIN-1801,6,21.579249994829297
nfcorpus,cosine_int8,Cosine (int8),PLAIN-1801,7,21.64291706867516
nfcorpus,cosine_int8,Cosine (int8),PLAIN-1801,8,22.260375088080764
nfcorpus,cosine_int8,Cosine (int8),PLAIN-1801,9,21.508874953724444
nfcorpus,cosine_int8,Cosine (int8),PLAIN-705,0,22.393208113498986
nfcorpus,cosine_int8,Cosine (int8),PLAIN-705,1,22.257042001001537
nfcorpus,cosine_int8,Cosine (int8),PLAIN-705,2,22.613708046264946
nfcorpus,cosine_int8,Cosine (int8),PLAIN-705,3,21.890875068493187
nfcorpus,cosine_int8,Cosine (int8),PLAIN-705,4,22.56674994714558
nfcorpus,cosine_int8,Cosine (int8),PLAIN-705,5,21.97466604411602
nfcorpus,cosine_int8,Cosine (int8),PLAIN-705,6,22.3460829583928
nfcorpus,cosine_int8,Cosine (int8),PLAIN-705,7,22.44199998676777
nfcorpus,cosine_int8,Cosine (int8),PLAIN-705,8,22.174499928951263
nfcorpus,cosine_int8,Cosine (int8),PLAIN-705,9,21.895750076510012
nfcorpus,cosine_int8,Cosine (int8),PLAIN-44,0,23.507250007241964
nfcorpus,cosine_int8,Cosine (int8),PLAIN-44,1,24.0835000295192
nfcorpus,cosine_int8,Cosine (int8),PLAIN-44,2,23.333749966695905
nfcorpus,cosine_int8,Cosine (int8),PLAIN-44,3,24.06929200515151
nfcorpus,cosine_int8,Cosine (int8),PLAIN-44,4,23.355665965937078
nfcorpus,cosine_int8,Cosine (int8),PLAIN-44,5,23.94216600805521
nfcorpus,cosine_int8,Cosine (int8),PLAIN-44,6,23.431124980561435
nfcorpus,cosine_int8,Cosine (int8),PLAIN-44,7,23.3422500314191
nfcorpus,cosine_int8,Cosine (int8),PLAIN-44,8,24.025666993111372
nfcorpus,cosine_int8,Cosine (int8),PLAIN-44,9,23.39058299548924
nfcorpus,cosine_int8,Cosine (int8),PLAIN-645,0,23.864916991442442
nfcorpus,cosine_int8,Cosine (int8),PLAIN-645,1,24.274582974612713
nfcorpus,cosine_int8,Cosine (int8),PLAIN-645,2,24.012207984924316
nfcorpus,cosine_int8,Cosine (int8),PLAIN-645,3,23.855875013396144
nfcorpus,cosine_int8,Cosine (int8),PLAIN-645,4,24.319082964211702
nfcorpus,cosine_int8,Cosine (int8),PLAIN-645,5,23.555167019367218
nfcorpus,cosine_int8,Cosine (int8),PLAIN-645,6,23.844542098231614
nfcorpus,cosine_int8,Cosine (int8),PLAIN-645,7,23.79524998832494
nfcorpus,cosine_int8,Cosine (int8),PLAIN-645,8,23.765542078763247
nfcorpus,cosine_int8,Cosine (int8),PLAIN-645,9,24.075457942672074
nfcorpus,cosine_int8,Cosine (int8),PLAIN-3159,0,20.885374979116023
nfcorpus,cosine_int8,Cosine (int8),PLAIN-3159,1,20.8864159649238
nfcorpus,cosine_int8,Cosine (int8),PLAIN-3159,2,20.869125030003488
nfcorpus,cosine_int8,Cosine (int8),PLAIN-3159,3,21.602042019367218
nfcorpus,cosine_int8,Cosine (int8),PLAIN-3159,4,20.979124936275184
nfcorpus,cosine_int8,Cosine (int8),PLAIN-3159,5,21.78858290426433
nfcorpus,cosine_int8,Cosine (int8),PLAIN-3159,6,23.030083044432104
nfcorpus,cosine_int8,Cosine (int8),PLAIN-3159,7,22.89474999997765
nfcorpus,cosine_int8,Cosine (int8),PLAIN-3159,8,22.26291596889496
nfcorpus,cosine_int8,Cosine (int8),PLAIN-3159,9,22.11145800538361
nfcorpus,cosine_int8,Cosine (int8),PLAIN-2660,0,19.478125032037497
nfcorpus,cosine_int8,Cosine (int8),PLAIN-2660,1,19.44733306299895
nfcorpus,cosine_int8,Cosine (int8),PLAIN-2660,2,19.452332984656096
nfcorpus,cosine_int8,Cosine (int8),PLAIN-2660,3,19.45954200346023
nfcorpus,cosine_int8,Cosine (int8),PLAIN-2660,4,20.170666044577956
nfcorpus,cosine_int8,Cosine (int8),PLAIN-2660,5,19.396833027713
nfcorpus,cosine_int8,Cosine (int8),PLAIN-2660,6,19.465207937173545
nfcorpus,cosine_int8,Cosine (int8),PLAIN-2660,7,20.163207896985114
nfcorpus,cosine_int8,Cosine (int8),PLAIN-2660,8,19.47329204995185
nfcorpus,cosine_int8,Cosine (int8),PLAIN-2660,9,19.720416981726885
nfcorpus,cosine_int8,Cosine (int8),PLAIN-1884,0,21.149124950170517
nfcorpus,cosine_int8,Cosine (int8),PLAIN-1884,1,21.174709079787135
nfcorpus,cosine_int8,Cosine (int8),PLAIN-1884,2,21.179583040066063
nfcorpus,cosine_int8,Cosine (int8),PLAIN-1884,3,21.285833907313645
nfcorpus,cosine_int8,Cosine (int8),PLAIN-1884,4,21.690416033379734
nfcorpus,cosine_int8,Cosine (int8),PLAIN-1884,5,21.156083093956113
nfcorpus,cosine_int8,Cosine (int8),PLAIN-1884,6,21.23312500771135
nfcorpus,cosine_int8,Cosine (int8),PLAIN-1884,7,21.20733296032995
nfcorpus,cosine_int8,Cosine (int8),PLAIN-1884,8,21.177666960284114
nfcorpus,cosine_int8,Cosine (int8),PLAIN-1884,9,21.855416940525174
nfcorpus,cosine_int8,Cosine (int8),PLAIN-277,0,20.547500113025308
nfcorpus,cosine_int8,Cosine (int8),PLAIN-277,1,20.49887494649738
nfcorpus,cosine_int8,Cosine (int8),PLAIN-277,2,20.5138330347836
nfcorpus,cosine_int8,Cosine (int8),PLAIN-277,3,20.74249996803701
nfcorpus,cosine_int8,Cosine (int8),PLAIN-277,4,21.177457994781435
nfcorpus,cosine_int8,Cosine (int8),PLAIN-277,5,20.714750047773123
nfcorpus,cosine_int8,Cosine (int8),PLAIN-277,6,20.58712497819215
nfcorpus,cosine_int8,Cosine (int8),PLAIN-277,7,20.61258303001523
nfcorpus,cosine_int8,Cosine (int8),PLAIN-277,8,20.555999944917858
nfcorpus,cosine_int8,Cosine (int8),PLAIN-277,9,20.99374996032566
nfcorpus,cosine_int8_float,Cosine (int8) + Cosine (float),PLAIN-1106,0,41.13058396615088
nfcorpus,cosine_int8_float,Cosine (int8) + Cosine (float),PLAIN-1106,1,41.29033302888274
nfcorpus,cosine_int8_float,Cosine (int8) + Cosine (float),PLAIN-1106,2,41.10774991568178
nfcorpus,cosine_int8_float,Cosine (int8) + Cosine (float),PLAIN-1106,3,41.038500028662384
nfcorpus,cosine_int8_float,Cosine (int8) + Cosine (float),PLAIN-1106,4,40.88329093065113
nfcorpus,cosine_int8_float,Cosine (int8) + Cosine (float),PLAIN-1106,5,40.99662508815527
nfcorpus,cosine_int8_float,Cosine (int8) + Cosine (float),PLAIN-1106,6,41.0231250571087
nfcorpus,cosine_int8_float,Cosine (int8) + Cosine (float),PLAIN-1106,7,41.00450000260025
nfcorpus,cosine_int8_float,Cosine (int8) + Cosine (float),PLAIN-1106,8,40.942874969914556
nfcorpus,cosine_int8_float,Cosine (int8) + Cosine (float),PLAIN-1106,9,41.2921670358628
nfcorpus,cosine_int8_float,Cosine (int8) + Cosine (float),PLAIN-3219,0,39.52691692393273
nfcorpus,cosine_int8_float,Cosine (int8) + Cosine (float),PLAIN-3219,1,39.29579199757427
nfcorpus,cosine_int8_float,Cosine (int8) + Cosine (float),PLAIN-3219,2,39.36466702725738
nfcorpus,cosine_int8_float,Cosine (int8) + Cosine (float),PLAIN-3219,3,39.30629196111113
nfcorpus,cosine_int8_float,Cosine (int8) + Cosine (float),PLAIN-3219,4,39.361792034469545
nfcorpus,cosine_int8_float,Cosine (int8) + Cosine (float),PLAIN-3219,5,39.262124919332564
nfcorpus,cosine_int8_float,Cosine (int8) + Cosine (float),PLAIN-3219,6,39.35416601598263
nfcorpus,cosine_int8_float,Cosine (int8) + Cosine (float),PLAIN-3219,7,39.308082894422114
nfcorpus,cosine_int8_float,Cosine (int8) + Cosine (float),PLAIN-3219,8,39.4399999640882
nfcorpus,cosine_int8_float,Cosine (int8) + Cosine (float),PLAIN-3219,9,40.14670802280307
nfcorpus,cosine_int8_float,Cosine (int8) + Cosine (float),PLAIN-1801,0,40.0724170031026
nfcorpus,cosine_int8_float,Cosine (int8) + Cosine (float),PLAIN-1801,1,40.23679101374
nfcorpus,cosine_int8_float,Cosine (int8) + Cosine (float),PLAIN-1801,2,39.67545903287828
nfcorpus,cosine_int8_float,Cosine (int8) + Cosine (float),PLAIN-1801,3,39.16712501086295
nfcorpus,cosine_int8_float,Cosine (int8) + Cosine (float),PLAIN-1801,4,39.145790971815586
nfcorpus,cosine_int8_float,Cosine (int8) + Cosine (float),PLAIN-1801,5,39.35245797038078
nfcorpus,cosine_int8_float,Cosine (int8) + Cosine (float),PLAIN-1801,6,39.25329202320427
nfcorpus,cosine_int8_float,Cosine (int8) + Cosine (float),PLAIN-1801,7,39.284540922380984
nfcorpus,cosine_int8_float,Cosine (int8) + Cosine (float),PLAIN-1801,8,40.254499996080995
nfcorpus,cosine_int8_float,Cosine (int8) + Cosine (float),PLAIN-1801,9,41.19441693183035
nfcorpus,cosine_int8_float,Cosine (int8) + Cosine (float),PLAIN-705,0,40.07479199208319
nfcorpus,cosine_int8_float,Cosine (int8) + Cosine (float),PLAIN-705,1,39.826083928346634
nfcorpus,cosine_int8_float,Cosine (int8) + Cosine (float),PLAIN-705,2,39.75183400325477
nfcorpus,cosine_int8_float,Cosine (int8) + Cosine (float),PLAIN-705,3,39.88887497689575
nfcorpus,cosine_int8_float,Cosine (int8) + Cosine (float),PLAIN-705,4,39.90008297841996
nfcorpus,cosine_int8_float,Cosine (int8) + Cosine (float),PLAIN-705,5,39.81795907020569
nfcorpus,cosine_int8_float,Cosine (int8) + Cosine (float),PLAIN-705,6,39.829084067605436
nfcorpus,cosine_int8_float,Cosine (int8) + Cosine (float),PLAIN-705,7,39.73716602195054
nfcorpus,cosine_int8_float,Cosine (int8) + Cosine (float),PLAIN-705,8,39.72812509164214
nfcorpus,cosine_int8_float,Cosine (int8) + Cosine (float),PLAIN-705,9,41.495125042274594
nfcorpus,cosine_int8_float,Cosine (int8) + Cosine (float),PLAIN-44,0,42.34258399810642
nfcorpus,cosine_int8_float,Cosine (int8) + Cosine (float),PLAIN-44,1,41.06295807287097
nfcorpus,cosine_int8_float,Cosine (int8) + Cosine (float),PLAIN-44,2,41.46620794199407
nfcorpus,cosine_int8_float,Cosine (int8) + Cosine (float),PLAIN-44,3,41.16183309815824
nfcorpus,cosine_int8_float,Cosine (int8) + Cosine (float),PLAIN-44,4,41.059916955418885
nfcorpus,cosine_int8_float,Cosine (int8) + Cosine (float),PLAIN-44,5,41.05574998538941
nfcorpus,cosine_int8_float,Cosine (int8) + Cosine (float),PLAIN-44,6,41.02283401880413
nfcorpus,cosine_int8_float,Cosine (int8) + Cosine (float),PLAIN-44,7,41.02595802396536
nfcorpus,cosine_int8_float,Cosine (int8) + Cosine (float),PLAIN-44,8,40.537083987146616
nfcorpus,cosine_int8_float,Cosine (int8) + Cosine (float),PLAIN-44,9,40.67570809274912
nfcorpus,cosine_int8_float,Cosine (int8) + Cosine (float),PLAIN-645,0,40.709833963774145
nfcorpus,cosine_int8_float,Cosine (int8) + Cosine (float),PLAIN-645,1,40.62216600868851
nfcorpus,cosine_int8_float,Cosine (int8) + Cosine (float),PLAIN-645,2,40.607916889712214
nfcorpus,cosine_int8_float,Cosine (int8) + Cosine (float),PLAIN-645,3,40.98000004887581
nfcorpus,cosine_int8_float,Cosine (int8) + Cosine (float),PLAIN-645,4,40.69537506438792
nfcorpus,cosine_int8_float,Cosine (int8) + Cosine (float),PLAIN-645,5,40.78224999830127
nfcorpus,cosine_int8_float,Cosine (int8) + Cosine (float),PLAIN-645,6,40.939832921139896
nfcorpus,cosine_int8_float,Cosine (int8) + Cosine (float),PLAIN-645,7,40.68841703701764
nfcorpus,cosine_int8_float,Cosine (int8) + Cosine (float),PLAIN-645,8,40.78525002114475
nfcorpus,cosine_int8_float,Cosine (int8) + Cosine (float),PLAIN-645,9,40.69295804947615
nfcorpus,cosine_int8_float,Cosine (int8) + Cosine (float),PLAIN-3159,0,38.31599990371615
nfcorpus,cosine_int8_float,Cosine (int8) + Cosine (float),PLAIN-3159,1,38.42545789666474
nfcorpus,cosine_int8_float,Cosine (int8) + Cosine (float),PLAIN-3159,2,38.4525420377031
nfcorpus,cosine_int8_float,Cosine (int8) + Cosine (float),PLAIN-3159,3,38.477124995552
nfcorpus,cosine_int8_float,Cosine (int8) + Cosine (float),PLAIN-3159,4,38.34620804991573
nfcorpus,cosine_int8_float,Cosine (int8) + Cosine (float),PLAIN-3159,5,38.651625043712556
nfcorpus,cosine_int8_float,Cosine (int8) + Cosine (float),PLAIN-3159,6,40.012125042267144
nfcorpus,cosine_int8_float,Cosine (int8) + Cosine (float),PLAIN-3159,7,38.20683399681002
nfcorpus,cosine_int8_float,Cosine (int8) + Cosine (float),PLAIN-3159,8,38.35250006522983
nfcorpus,cosine_int8_float,Cosine (int8) + Cosine (float),PLAIN-3159,9,38.30791695509106
nfcorpus,cosine_int8_float,Cosine (int8) + Cosine (float),PLAIN-2660,0,37.92529203929007
nfcorpus,cosine_int8_float,Cosine (int8) + Cosine (float),PLAIN-2660,1,38.074334035627544
nfcorpus,cosine_int8_float,Cosine (int8) + Cosine (float),PLAIN-2660,2,37.59070800151676
nfcorpus,cosine_int8_float,Cosine (int8) + Cosine (float),PLAIN-2660,3,37.573167006485164
nfcorpus,cosine_int8_float,Cosine (int8) + Cosine (float),PLAIN-2660,4,37.79933403711766
nfcorpus,cosine_int8_float,Cosine (int8) + Cosine (float),PLAIN-2660,5,38.956584059633315
nfcorpus,cosine_int8_float,Cosine (int8) + Cosine (float),PLAIN-2660,6,38.18520798813552
nfcorpus,cosine_int8_float,Cosine (int8) + Cosine (float),PLAIN-2660,7,38.15245791338384
nfcorpus,cosine_int8_float,Cosine (int8) + Cosine (float),PLAIN-2660,8,38.16991695202887
nfcorpus,cosine_int8_float,Cosine (int8) + Cosine (float),PLAIN-2660,9,38.17491594236344
nfcorpus,cosine_int8_float,Cosine (int8) + Cosine (float),PLAIN-1884,0,39.09670899156481
nfcorpus,cosine_int8_float,Cosine (int8) + Cosine (float),PLAIN-1884,1,39.05320807825774
nfcorpus,cosine_int8_float,Cosine (int8) + Cosine (float),PLAIN-1884,2,38.438749965280294
nfcorpus,cosine_int8_float,Cosine (int8) + Cosine (float),PLAIN-1884,3,38.640791084617376
nfcorpus,cosine_int8_float,Cosine (int8) + Cosine (float),PLAIN-1884,4,38.69729198049754
nfcorpus,cosine_int8_float,Cosine (int8) + Cosine (float),PLAIN-1884,5,38.40962506365031
nfcorpus,cosine_int8_float,Cosine (int8) + Cosine (float),PLAIN-1884,6,39.98320794198662
nfcorpus,cosine_int8_float,Cosine (int8) + Cosine (float),PLAIN-1884,7,39.27195898722857
nfcorpus,cosine_int8_float,Cosine (int8) + Cosine (float),PLAIN-1884,8,39.36158400028944
nfcorpus,cosine_int8_float,Cosine (int8) + Cosine (float),PLAIN-1884,9,39.16333301458508
nfcorpus,cosine_int8_float,Cosine (int8) + Cosine (float),PLAIN-277,0,38.51829201448709
nfcorpus,cosine_int8_float,Cosine (int8) + Cosine (float),PLAIN-277,1,37.969041033647954
nfcorpus,cosine_int8_float,Cosine (int8) + Cosine (float),PLAIN-277,2,38.07058301754296
nfcorpus,cosine_int8_float,Cosine (int8) + Cosine (float),PLAIN-277,3,38.074125070124865
nfcorpus,cosine_int8_float,Cosine (int8) + Cosine (float),PLAIN-277,4,38.09425001963973
nfcorpus,cosine_int8_float,Cosine (int8) + Cosine (float),PLAIN-277,5,38.018541992641985
nfcorpus,cosine_int8_float,Cosine (int8) + Cosine (float),PLAIN-277,6,38.43641700223088
nfcorpus,cosine_int8_float,Cosine (int8) + Cosine (float),PLAIN-277,7,38.05066703353077
nfcorpus,cosine_int8_float,Cosine (int8) + Cosine (float),PLAIN-277,8,38.10391598381102
nfcorpus,cosine_int8_float,Cosine (int8) + Cosine (float),PLAIN-277,9,37.9697090247646
nfcorpus,cosine_float,Cosine (float),PLAIN-1106,0,35.883791046217084
nfcorpus,cosine_float,Cosine (float),PLAIN-1106,1,35.41358397342265
nfcorpus,cosine_float,Cosine (float),PLAIN-1106,2,35.35554092377424
nfcorpus,cosine_float,Cosine (float),PLAIN-1106,3,35.78566701617092
nfcorpus,cosine_float,Cosine (float),PLAIN-1106,4,35.38700006902218
nfcorpus,cosine_float,Cosine (float),PLAIN-1106,5,35.43283301405609
nfcorpus,cosine_float,Cosine (float),PLAIN-1106,6,35.3585840202868
nfcorpus,cosine_float,Cosine (float),PLAIN-1106,7,35.38191702682525
nfcorpus,cosine_float,Cosine (float),PLAIN-1106,8,35.91579105705023
nfcorpus,cosine_float,Cosine (float),PLAIN-1106,9,35.336790955625474
nfcorpus,cosine_float,Cosine (float),PLAIN-3219,0,33.90787506941706
nfcorpus,cosine_float,Cosine (float),PLAIN-3219,1,33.68116694036871
nfcorpus,cosine_float,Cosine (float),PLAIN-3219,2,33.6470000911504
nfcorpus,cosine_float,Cosine (float),PLAIN-3219,3,33.993208897300065
nfcorpus,cosine_float,Cosine (float),PLAIN-3219,4,33.76962500624359
nfcorpus,cosine_float,Cosine (float),PLAIN-3219,5,34.05408398248255
nfcorpus,cosine_float,Cosine (float),PLAIN-3219,6,33.67916704155505
nfcorpus,cosine_float,Cosine (float),PLAIN-3219,7,34.12291605491191
nfcorpus,cosine_float,Cosine (float),PLAIN-3219,8,33.64162496291101
nfcorpus,cosine_float,Cosine (float),PLAIN-3219,9,33.887790981680155
nfcorpus,cosine_float,Cosine (float),PLAIN-1801,0,33.51491689682007
nfcorpus,cosine_float,Cosine (float),PLAIN-1801,1,33.45133305992931
nfcorpus,cosine_float,Cosine (float),PLAIN-1801,2,33.46391604281962
nfcorpus,cosine_float,Cosine (float),PLAIN-1801,3,33.66845799610019
nfcorpus,cosine_float,Cosine (float),PLAIN-1801,4,33.284250064752996
nfcorpus,cosine_float,Cosine (float),PLAIN-1801,5,33.77733298111707
nfcorpus,cosine_float,Cosine (float),PLAIN-1801,6,35.86716600693762
nfcorpus,cosine_float,Cosine (float),PLAIN-1801,7,34.99375004321337
nfcorpus,cosine_float,Cosine (float),PLAIN-1801,8,34.254750004038215
nfcorpus,cosine_float,Cosine (float),PLAIN-1801,9,34.24641606397927
nfcorpus,cosine_float,Cosine (float),PLAIN-705,0,34.78229092434049
nfcorpus,cosine_float,Cosine (float),PLAIN-705,1,34.54170806799084
nfcorpus,cosine_float,Cosine (float),PLAIN-705,2,34.23629200551659
nfcorpus,cosine_float,Cosine (float),PLAIN-705,3,34.24479207023978
nfcorpus,cosine_float,Cosine (float),PLAIN-705,4,34.481125068850815
nfcorpus,cosine_float,Cosine (float),PLAIN-705,5,34.453875035978854
nfcorpus,cosine_float,Cosine (float),PLAIN-705,6,34.27337505854666
nfcorpus,cosine_float,Cosine (float),PLAIN-705,7,34.38929095864296
nfcorpus,cosine_float,Cosine (float),PLAIN-705,8,34.25608295947313
nfcorpus,cosine_float,Cosine (float),PLAIN-705,9,36.137624992989004
nfcorpus,cosine_float,Cosine (float),PLAIN-44,0,36.763250012882054
nfcorpus,cosine_float,Cosine (float),PLAIN-44,1,36.522415932267904
nfcorpus,cosine_float,Cosine (float),PLAIN-44,2,36.058541969396174
nfcorpus,cosine_float,Cosine (float),PLAIN-44,3,36.097916890867054
nfcorpus,cosine_float,Cosine (float),PLAIN-44,4,35.63691698946059
nfcorpus,cosine_float,Cosine (float),PLAIN-44,5,35.631250008009374
nfcorpus,cosine_float,Cosine (float),PLAIN-44,6,35.63095803838223
nfcorpus,cosine_float,Cosine (float),PLAIN-44,7,35.60941701289266
nfcorpus,cosine_float,Cosine (float),PLAIN-44,8,36.02620796300471
nfcorpus,cosine_float,Cosine (float),PLAIN-44,9,35.70887504611164
nfcorpus,cosine_float,Cosine (float),PLAIN-645,0,35.89641605503857
nfcorpus,cosine_float,Cosine (float),PLAIN-645,1,36.187042016536
nfcorpus,cosine_float,Cosine (float),PLAIN-645,2,35.970249911770225
nfcorpus,cosine_float,Cosine (float),PLAIN-645,3,36.095584044232965
nfcorpus,cosine_float,Cosine (float),PLAIN-645,4,35.99150001537055
nfcorpus,cosine_float,Cosine (float),PLAIN-645,5,36.19775001425296
nfcorpus,cosine_float,Cosine (float),PLAIN-645,6,36.03691700845957
nfcorpus,cosine_float,Cosine (float),PLAIN-645,7,36.245415918529034
nfcorpus,cosine_float,Cosine (float),PLAIN-645,8,35.798166994936764
nfcorpus,cosine_float,Cosine (float),PLAIN-645,9,36.12554201390594
nfcorpus,cosine_float,Cosine (float),PLAIN-3159,0,33.47766597289592
nfcorpus,cosine_float,Cosine (float),PLAIN-3159,1,33.84450008161366
nfcorpus,cosine_float,Cosine (float),PLAIN-3159,2,33.48404204007238
nfcorpus,cosine_float,Cosine (float),PLAIN-3159,3,33.58137502800673
nfcorpus,cosine_float,Cosine (float),PLAIN-3159,4,33.66004198323935
nfcorpus,cosine_float,Cosine (float),PLAIN-3159,5,33.78716600127518
nfcorpus,cosine_float,Cosine (float),PLAIN-3159,6,34.042707993648946
nfcorpus,cosine_float,Cosine (float),PLAIN-3159,7,33.7432500673458
nfcorpus,cosine_float,Cosine (float),PLAIN-3159,8,33.45595789141953
nfcorpus,cosine_float,Cosine (float),PLAIN-3159,9,33.56450004503131
nfcorpus,cosine_float,Cosine (float),PLAIN-2660,0,31.54954209458083
nfcorpus,cosine_float,Cosine (float),PLAIN-2660,1,31.993999960832298
nfcorpus,cosine_float,Cosine (float),PLAIN-2660,2,31.87116701155901
nfcorpus,cosine_float,Cosine (float),PLAIN-2660,3,31.950333039276302
nfcorpus,cosine_float,Cosine (float),PLAIN-2660,4,31.597833964042366
nfcorpus,cosine_float,Cosine (float),PLAIN-2660,5,32.02333394438028
nfcorpus,cosine_float,Cosine (float),PLAIN-2660,6,31.932833953760564
nfcorpus,cosine_float,Cosine (float),PLAIN-2660,7,31.691875075921416
nfcorpus,cosine_float,Cosine (float),PLAIN-2660,8,31.875125016085804
nfcorpus,cosine_float,Cosine (float),PLAIN-2660,9,31.79104207083583
nfcorpus,cosine_float,Cosine (float),PLAIN-1884,0,35.871249972842634
nfcorpus,cosine_float,Cosine (float),PLAIN-1884,1,35.4674169793725
nfcorpus,cosine_float,Cosine (float),PLAIN-1884,2,34.6720420056954
nfcorpus,cosine_float,Cosine (float),PLAIN-1884,3,34.495041938498616
nfcorpus,cosine_float,Cosine (float),PLAIN-1884,4,34.42820894997567
nfcorpus,cosine_float,Cosine (float),PLAIN-1884,5,34.45962490513921
nfcorpus,cosine_float,Cosine (float),PLAIN-1884,6,34.457209054380655
nfcorpus,cosine_float,Cosine (float),PLAIN-1884,7,34.42766598891467
nfcorpus,cosine_float,Cosine (float),PLAIN-1884,8,34.40358291845769
nfcorpus,cosine_float,Cosine (float),PLAIN-1884,9,34.04625004623085
nfcorpus,cosine_float,Cosine (float),PLAIN-277,0,33.07570901233703
nfcorpus,cosine_float,Cosine (float),PLAIN-277,1,33.280457952059805
nfcorpus,cosine_float,Cosine (float),PLAIN-277,2,33.2515420159325
nfcorpus,cosine_float,Cosine (float),PLAIN-277,3,33.302290947176516
nfcorpus,cosine_float,Cosine (float),PLAIN-277,4,33.41095906216651
nfcorpus,cosine_float,Cosine (float),PLAIN-277,5,32.87895896937698
nfcorpus,cosine_float,Cosine (float),PLAIN-277,6,33.389040967449546
nfcorpus,cosine_float,Cosine (float),PLAIN-277,7,33.15691708121449
nfcorpus,cosine_float,Cosine (float),PLAIN-277,8,33.175666932947934
nfcorpus,cosine_float,Cosine (float),PLAIN-277,9,32.92149992194027
nfcorpus,rrf_hamming,RRF (BM25 + Hamming),PLAIN-1106,0,4.827165976166725
nfcorpus,rrf_hamming,RRF (BM25 + Hamming),PLAIN-1106,1,4.467500024475157
nfcorpus,rrf_hamming,RRF (BM25 + Hamming),PLAIN-1106,2,4.283874994143844
nfcorpus,rrf_hamming,RRF (BM25 + Hamming),PLAIN-1106,3,4.215999972075224
nfcorpus,rrf_hamming,RRF (BM25 + Hamming),PLAIN-1106,4,5.723832990042865
nfcorpus,rrf_hamming,RRF (BM25 + Hamming),PLAIN-1106,5,4.409707966260612
nfcorpus,rrf_hamming,RRF (BM25 + Hamming),PLAIN-1106,6,4.344416898675263
nfcorpus,rrf_hamming,RRF (BM25 + Hamming),PLAIN-1106,7,4.485416924580932
nfcorpus,rrf_hamming,RRF (BM25 + Hamming),PLAIN-1106,8,4.373166942968965
nfcorpus,rrf_hamming,RRF (BM25 + Hamming),PLAIN-1106,9,4.311416996642947
nfcorpus,rrf_hamming,RRF (BM25 + Hamming),PLAIN-3219,0,3.5918329376727343
nfcorpus,rrf_hamming,RRF (BM25 + Hamming),PLAIN-3219,1,3.4583340166136622
nfcorpus,rrf_hamming,RRF (BM25 + Hamming),PLAIN-3219,2,3.4200840163975954
nfcorpus,rrf_hamming,RRF (BM25 + Hamming),PLAIN-3219,3,3.465999965555966
nfcorpus,rrf_hamming,RRF (BM25 + Hamming),PLAIN-3219,4,3.404415911063552
nfcorpus,rrf_hamming,RRF (BM25 + Hamming),PLAIN-3219,5,3.332250053063035
nfcorpus,rrf_hamming,RRF (BM25 + Hamming),PLAIN-3219,6,3.31016699783504
nfcorpus,rrf_hamming,RRF (BM25 + Hamming),PLAIN-3219,7,3.3375000348314643
nfcorpus,rrf_hamming,RRF (BM25 + Hamming),PLAIN-3219,8,3.42550000641495
nfcorpus,rrf_hamming,RRF (BM25 + Hamming),PLAIN-3219,9,3.38104204274714
nfcorpus,rrf_hamming,RRF (BM25 + Hamming),PLAIN-1801,0,2.0827919943258166
nfcorpus,rrf_hamming,RRF (BM25 + Hamming),PLAIN-1801,1,1.9830000819638371
nfcorpus,rrf_hamming,RRF (BM25 + Hamming),PLAIN-1801,2,1.9811670063063502
nfcorpus,rrf_hamming,RRF (BM25 + Hamming),PLAIN-1801,3,1.9130000146105886
nfcorpus,rrf_hamming,RRF (BM25 + Hamming),PLAIN-1801,4,2.0556659437716007
nfcorpus,rrf_hamming,RRF (BM25 + Hamming),PLAIN-1801,5,1.9707910250872374
nfcorpus,rrf_hamming,RRF (BM25 + Hamming),PLAIN-1801,6,1.9055419834330678
nfcorpus,rrf_hamming,RRF (BM25 + Hamming),PLAIN-1801,7,1.8863339209929109
nfcorpus,rrf_hamming,RRF (BM25 + Hamming),PLAIN-1801,8,1.8783749546855688
nfcorpus,rrf_hamming,RRF (BM25 + Hamming),PLAIN-1801,9,1.864125020802021
nfcorpus,rrf_hamming,RRF (BM25 + Hamming),PLAIN-705,0,4.328917013481259
nfcorpus,rrf_hamming,RRF (BM25 + Hamming),PLAIN-705,1,4.191208048723638
nfcorpus,rrf_hamming,RRF (BM25 + Hamming),PLAIN-705,2,4.125750041566789
nfcorpus,rrf_hamming,RRF (BM25 + Hamming),PLAIN-705,3,4.168750019744039
nfcorpus,rrf_hamming,RRF (BM25 + Hamming),PLAIN-705,4,4.065291024744511
nfcorpus,rrf_hamming,RRF (BM25 + Hamming),PLAIN-705,5,4.043375025503337
nfcorpus,rrf_hamming,RRF (BM25 + Hamming),PLAIN-705,6,4.041209002025425
nfcorpus,rrf_hamming,RRF (BM25 + Hamming),PLAIN-705,7,4.163790959864855
nfcorpus,rrf_hamming,RRF (BM25 + Hamming),PLAIN-705,8,4.043082939460874
nfcorpus,rrf_hamming,RRF (BM25 + Hamming),PLAIN-705,9,4.0339999832212925
nfcorpus,rrf_hamming,RRF (BM25 + Hamming),PLAIN-44,0,6.586709059774876
nfcorpus,rrf_hamming,RRF (BM25 + Hamming),PLAIN-44,1,6.595500046387315
nfcorpus,rrf_hamming,RRF (BM25 + Hamming),PLAIN-44,2,6.527916993945837
nfcorpus,rrf_hamming,RRF (BM25 + Hamming),PLAIN-44,3,6.514459033496678
nfcorpus,rrf_hamming,RRF (BM25 + Hamming),PLAIN-44,4,6.644167006015778
nfcorpus,rrf_hamming,RRF (BM25 + Hamming),PLAIN-44,5,6.606332957744598
nfcorpus,rrf_hamming,RRF (BM25 + Hamming),PLAIN-44,6,6.587709067389369
nfcorpus,rrf_hamming,RRF (BM25 + Hamming),PLAIN-44,7,6.542875082232058
nfcorpus,rrf_hamming,RRF (BM25 + Hamming),PLAIN-44,8,6.545459036715329
nfcorpus,rrf_hamming,RRF (BM25 + Hamming),PLAIN-44,9,6.559374975040555
nfcorpus,rrf_hamming,RRF (BM25 + Hamming),PLAIN-645,0,4.387125023640692
nfcorpus,rrf_hamming,RRF (BM25 + Hamming),PLAIN-645,1,4.430167027749121
nfcorpus,rrf_hamming,RRF (BM25 + Hamming),PLAIN-645,2,4.357291967608035
nfcorpus,rrf_hamming,RRF (BM25 + Hamming),PLAIN-645,3,4.3452909449115396
nfcorpus,rrf_hamming,RRF (BM25 + Hamming),PLAIN-645,4,4.352000076323748
nfcorpus,rrf_hamming,RRF (BM25 + Hamming),PLAIN-645,5,4.401416052132845
nfcorpus,rrf_hamming,RRF (BM25 + Hamming),PLAIN-645,6,4.339916980825365
nfcorpus,rrf_hamming,RRF (BM25 + Hamming),PLAIN-645,7,4.334291093982756
nfcorpus,rrf_hamming,RRF (BM25 + Hamming),PLAIN-645,8,4.3539999751374125
nfcorpus,rrf_hamming,RRF (BM25 + Hamming),PLAIN-645,9,4.395750002004206
nfcorpus,rrf_hamming,RRF (BM25 + Hamming),PLAIN-3159,0,5.7806660188362
nfcorpus,rrf_hamming,RRF (BM25 + Hamming),PLAIN-3159,1,5.807833047583699
nfcorpus,rrf_hamming,RRF (BM25 + Hamming),PLAIN-3159,2,5.654333042912185
nfcorpus,rrf_hamming,RRF (BM25 + Hamming),PLAIN-3159,3,5.679709021933377
nfcorpus,rrf_hamming,RRF (BM25 + Hamming),PLAIN-3159,4,5.619458970613778
nfcorpus,rrf_hamming,RRF (BM25 + Hamming),PLAIN-3159,5,5.611000000499189
nfcorpus,rrf_hamming,RRF (BM25 + Hamming),PLAIN-3159,6,5.651750019751489
nfcorpus,rrf_hamming,RRF (BM25 + Hamming),PLAIN-3159,7,5.592041066847742
nfcorpus,rrf_hamming,RRF (BM25 + Hamming),PLAIN-3159,8,5.586707964539528
nfcorpus,rrf_hamming,RRF (BM25 + Hamming),PLAIN-3159,9,5.58162503875792
nfcorpus,rrf_hamming,RRF (BM25 + Hamming),PLAIN-2660,0,5.143332993611693
nfcorpus,rrf_hamming,RRF (BM25 + Hamming),PLAIN-2660,1,5.088042002171278
nfcorpus,rrf_hamming,RRF (BM25 + Hamming),PLAIN-2660,2,5.009958054870367
nfcorpus,rrf_hamming,RRF (BM25 + Hamming),PLAIN-2660,3,4.991792025975883
nfcorpus,rrf_hamming,RRF (BM25 + Hamming),PLAIN-2660,4,5.057791946455836
nfcorpus,rrf_hamming,RRF (BM25 + Hamming),PLAIN-2660,5,5.011750035919249
nfcorpus,rrf_hamming,RRF (BM25 + Hamming),PLAIN-2660,6,4.992124973796308
nfcorpus,rrf_hamming,RRF (BM25 + Hamming),PLAIN-2660,7,5.031833075918257
nfcorpus,rrf_hamming,RRF (BM25 + Hamming),PLAIN-2660,8,5.011292058043182
nfcorpus,rrf_hamming,RRF (BM25 + Hamming),PLAIN-2660,9,5.014374968595803
nfcorpus,rrf_hamming,RRF (BM25 + Hamming),PLAIN-1884,0,2.219583955593407
nfcorpus,rrf_hamming,RRF (BM25 + Hamming),PLAIN-1884,1,2.1138329757377505
nfcorpus,rrf_hamming,RRF (BM25 + Hamming),PLAIN-1884,2,2.0910000894218683
nfcorpus,rrf_hamming,RRF (BM25 + Hamming),PLAIN-1884,3,2.0609169732779264
nfcorpus,rrf_hamming,RRF (BM25 + Hamming),PLAIN-1884,4,2.05258303321898
nfcorpus,rrf_hamming,RRF (BM25 + Hamming),PLAIN-1884,5,2.0391250727698207
nfcorpus,rrf_hamming,RRF (BM25 + Hamming),PLAIN-1884,6,2.0265409257262945
nfcorpus,rrf_hamming,RRF (BM25 + Hamming),PLAIN-1884,7,2.0907078869640827
nfcorpus,rrf_hamming,RRF (BM25 + Hamming),PLAIN-1884,8,2.0839169155806303
nfcorpus,rrf_hamming,RRF (BM25 + Hamming),PLAIN-1884,9,2.051957999356091
nfcorpus,rrf_hamming,RRF (BM25 + Hamming),PLAIN-277,0,4.597082966938615
nfcorpus,rrf_hamming,RRF (BM25 + Hamming),PLAIN-277,1,4.4883330119773746
nfcorpus,rrf_hamming,RRF (BM25 + Hamming),PLAIN-277,2,4.465957987122238
nfcorpus,rrf_hamming,RRF (BM25 + Hamming),PLAIN-277,3,4.4235000386834145
nfcorpus,rrf_hamming,RRF (BM25 + Hamming),PLAIN-277,4,4.4655000092461705
nfcorpus,rrf_hamming,RRF (BM25 + Hamming),PLAIN-277,5,4.45183296687901
nfcorpus,rrf_hamming,RRF (BM25 + Hamming),PLAIN-277,6,4.3998749461025
nfcorpus,rrf_hamming,RRF (BM25 + Hamming),PLAIN-277,7,4.42024995572865
nfcorpus,rrf_hamming,RRF (BM25 + Hamming),PLAIN-277,8,4.401792073622346
nfcorpus,rrf_hamming,RRF (BM25 + Hamming),PLAIN-277,9,4.4252920197322965
nfcorpus,rrf_cosine_int8,RRF (BM25 + Cosine (int8)),PLAIN-1106,0,24.043917073868215
nfcorpus,rrf_cosine_int8,RRF (BM25 + Cosine (int8)),PLAIN-1106,1,23.84354209061712
nfcorpus,rrf_cosine_int8,RRF (BM25 + Cosine (int8)),PLAIN-1106,2,23.857499938458204
nfcorpus,rrf_cosine_int8,RRF (BM25 + Cosine (int8)),PLAIN-1106,3,23.816667031496763
nfcorpus,rrf_cosine_int8,RRF (BM25 + Cosine (int8)),PLAIN-1106,4,23.81929208058864
nfcorpus,rrf_cosine_int8,RRF (BM25 + Cosine (int8)),PLAIN-1106,5,23.85562495328486
nfcorpus,rrf_cosine_int8,RRF (BM25 + Cosine (int8)),PLAIN-1106,6,23.869791999459267
nfcorpus,rrf_cosine_int8,RRF (BM25 + Cosine (int8)),PLAIN-1106,7,24.030499975197017
nfcorpus,rrf_cosine_int8,RRF (BM25 + Cosine (int8)),PLAIN-1106,8,23.826083983294666
nfcorpus,rrf_cosine_int8,RRF (BM25 + Cosine (int8)),PLAIN-1106,9,23.999999975785613
nfcorpus,rrf_cosine_int8,RRF (BM25 + Cosine (int8)),PLAIN-3219,0,23.058082908391953
nfcorpus,rrf_cosine_int8,RRF (BM25 + Cosine (int8)),PLAIN-3219,1,23.022416979074478
nfcorpus,rrf_cosine_int8,RRF (BM25 + Cosine (int8)),PLAIN-3219,2,23.009875090792775
nfcorpus,rrf_cosine_int8,RRF (BM25 + Cosine (int8)),PLAIN-3219,3,23.120874888263643
nfcorpus,rrf_cosine_int8,RRF (BM25 + Cosine (int8)),PLAIN-3219,4,23.022999987006187
nfcorpus,rrf_cosine_int8,RRF (BM25 + Cosine (int8)),PLAIN-3219,5,23.092249990440905
nfcorpus,rrf_cosine_int8,RRF (BM25 + Cosine (int8)),PLAIN-3219,6,23.018333944492042
nfcorpus,rrf_cosine_int8,RRF (BM25 + Cosine (int8)),PLAIN-3219,7,23.0105419177562
nfcorpus,rrf_cosine_int8,RRF (BM25 + Cosine (int8)),PLAIN-3219,8,23.025917005725205
nfcorpus,rrf_cosine_int8,RRF (BM25 + Cosine (int8)),PLAIN-3219,9,23.051292053423822
nfcorpus,rrf_cosine_int8,RRF (BM25 + Cosine (int8)),PLAIN-1801,0,21.55987499281764
nfcorpus,rrf_cosine_int8,RRF (BM25 + Cosine (int8)),PLAIN-1801,1,21.507875062525272
nfcorpus,rrf_cosine_int8,RRF (BM25 + Cosine (int8)),PLAIN-1801,2,21.533458027988672
nfcorpus,rrf_cosine_int8,RRF (BM25 + Cosine (int8)),PLAIN-1801,3,21.52299997396767
nfcorpus,rrf_cosine_int8,RRF (BM25 + Cosine (int8)),PLAIN-1801,4,21.528957993723452
nfcorpus,rrf_cosine_int8,RRF (BM25 + Cosine (int8)),PLAIN-1801,5,21.508332923986018
nfcorpus,rrf_cosine_int8,RRF (BM25 + Cosine (int8)),PLAIN-1801,6,21.570999990217388
nfcorpus,rrf_cosine_int8,RRF (BM25 + Cosine (int8)),PLAIN-1801,7,21.58791699912399
nfcorpus,rrf_cosine_int8,RRF (BM25 + Cosine (int8)),PLAIN-1801,8,21.541291032917798
nfcorpus,rrf_cosine_int8,RRF (BM25 + Cosine (int8)),PLAIN-1801,9,21.53037500102073
nfcorpus,rrf_cosine_int8,RRF (BM25 + Cosine (int8)),PLAIN-705,0,23.912707925774157
nfcorpus,rrf_cosine_int8,RRF (BM25 + Cosine (int8)),PLAIN-705,1,24.493124918080866
nfcorpus,rrf_cosine_int8,RRF (BM25 + Cosine (int8)),PLAIN-705,2,24.818207952193916
nfcorpus,rrf_cosine_int8,RRF (BM25 + Cosine (int8)),PLAIN-705,3,23.905250011011958
nfcorpus,rrf_cosine_int8,RRF (BM25 + Cosine (int8)),PLAIN-705,4,23.581417044624686
nfcorpus,rrf_cosine_int8,RRF (BM25 + Cosine (int8)),PLAIN-705,5,23.623834014870226
nfcorpus,rrf_cosine_int8,RRF (BM25 + Cosine (int8)),PLAIN-705,6,24.952500010840595
nfcorpus,rrf_cosine_int8,RRF (BM25 + Cosine (int8)),PLAIN-705,7,24.026541970670223
nfcorpus,rrf_cosine_int8,RRF (BM25 + Cosine (int8)),PLAIN-705,8,23.407167056575418
nfcorpus,rrf_cosine_int8,RRF (BM25 + Cosine (int8)),PLAIN-705,9,24.227333953604102
nfcorpus,rrf_cosine_int8,RRF (BM25 + Cosine (int8)),PLAIN-44,0,26.083791977725923
nfcorpus,rrf_cosine_int8,RRF (BM25 + Cosine (int8)),PLAIN-44,1,26.04645793326199
nfcorpus,rrf_cosine_int8,RRF (BM25 + Cosine (int8)),PLAIN-44,2,26.75066702067852
nfcorpus,rrf_cosine_int8,RRF (BM25 + Cosine (int8)),PLAIN-44,3,26.055749971419573
nfcorpus,rrf_cosine_int8,RRF (BM25 + Cosine (int8)),PLAIN-44,4,26.061167009174824
nfcorpus,rrf_cosine_int8,RRF (BM25 + Cosine (int8)),PLAIN-44,5,26.044333004392684
nfcorpus,rrf_cosine_int8,RRF (BM25 + Cosine (int8)),PLAIN-44,6,26.70879103243351
nfcorpus,rrf_cosine_int8,RRF (BM25 + Cosine (int8)),PLAIN-44,7,26.025124941952527
nfcorpus,rrf_cosine_int8,RRF (BM25 + Cosine (int8)),PLAIN-44,8,26.161374989897013
nfcorpus,rrf_cosine_int8,RRF (BM25 + Cosine (int8)),PLAIN-44,9,26.460541994310915
nfcorpus,rrf_cosine_int8,RRF (BM25 + Cosine (int8)),PLAIN-645,0,23.920790990814567
nfcorpus,rrf_cosine_int8,RRF (BM25 + Cosine (int8)),PLAIN-645,1,23.82420899812132
nfcorpus,rrf_cosine_int8,RRF (BM25 + Cosine (int8)),PLAIN-645,2,23.88425008393824
nfcorpus,rrf_cosine_int8,RRF (BM25 + Cosine (int8)),PLAIN-645,3,24.216582998633385
nfcorpus,rrf_cosine_int8,RRF (BM25 + Cosine (int8)),PLAIN-645,4,24.19391693547368
nfcorpus,rrf_cosine_int8,RRF (BM25 + Cosine (int8)),PLAIN-645,5,23.856957908719778
nfcorpus,rrf_cosine_int8,RRF (BM25 + Cosine (int8)),PLAIN-645,6,23.795834043994546
nfcorpus,rrf_cosine_int8,RRF (BM25 + Cosine (int8)),PLAIN-645,7,24.135292042046785
nfcorpus,rrf_cosine_int8,RRF (BM25 + Cosine (int8)),PLAIN-645,8,24.170209071598947
nfcorpus,rrf_cosine_int8,RRF (BM25 + Cosine (int8)),PLAIN-645,9,23.905250011011958
nfcorpus,rrf_cosine_int8,RRF (BM25 + Cosine (int8)),PLAIN-3159,0,25.06179199554026
nfcorpus,rrf_cosine_int8,RRF (BM25 + Cosine (int8)),PLAIN-3159,1,25.014791055582464
nfcorpus,rrf_cosine_int8,RRF (BM25 + Cosine (int8)),PLAIN-3159,2,25.537249981425703
nfcorpus,rrf_cosine_int8,RRF (BM25 + Cosine (int8)),PLAIN-3159,3,25.17004101537168
nfcorpus,rrf_cosine_int8,RRF (BM25 + Cosine (int8)),PLAIN-3159,4,24.987832992337644
nfcorpus,rrf_cosine_int8,RRF (BM25 + Cosine (int8)),PLAIN-3159,5,25.792749947868288
nfcorpus,rrf_cosine_int8,RRF (BM25 + Cosine (int8)),PLAIN-3159,6,24.994292063638568
nfcorpus,rrf_cosine_int8,RRF (BM25 + Cosine (int8)),PLAIN-3159,7,25.031458004377782
nfcorpus,rrf_cosine_int8,RRF (BM25 + Cosine (int8)),PLAIN-3159,8,25.677917059510946
nfcorpus,rrf_cosine_int8,RRF (BM25 + Cosine (int8)),PLAIN-3159,9,24.98750004451722
nfcorpus,rrf_cosine_int8,RRF (BM25 + Cosine (int8)),PLAIN-2660,0,24.44666693918407
nfcorpus,rrf_cosine_int8,RRF (BM25 + Cosine (int8)),PLAIN-2660,1,24.624083074741066
nfcorpus,rrf_cosine_int8,RRF (BM25 + Cosine (int8)),PLAIN-2660,2,24.22316698357463
nfcorpus,rrf_cosine_int8,RRF (BM25 + Cosine (int8)),PLAIN-2660,3,24.518791935406625
nfcorpus,rrf_cosine_int8,RRF (BM25 + Cosine (int8)),PLAIN-2660,4,24.466165923513472
nfcorpus,rrf_cosine_int8,RRF (BM25 + Cosine (int8)),PLAIN-2660,5,24.19620903674513
nfcorpus,rrf_cosine_int8,RRF (BM25 + Cosine (int8)),PLAIN-2660,6,24.331167107447982
nfcorpus,rrf_cosine_int8,RRF (BM25 + Cosine (int8)),PLAIN-2660,7,24.921540985815227
nfcorpus,rrf_cosine_int8,RRF (BM25 + Cosine (int8)),PLAIN-2660,8,24.232583004049957
nfcorpus,rrf_cosine_int8,RRF (BM25 + Cosine (int8)),PLAIN-2660,9,24.2433330276981
nfcorpus,rrf_cosine_int8,RRF (BM25 + Cosine (int8)),PLAIN-1884,0,21.54033398255706
nfcorpus,rrf_cosine_int8,RRF (BM25 + Cosine (int8)),PLAIN-1884,1,21.490917075425386
nfcorpus,rrf_cosine_int8,RRF (BM25 + Cosine (int8)),PLAIN-1884,2,22.31641602702439
nfcorpus,rrf_cosine_int8,RRF (BM25 + Cosine (int8)),PLAIN-1884,3,23.255125037394464
nfcorpus,rrf_cosine_int8,RRF (BM25 + Cosine (int8)),PLAIN-1884,4,23.422583006322384
nfcorpus,rrf_cosine_int8,RRF (BM25 + Cosine (int8)),PLAIN-1884,5,22.907041013240814
nfcorpus,rrf_cosine_int8,RRF (BM25 + Cosine (int8)),PLAIN-1884,6,23.21891696192324
nfcorpus,rrf_cosine_int8,RRF (BM25 + Cosine (int8)),PLAIN-1884,7,21.8510830309242
nfcorpus,rrf_cosine_int8,RRF (BM25 + Cosine (int8)),PLAIN-1884,8,21.67975006159395
nfcorpus,rrf_cosine_int8,RRF (BM25 + Cosine (int8)),PLAIN-1884,9,21.59391692839563
nfcorpus,rrf_cosine_int8,RRF (BM25 + Cosine (int8)),PLAIN-277,0,24.84258299227804
nfcorpus,rrf_cosine_int8,RRF (BM25 + Cosine (int8)),PLAIN-277,1,25.985707994550467
nfcorpus,rrf_cosine_int8,RRF (BM25 + Cosine (int8)),PLAIN-277,2,25.73708293493837
nfcorpus,rrf_cosine_int8,RRF (BM25 + Cosine (int8)),PLAIN-277,3,27.011916041374207
nfcorpus,rrf_cosine_int8,RRF (BM25 + Cosine (int8)),PLAIN-277,4,25.535500026308
nfcorpus,rrf_cosine_int8,RRF (BM25 + Cosine (int8)),PLAIN-277,5,25.23650007788092
nfcorpus,rrf_cosine_int8,RRF (BM25 + Cosine (int8)),PLAIN-277,6,25.2593329641968
nfcorpus,rrf_cosine_int8,RRF (BM25 + Cosine (int8)),PLAIN-277,7,24.110500002279878
nfcorpus,rrf_cosine_int8,RRF (BM25 + Cosine (int8)),PLAIN-277,8,24.204082903452218
nfcorpus,rrf_cosine_int8,RRF (BM25 + Cosine (int8)),PLAIN-277,9,24.03883298393339
nfcorpus,rrf_cosine_float,RRF (BM25 + Cosine (float)),PLAIN-1106,0,37.765791988931596
nfcorpus,rrf_cosine_float,RRF (BM25 + Cosine (float)),PLAIN-1106,1,37.684333976358175
nfcorpus,rrf_cosine_float,RRF (BM25 + Cosine (float)),PLAIN-1106,2,72.046541958116
nfcorpus,rrf_cosine_float,RRF (BM25 + Cosine (float)),PLAIN-1106,3,43.695209082216024
nfcorpus,rrf_cosine_float,RRF (BM25 + Cosine (float)),PLAIN-1106,4,40.47258396167308
nfcorpus,rrf_cosine_float,RRF (BM25 + Cosine (float)),PLAIN-1106,5,38.637791061773896
nfcorpus,rrf_cosine_float,RRF (BM25 + Cosine (float)),PLAIN-1106,6,37.26433403789997
nfcorpus,rrf_cosine_float,RRF (BM25 + Cosine (float)),PLAIN-1106,7,37.19433303922415
nfcorpus,rrf_cosine_float,RRF (BM25 + Cosine (float)),PLAIN-1106,8,37.357249995693564
nfcorpus,rrf_cosine_float,RRF (BM25 + Cosine (float)),PLAIN-1106,9,38.390584057196975
nfcorpus,rrf_cosine_float,RRF (BM25 + Cosine (float)),PLAIN-3219,0,37.025416968390346
nfcorpus,rrf_cosine_float,RRF (BM25 + Cosine (float)),PLAIN-3219,1,36.66012501344085
nfcorpus,rrf_cosine_float,RRF (BM25 + Cosine (float)),PLAIN-3219,2,36.49800003040582
nfcorpus,rrf_cosine_float,RRF (BM25 + Cosine (float)),PLAIN-3219,3,36.92012501414865
nfcorpus,rrf_cosine_float,RRF (BM25 + Cosine (float)),PLAIN-3219,4,36.66170791257173
nfcorpus,rrf_cosine_float,RRF (BM25 + Cosine (float)),PLAIN-3219,5,36.65091609582305
nfcorpus,rrf_cosine_float,RRF (BM25 + Cosine (float)),PLAIN-3219,6,36.626209039241076
nfcorpus,rrf_cosine_float,RRF (BM25 + Cosine (float)),PLAIN-3219,7,36.54120792634785
nfcorpus,rrf_cosine_float,RRF (BM25 + Cosine (float)),PLAIN-3219,8,35.93258303590119
nfcorpus,rrf_cosine_float,RRF (BM25 + Cosine (float)),PLAIN-3219,9,35.85466602817178
nfcorpus,rrf_cosine_float,RRF (BM25 + Cosine (float)),PLAIN-1801,0,35.10287497192621
nfcorpus,rrf_cosine_float,RRF (BM25 + Cosine (float)),PLAIN-1801,1,34.55520805437118
nfcorpus,rrf_cosine_float,RRF (BM25 + Cosine (float)),PLAIN-1801,2,35.47850006725639
nfcorpus,rrf_cosine_float,RRF (BM25 + Cosine (float)),PLAIN-1801,3,34.41004210617393
nfcorpus,rrf_cosine_float,RRF (BM25 + Cosine (float)),PLAIN-1801,4,34.31666688993573
nfcorpus,rrf_cosine_float,RRF (BM25 + Cosine (float)),PLAIN-1801,5,34.769916092045605
nfcorpus,rrf_cosine_float,RRF (BM25 + Cosine (float)),PLAIN-1801,6,34.89458293188363
nfcorpus,rrf_cosine_float,RRF (BM25 + Cosine (float)),PLAIN-1801,7,35.06004193332046
nfcorpus,rrf_cosine_float,RRF (BM25 + Cosine (float)),PLAIN-1801,8,34.75795791018754
nfcorpus,rrf_cosine_float,RRF (BM25 + Cosine (float)),PLAIN-1801,9,34.96900002937764
nfcorpus,rrf_cosine_float,RRF (BM25 + Cosine (float)),PLAIN-705,0,38.28095807693899
nfcorpus,rrf_cosine_float,RRF (BM25 + Cosine (float)),PLAIN-705,1,36.85995889827609
nfcorpus,rrf_cosine_float,RRF (BM25 + Cosine (float)),PLAIN-705,2,36.10187501180917
nfcorpus,rrf_cosine_float,RRF (BM25 + Cosine (float)),PLAIN-705,3,36.20029194280505
nfcorpus,rrf_cosine_float,RRF (BM25 + Cosine (float)),PLAIN-705,4,35.882291034795344
nfcorpus,rrf_cosine_float,RRF (BM25 + Cosine (float)),PLAIN-705,5,36.06533398851752
nfcorpus,rrf_cosine_float,RRF (BM25 + Cosine (float)),PLAIN-705,6,36.40012501273304
nfcorpus,rrf_cosine_float,RRF (BM25 + Cosine (float)),PLAIN-705,7,35.894916974939406
nfcorpus,rrf_cosine_float,RRF (BM25 + Cosine (float)),PLAIN-705,8,36.119582946412265
nfcorpus,rrf_cosine_float,RRF (BM25 + Cosine (float)),PLAIN-705,9,36.47387505043298
nfcorpus,rrf_cosine_float,RRF (BM25 + Cosine (float)),PLAIN-44,0,38.906792062334716
nfcorpus,rrf_cosine_float,RRF (BM25 + Cosine (float)),PLAIN-44,1,38.94745896104723
nfcorpus,rrf_cosine_float,RRF (BM25 + Cosine (float)),PLAIN-44,2,38.422874989919364
nfcorpus,rrf_cosine_float,RRF (BM25 + Cosine (float)),PLAIN-44,3,38.692667032592
nfcorpus,rrf_cosine_float,RRF (BM25 + Cosine (float)),PLAIN-44,4,39.1679999884218
nfcorpus,rrf_cosine_float,RRF (BM25 + Cosine (float)),PLAIN-44,5,38.88308396562934
nfcorpus,rrf_cosine_float,RRF (BM25 + Cosine (float)),PLAIN-44,6,38.422832963988185
nfcorpus,rrf_cosine_float,RRF (BM25 + Cosine (float)),PLAIN-44,7,38.88099989853799
nfcorpus,rrf_cosine_float,RRF (BM25 + Cosine (float)),PLAIN-44,8,38.67829195223749
nfcorpus,rrf_cosine_float,RRF (BM25 + Cosine (float)),PLAIN-44,9,38.56916702352464
nfcorpus,rrf_cosine_float,RRF (BM25 + Cosine (float)),PLAIN-645,0,36.18991607800126
nfcorpus,rrf_cosine_float,RRF (BM25 + Cosine (float)),PLAIN-645,1,36.4726249827072
nfcorpus,rrf_cosine_float,RRF (BM25 + Cosine (float)),PLAIN-645,2,36.40149999409914
nfcorpus,rrf_cosine_float,RRF (BM25 + Cosine (float)),PLAIN-645,3,36.555291968397796
nfcorpus,rrf_cosine_float,RRF (BM25 + Cosine (float)),PLAIN-645,4,38.026000023819506
nfcorpus,rrf_cosine_float,RRF (BM25 + Cosine (float)),PLAIN-645,5,38.16674998961389
nfcorpus,rrf_cosine_float,RRF (BM25 + Cosine (float)),PLAIN-645,6,37.230457994155586
nfcorpus,rrf_cosine_float,RRF (BM25 + Cosine (float)),PLAIN-645,7,37.23704197909683
nfcorpus,rrf_cosine_float,RRF (BM25 + Cosine (float)),PLAIN-645,8,39.072624989785254
nfcorpus,rrf_cosine_float,RRF (BM25 + Cosine (float)),PLAIN-645,9,38.83683308959007
nfcorpus,rrf_cosine_float,RRF (BM25 + Cosine (float)),PLAIN-3159,0,37.60741697624326
nfcorpus,rrf_cosine_float,RRF (BM25 + Cosine (float)),PLAIN-3159,1,37.89645794313401
nfcorpus,rrf_cosine_float,RRF (BM25 + Cosine (float)),PLAIN-3159,2,39.844416081905365
nfcorpus,rrf_cosine_float,RRF (BM25 + Cosine (float)),PLAIN-3159,3,40.699166944250464
nfcorpus,rrf_cosine_float,RRF (BM25 + Cosine (float)),PLAIN-3159,4,38.54874998796731
nfcorpus,rrf_cosine_float,RRF (BM25 + Cosine (float)),PLAIN-3159,5,37.90795791428536
nfcorpus,rrf_cosine_float,RRF (BM25 + Cosine (float)),PLAIN-3159,6,37.56891703233123
nfcorpus,rrf_cosine_float,RRF (BM25 + Cosine (float)),PLAIN-3159,7,37.889583967626095
nfcorpus,rrf_cosine_float,RRF (BM25 + Cosine (float)),PLAIN-3159,8,37.540792021900415
nfcorpus,rrf_cosine_float,RRF (BM25 + Cosine (float)),PLAIN-3159,9,37.92841709218919
nfcorpus,rrf_cosine_float,RRF (BM25 + Cosine (float)),PLAIN-2660,0,37.06691600382328
nfcorpus,rrf_cosine_float,RRF (BM25 + Cosine (float)),PLAIN-2660,1,36.654792027547956
nfcorpus,rrf_cosine_float,RRF (BM25 + Cosine (float)),PLAIN-2660,2,37.16166701633483
nfcorpus,rrf_cosine_float,RRF (BM25 + Cosine (float)),PLAIN-2660,3,36.65204101707786
nfcorpus,rrf_cosine_float,RRF (BM25 + Cosine (float)),PLAIN-2660,4,36.89737489912659
nfcorpus,rrf_cosine_float,RRF (BM25 + Cosine (float)),PLAIN-2660,5,36.66458302177489
nfcorpus,rrf_cosine_float,RRF (BM25 + Cosine (float)),PLAIN-2660,6,36.71025007497519
nfcorpus,rrf_cosine_float,RRF (BM25 + Cosine (float)),PLAIN-2660,7,36.97916690725833
nfcorpus,rrf_cosine_float,RRF (BM25 + Cosine (float)),PLAIN-2660,8,36.850249976851046
nfcorpus,rrf_cosine_float,RRF (BM25 + Cosine (float)),PLAIN-2660,9,36.93866706453264
nfcorpus,rrf_cosine_float,RRF (BM25 + Cosine (float)),PLAIN-1884,0,34.10562500357628
nfcorpus,rrf_cosine_float,RRF (BM25 + Cosine (float)),PLAIN-1884,1,34.12762505467981
nfcorpus,rrf_cosine_float,RRF (BM25 + Cosine (float)),PLAIN-1884,2,34.31237500626594
nfcorpus,rrf_cosine_float,RRF (BM25 + Cosine (float)),PLAIN-1884,3,34.0378750115633
nfcorpus,rrf_cosine_float,RRF (BM25 + Cosine (float)),PLAIN-1884,4,34.219207940623164
nfcorpus,rrf_cosine_float,RRF (BM25 + Cosine (float)),PLAIN-1884,5,34.159749979153275
nfcorpus,rrf_cosine_float,RRF (BM25 + Cosine (float)),PLAIN-1884,6,34.20920798089355
nfcorpus,rrf_cosine_float,RRF (BM25 + Cosine (float)),PLAIN-1884,7,33.81833399180323
nfcorpus,rrf_cosine_float,RRF (BM25 + Cosine (float)),PLAIN-1884,8,34.7472500288859
nfcorpus,rrf_cosine_float,RRF (BM25 + Cosine (float)),PLAIN-1884,9,34.42262497264892
nfcorpus,rrf_cosine_float,RRF (BM25 + Cosine (float)),PLAIN-277,0,36.53904201928526
nfcorpus,rrf_cosine_float,RRF (BM25 + Cosine (float)),PLAIN-277,1,36.616875091567636
nfcorpus,rrf_cosine_float,RRF (BM25 + Cosine (float)),PLAIN-277,2,36.24666703399271
nfcorpus,rrf_cosine_float,RRF (BM25 + Cosine (float)),PLAIN-277,3,36.68833302799612
nfcorpus,rrf_cosine_float,RRF (BM25 + Cosine (float)),PLAIN-277,4,36.42158303409815
nfcorpus,rrf_cosine_float,RRF (BM25 + Cosine (float)),PLAIN-277,5,36.871957941912115
nfcorpus,rrf_cosine_float,RRF (BM25 + Cosine (float)),PLAIN-277,6,36.34774999227375
nfcorpus,rrf_cosine_float,RRF (BM25 + Cosine (float)),PLAIN-277,7,36.789541016332805
nfcorpus,rrf_cosine_float,RRF (BM25 + Cosine (float)),PLAIN-277,8,36.332375020720065
nfcorpus,rrf_cosine_float,RRF (BM25 + Cosine (float)),PLAIN-277,9,36.77416604477912
quora,bm25,BM25,406292,0,319.1764169605449
quora,bm25,BM25,406292,1,318.70508298743516
quora,bm25,BM25,406292,2,318.99325002450496
quora,bm25,BM25,406292,3,318.13979090657085
quora,bm25,BM25,406292,4,322.34087493270636
quora,bm25,BM25,406292,5,319.016958004795
quora,bm25,BM25,406292,6,318.2351669529453
quora,bm25,BM25,406292,7,318.9122079638764
quora,bm25,BM25,406292,8,332.1623330703005
quora,bm25,BM25,406292,9,317.46820907574147
quora,bm25,BM25,241097,0,259.90408298093826
quora,bm25,BM25,241097,1,259.38745797611773
quora,bm25,BM25,241097,2,257.9912500223145
quora,bm25,BM25,241097,3,257.7530829003081
quora,bm25,BM25,241097,4,258.4398330654949
quora,bm25,BM25,241097,5,260.1374590303749
quora,bm25,BM25,241097,6,261.25220803078264
quora,bm25,BM25,241097,7,258.14487505704165
quora,bm25,BM25,241097,8,261.1970000434667
quora,bm25,BM25,241097,9,258.19587509613484
quora,bm25,BM25,53260,0,278.2833749661222
quora,bm25,BM25,53260,1,272.47099997475743
quora,bm25,BM25,53260,2,261.7600840749219
quora,bm25,BM25,53260,3,261.67395804077387
quora,bm25,BM25,53260,4,264.25770903006196
quora,bm25,BM25,53260,5,265.49324998632073
quora,bm25,BM25,53260,6,261.86054199934006
quora,bm25,BM25,53260,7,261.87904202379286
quora,bm25,BM25,53260,8,261.6357079241425
quora,bm25,BM25,53260,9,259.8018749849871
quora,bm25,BM25,78856,0,162.21929201856256
quora,bm25,BM25,78856,1,161.97654197458178
quora,bm25,BM25,78856,2,163.41666597872972
quora,bm25,BM25,78856,3,165.8880829345435
quora,bm25,BM25,78856,4,164.7292919224128
quora,bm25,BM25,78856,5,162.46566700283438
quora,bm25,BM25,78856,6,162.67270792741328
quora,bm25,BM25,78856,7,162.55100001581013
quora,bm25,BM25,78856,8,162.68270800355822
quora,bm25,BM25,78856,9,162.58258395828307
quora,bm25,BM25,10373,0,383.44637502450496
quora,bm25,BM25,10373,1,390.6137499725446
quora,bm25,BM25,10373,2,384.0967499418184
quora,bm25,BM25,10373,3,384.62633395101875
quora,bm25,BM25,10373,4,383.1538329832256
quora,bm25,BM25,10373,5,382.9445419833064
quora,bm25,BM25,10373,6,386.83104200754315
quora,bm25,BM25,10373,7,384.4472080236301
quora,bm25,BM25,10373,8,383.38708400260657
quora,bm25,BM25,10373,9,381.95774995256215
quora,bm25,BM25,501435,0,140.46966703608632
quora,bm25,BM25,501435,1,139.80604195967317
quora,bm25,BM25,501435,2,139.2314590048045
quora,bm25,BM25,501435,3,137.3060829937458
quora,bm25,BM25,501435,4,140.77749999705702
quora,bm25,BM25,501435,5,139.54862498212606
quora,bm25,BM25,501435,6,137.49095797538757
quora,bm25,BM25,501435,7,137.65716599300504
quora,bm25,BM25,501435,8,136.85212493874133
quora,bm25,BM25,501435,9,137.36974995117635
quora,bm25,BM25,530570,0,139.87808302044868
quora,bm25,BM25,530570,1,140.29033307451755
quora,bm25,BM25,530570,2,139.9622909957543
quora,bm25,BM25,530570,3,139.86691704485565
quora,bm25,BM25,530570,4,139.78754205163568
quora,bm25,BM25,530570,5,139.9872920010239
quora,bm25,BM25,530570,6,140.10958292055875
quora,bm25,BM25,530570,7,143.0737499613315
quora,bm25,BM25,530570,8,144.2862079711631
quora,bm25,BM25,530570,9,142.2377919079736
quora,bm25,BM25,179548,0,142.42862502578646
quora,bm25,BM25,179548,1,143.0221670307219
quora,bm25,BM25,179548,2,143.32562498748302
quora,bm25,BM25,179548,3,143.40545795857906
quora,bm25,BM25,179548,4,142.7552499808371
quora,bm25,BM25,179548,5,142.9282920435071
quora,bm25,BM25,179548,6,142.63212494552135
quora,bm25,BM25,179548,7,142.67504203598946
quora,bm25,BM25,179548,8,142.69458397757262
quora,bm25,BM25,179548,9,142.51124998554587
quora,bm25,BM25,466843,0,202.47024996206164
quora,bm25,BM25,466843,1,199.0274579729885
quora,bm25,BM25,466843,2,199.7726249974221
quora,bm25,BM25,466843,3,199.70512494910508
quora,bm25,BM25,466843,4,199.83412500005215
quora,bm25,BM25,466843,5,199.1408329922706
quora,bm25,BM25,466843,6,213.80616701208055
quora,bm25,BM25,466843,7,199.83420800417662
quora,bm25,BM25,466843,8,199.82062501367182
quora,bm25,BM25,466843,9,201.34279201738536
quora,bm25,BM25,314270,0,270.928957965225
quora,bm25,BM25,314270,1,271.8925420194864
quora,bm25,BM25,314270,2,270.7251659594476
quora,bm25,BM25,314270,3,270.2843330334872
quora,bm25,BM25,314270,4,270.72100003715605
quora,bm25,BM25,314270,5,271.13137498963624
quora,bm25,BM25,314270,6,275.3744999645278
quora,bm25,BM25,314270,7,271.3826659601182
quora,bm25,BM25,314270,8,270.0631250627339
quora,bm25,BM25,314270,9,270.9472910501063
quora,bm25_hamming,BM25 + Hamming,406292,0,576.8713329453021
quora,bm25_hamming,BM25 + Hamming,406292,1,420.4505840316415
quora,bm25_hamming,BM25 + Hamming,406292,2,425.50241702701896
quora,bm25_hamming,BM25 + Hamming,406292,3,430.844874936156
quora,bm25_hamming,BM25 + Hamming,406292,4,437.72666703443974
quora,bm25_hamming,BM25 + Hamming,406292,5,425.3714579390362
quora,bm25_hamming,BM25 + Hamming,406292,6,424.9472499359399
quora,bm25_hamming,BM25 + Hamming,406292,7,424.39062509220093
quora,bm25_hamming,BM25 + Hamming,406292,8,430.87841605301946
quora,bm25_hamming,BM25 + Hamming,406292,9,427.1835829131305
quora,bm25_hamming,BM25 + Hamming,241097,0,352.14754194021225
quora,bm25_hamming,BM25 + Hamming,241097,1,353.9413750404492
quora,bm25_hamming,BM25 + Hamming,241097,2,354.5048750238493
quora,bm25_hamming,BM25 + Hamming,241097,3,360.6340830447152
quora,bm25_hamming,BM25 + Hamming,241097,4,355.2930409787223
quora,bm25_hamming,BM25 + Hamming,241097,5,353.298916015774
quora,bm25_hamming,BM25 + Hamming,241097,6,354.2143750237301
quora,bm25_hamming,BM25 + Hamming,241097,7,354.20262499246746
quora,bm25_hamming,BM25 + Hamming,241097,8,354.6940829837695
quora,bm25_hamming,BM25 + Hamming,241097,9,358.5684170247987
quora,bm25_hamming,BM25 + Hamming,53260,0,359.58612500689924
quora,bm25_hamming,BM25 + Hamming,53260,1,372.80995899345726
quora,bm25_hamming,BM25 + Hamming,53260,2,362.9907090216875
quora,bm25_hamming,BM25 + Hamming,53260,3,368.2137920986861
quora,bm25_hamming,BM25 + Hamming,53260,4,362.04979103058577
quora,bm25_hamming,BM25 + Hamming,53260,5,361.9029161054641
quora,bm25_hamming,BM25 + Hamming,53260,6,363.06312505621463
quora,bm25_hamming,BM25 + Hamming,53260,7,363.38112503290176
quora,bm25_hamming,BM25 + Hamming,53260,8,362.88391693960875
quora,bm25_hamming,BM25 + Hamming,53260,9,367.9480410646647
quora,bm25_hamming,BM25 + Hamming,78856,0,249.44508296903223
quora,bm25_hamming,BM25 + Hamming,78856,1,250.28916692826897
quora,bm25_hamming,BM25 + Hamming,78856,2,249.93812502361834
quora,bm25_hamming,BM25 + Hamming,78856,3,248.96583298686892
quora,bm25_hamming,BM25 + Hamming,78856,4,248.50987491663545
quora,bm25_hamming,BM25 + Hamming,78856,5,252.5686250301078
quora,bm25_hamming,BM25 + Hamming,78856,6,251.81570800486952
quora,bm25_hamming,BM25 + Hamming,78856,7,250.19945797976106
quora,bm25_hamming,BM25 + Hamming,78856,8,249.76187502034009
quora,bm25_hamming,BM25 + Hamming,78856,9,249.65016602072865
quora,bm25_hamming,BM25 + Hamming,10373,0,488.63879195414484
quora,bm25_hamming,BM25 + Hamming,10373,1,492.25254205521196
quora,bm25_hamming,BM25 + Hamming,10373,2,488.00324997864664
quora,bm25_hamming,BM25 + Hamming,10373,3,488.3323749527335
quora,bm25_hamming,BM25 + Hamming,10373,4,489.9371250066906
quora,bm25_hamming,BM25 + Hamming,10373,5,492.5458339275792
quora,bm25_hamming,BM25 + Hamming,10373,6,486.9499580236152
quora,bm25_hamming,BM25 + Hamming,10373,7,499.16333402507007
quora,bm25_hamming,BM25 + Hamming,10373,8,489.57704205531627
quora,bm25_hamming,BM25 + Hamming,10373,9,492.8490840829909
quora,bm25_hamming,BM25 + Hamming,501435,0,217.9479169426486
quora,bm25_hamming,BM25 + Hamming,501435,1,219.0558749716729
quora,bm25_hamming,BM25 + Hamming,501435,2,219.06874992419034
quora,bm25_hamming,BM25 + Hamming,501435,3,220.27024999260902
quora,bm25_hamming,BM25 + Hamming,501435,4,220.90462502092123
quora,bm25_hamming,BM25 + Hamming,501435,5,220.29337496496737
quora,bm25_hamming,BM25 + Hamming,501435,6,223.52045797742903
quora,bm25_hamming,BM25 + Hamming,501435,7,220.98704101517797
quora,bm25_hamming,BM25 + Hamming,501435,8,220.82916705403477
quora,bm25_hamming,BM25 + Hamming,501435,9,218.81795802619308
quora,bm25_hamming,BM25 + Hamming,530570,0,222.657416947186
quora,bm25_hamming,BM25 + Hamming,530570,1,225.37854209076613
quora,bm25_hamming,BM25 + Hamming,530570,2,224.7662500012666
quora,bm25_hamming,BM25 + Hamming,530570,3,224.4989579776302
quora,bm25_hamming,BM25 + Hamming,530570,4,227.57054097019136
quora,bm25_hamming,BM25 + Hamming,530570,5,226.40199994202703
quora,bm25_hamming,BM25 + Hamming,530570,6,224.00641697458923
quora,bm25_hamming,BM25 + Hamming,530570,7,223.7724169390276
quora,bm25_hamming,BM25 + Hamming,530570,8,225.46012501697987
quora,bm25_hamming,BM25 + Hamming,530570,9,225.18841607961804
quora,bm25_hamming,BM25 + Hamming,179548,0,222.63112501241267
quora,bm25_hamming,BM25 + Hamming,179548,1,223.71116594877094
quora,bm25_hamming,BM25 + Hamming,179548,2,226.46333393640816
quora,bm25_hamming,BM25 + Hamming,179548,3,225.01708404161036
quora,bm25_hamming,BM25 + Hamming,179548,4,223.191041033715
quora,bm25_hamming,BM25 + Hamming,179548,5,224.97133305296302
quora,bm25_hamming,BM25 + Hamming,179548,6,223.34875003434718
quora,bm25_hamming,BM25 + Hamming,179548,7,222.52925008069724
quora,bm25_hamming,BM25 + Hamming,179548,8,222.29708300437778
quora,bm25_hamming,BM25 + Hamming,179548,9,221.90862498246133
quora,bm25_hamming,BM25 + Hamming,466843,0,297.34649998135865
quora,bm25_hamming,BM25 + Hamming,466843,1,292.807542020455
quora,bm25_hamming,BM25 + Hamming,466843,2,293.33866701927036
quora,bm25_hamming,BM25 + Hamming,466843,3,298.7007499905303
quora,bm25_hamming,BM25 + Hamming,466843,4,297.0261250156909
quora,bm25_hamming,BM25 + Hamming,466843,5,311.8087910115719
quora,bm25_hamming,BM25 + Hamming,466843,6,293.22408395819366
quora,bm25_hamming,BM25 + Hamming,466843,7,298.6253750277683
quora,bm25_hamming,BM25 + Hamming,466843,8,294.5056250318885
quora,bm25_hamming,BM25 + Hamming,466843,9,295.601874939166
quora,bm25_hamming,BM25 + Hamming,314270,0,378.30520793795586
quora,bm25_hamming,BM25 + Hamming,314270,1,375.7656250381842
quora,bm25_hamming,BM25 + Hamming,314270,2,381.11991598270833
quora,bm25_hamming,BM25 + Hamming,314270,3,375.99720899015665
quora,bm25_hamming,BM25 + Hamming,314270,4,376.80637498851866
quora,bm25_hamming,BM25 + Hamming,314270,5,375.3513330593705
quora,bm25_hamming,BM25 + Hamming,314270,6,378.7420419976115
quora,bm25_hamming,BM25 + Hamming,314270,7,381.32087502162904
quora,bm25_hamming,BM25 + Hamming,314270,8,376.01991603150964
quora,bm25_hamming,BM25 + Hamming,314270,9,375.8887080475688
quora,bm25_cosine_int8,BM25 + Cosine (int8),406292,0,1085.2696250658482
quora,bm25_cosine_int8,BM25 + Cosine (int8),406292,1,767.9719589650631
quora,bm25_cosine_int8,BM25 + Cosine (int8),406292,2,820.5333750229329
quora,bm25_cosine_int8,BM25 + Cosine (int8),406292,3,751.9455830333754
quora,bm25_cosine_int8,BM25 + Cosine (int8),406292,4,753.5783749772236
quora,bm25_cosine_int8,BM25 + Cosine (int8),406292,5,756.731666973792
quora,bm25_cosine_int8,BM25 + Cosine (int8),406292,6,752.9332910198718
quora,bm25_cosine_int8,BM25 + Cosine (int8),406292,7,754.129333072342
quora,bm25_cosine_int8,BM25 + Cosine (int8),406292,8,764.7994169965386
quora,bm25_cosine_int8,BM25 + Cosine (int8),406292,9,760.6938340468332
quora,bm25_cosine_int8,BM25 + Cosine (int8),241097,0,686.2904590088874
quora,bm25_cosine_int8,BM25 + Cosine (int8),241097,1,683.2145829685032
quora,bm25_cosine_int8,BM25 + Cosine (int8),241097,2,698.244750034064
quora,bm25_cosine_int8,BM25 + Cosine (int8),241097,3,709.9510000552982
quora,bm25_cosine_int8,BM25 + Cosine (int8),241097,4,682.488875114359
quora,bm25_cosine_int8,BM25 + Cosine (int8),241097,5,699.6629170607775
quora,bm25_cosine_int8,BM25 + Cosine (int8),241097,6,683.9310840005055
quora,bm25_cosine_int8,BM25 + Cosine (int8),241097,7,685.7249580789357
quora,bm25_cosine_int8,BM25 + Cosine (int8),241097,8,700.1005839556456
quora,bm25_cosine_int8,BM25 + Cosine (int8),241097,9,686.7017500335351
quora,bm25_cosine_int8,BM25 + Cosine (int8),53260,0,725.4665419459343
quora,bm25_cosine_int8,BM25 + Cosine (int8),53260,1,694.451249903068
quora,bm25_cosine_int8,BM25 + Cosine (int8),53260,2,694.3113340530545
quora,bm25_cosine_int8,BM25 + Cosine (int8),53260,3,706.0824999352917
quora,bm25_cosine_int8,BM25 + Cosine (int8),53260,4,692.5568750593811
quora,bm25_cosine_int8,BM25 + Cosine (int8),53260,5,696.1823329329491
quora,bm25_cosine_int8,BM25 + Cosine (int8),53260,6,746.3291250169277
quora,bm25_cosine_int8,BM25 + Cosine (int8),53260,7,715.9575830446556
quora,bm25_cosine_int8,BM25 + Cosine (int8),53260,8,718.0029170121998
quora,bm25_cosine_int8,BM25 + Cosine (int8),53260,9,715.8030829159543
quora,bm25_cosine_int8,BM25 + Cosine (int8),78856,0,595.1912499731407
quora,bm25_cosine_int8,BM25 + Cosine (int8),78856,1,598.5888750292361
quora,bm25_cosine_int8,BM25 + Cosine (int8),78856,2,582.357959006913
quora,bm25_cosine_int8,BM25 + Cosine (int8),78856,3,584.6049160463735
quora,bm25_cosine_int8,BM25 + Cosine (int8),78856,4,582.689999951981
quora,bm25_cosine_int8,BM25 + Cosine (int8),78856,5,590.7150829443708
quora,bm25_cosine_int8,BM25 + Cosine (int8),78856,6,582.8855419531465
quora,bm25_cosine_int8,BM25 + Cosine (int8),78856,7,583.4585409611464
quora,bm25_cosine_int8,BM25 + Cosine (int8),78856,8,600.6760000018403
quora,bm25_cosine_int8,BM25 + Cosine (int8),78856,9,580.7974999770522
quora,bm25_cosine_int8,BM25 + Cosine (int8),10373,0,841.4105419069529
quora,bm25_cosine_int8,BM25 + Cosine (int8),10373,1,836.0590829979628
quora,bm25_cosine_int8,BM25 + Cosine (int8),10373,2,836.7912910180166
quora,bm25_cosine_int8,BM25 + Cosine (int8),10373,3,828.106417087838
quora,bm25_cosine_int8,BM25 + Cosine (int8),10373,4,824.0988330217078
quora,bm25_cosine_int8,BM25 + Cosine (int8),10373,5,830.8160830056295
quora,bm25_cosine_int8,BM25 + Cosine (int8),10373,6,826.1890419526026
quora,bm25_cosine_int8,BM25 + Cosine (int8),10373,7,839.4609580282122
quora,bm25_cosine_int8,BM25 + Cosine (int8),10373,8,832.3155830148607
quora,bm25_cosine_int8,BM25 + Cosine (int8),10373,9,844.6847079321742
quora,bm25_cosine_int8,BM25 + Cosine (int8),501435,0,552.7397500118241
quora,bm25_cosine_int8,BM25 + Cosine (int8),501435,1,552.1244170377031
quora,bm25_cosine_int8,BM25 + Cosine (int8),501435,2,567.662125104107
quora,bm25_cosine_int8,BM25 + Cosine (int8),501435,3,587.6374579966068
quora,bm25_cosine_int8,BM25 + Cosine (int8),501435,4,612.2038749745116
quora,bm25_cosine_int8,BM25 + Cosine (int8),501435,5,572.1657919930294
quora,bm25_cosine_int8,BM25 + Cosine (int8),501435,6,577.1082499995828
quora,bm25_cosine_int8,BM25 + Cosine (int8),501435,7,558.3335000555962
quora,bm25_cosine_int8,BM25 + Cosine (int8),501435,8,555.2956670289859
quora,bm25_cosine_int8,BM25 + Cosine (int8),501435,9,555.5500829359517
quora,bm25_cosine_int8,BM25 + Cosine (int8),530570,0,561.3490419927984
quora,bm25_cosine_int8,BM25 + Cosine (int8),530570,1,560.7846250059083
quora,bm25_cosine_int8,BM25 + Cosine (int8),530570,2,583.5111660417169
quora,bm25_cosine_int8,BM25 + Cosine (int8),530570,3,566.1623340565711
quora,bm25_cosine_int8,BM25 + Cosine (int8),530570,4,560.8218749985099
quora,bm25_cosine_int8,BM25 + Cosine (int8),530570,5,563.0149999633431
quora,bm25_cosine_int8,BM25 + Cosine (int8),530570,6,576.2932919897139
quora,bm25_cosine_int8,BM25 + Cosine (int8),530570,7,565.2975830016658
quora,bm25_cosine_int8,BM25 + Cosine (int8),530570,8,565.8077909611166
quora,bm25_cosine_int8,BM25 + Cosine (int8),530570,9,577.4218749720603
quora,bm25_cosine_int8,BM25 + Cosine (int8),179548,0,565.3038750169799
quora,bm25_cosine_int8,BM25 + Cosine (int8),179548,1,568.29879200086
quora,bm25_cosine_int8,BM25 + Cosine (int8),179548,2,581.5022500464693
quora,bm25_cosine_int8,BM25 + Cosine (int8),179548,3,560.7987920520827
quora,bm25_cosine_int8,BM25 + Cosine (int8),179548,4,566.0477089695632
quora,bm25_cosine_int8,BM25 + Cosine (int8),179548,5,567.6145839970559
quora,bm25_cosine_int8,BM25 + Cosine (int8),179548,6,570.5685000866652
quora,bm25_cosine_int8,BM25 + Cosine (int8),179548,7,563.9371670549735
quora,bm25_cosine_int8,BM25 + Cosine (int8),179548,8,562.6434999285266
quora,bm25_cosine_int8,BM25 + Cosine (int8),179548,9,571.890625054948
quora,bm25_cosine_int8,BM25 + Cosine (int8),466843,0,632.1596250636503
quora,bm25_cosine_int8,BM25 + Cosine (int8),466843,1,645.797458011657
quora,bm25_cosine_int8,BM25 + Cosine (int8),466843,2,640.197042026557
quora,bm25_cosine_int8,BM25 + Cosine (int8),466843,3,636.4778330316767
quora,bm25_cosine_int8,BM25 + Cosine (int8),466843,4,656.8179579917341
quora,bm25_cosine_int8,BM25 + Cosine (int8),466843,5,649.0524999098852
quora,bm25_cosine_int8,BM25 + Cosine (int8),466843,6,638.4757909690961
quora,bm25_cosine_int8,BM25 + Cosine (int8),466843,7,637.9742079880089
quora,bm25_cosine_int8,BM25 + Cosine (int8),466843,8,641.1597500555217
quora,bm25_cosine_int8,BM25 + Cosine (int8),466843,9,716.7739169672132
quora,bm25_cosine_int8,BM25 + Cosine (int8),314270,0,731.8255839636549
quora,bm25_cosine_int8,BM25 + Cosine (int8),314270,1,725.3263329621404
quora,bm25_cosine_int8,BM25 + Cosine (int8),314270,2,730.2073750179261
quora,bm25_cosine_int8,BM25 + Cosine (int8),314270,3,727.7251249179244
quora,bm25_cosine_int8,BM25 + Cosine (int8),314270,4,729.5738330576569
quora,bm25_cosine_int8,BM25 + Cosine (int8),314270,5,756.1051669763401
quora,bm25_cosine_int8,BM25 + Cosine (int8),314270,6,727.136499946937
quora,bm25_cosine_int8,BM25 + Cosine (int8),314270,7,725.1880000112578
quora,bm25_cosine_int8,BM25 + Cosine (int8),314270,8,756.471166969277
quora,bm25_cosine_int8,BM25 + Cosine (int8),314270,9,722.921457956545
quora,bm25_cosine_float,BM25 + Cosine (float),406292,0,5303.835708997212
quora,bm25_cosine_float,BM25 + Cosine (float),406292,1,5188.827083911747
quora,bm25_cosine_float,BM25 + Cosine (float),406292,2,5197.36891600769
quora,bm25_cosine_float,BM25 + Cosine (float),406292,3,5272.967166965827
quora,bm25_cosine_float,BM25 + Cosine (float),406292,4,5282.9892920563
quora,bm25_cosine_float,BM25 + Cosine (float),406292,5,5235.673459013924
quora,bm25_cosine_float,BM25 + Cosine (float),406292,6,5311.622250010259
quora,bm25_cosine_float,BM25 + Cosine (float),406292,7,5239.7832500282675
quora,bm25_cosine_float,BM25 + Cosine (float),406292,8,5299.898833036423
quora,bm25_cosine_float,BM25 + Cosine (float),406292,9,5311.926458030939
quora,bm25_cosine_float,BM25 + Cosine (float),241097,0,5208.058999967761
quora,bm25_cosine_float,BM25 + Cosine (float),241097,1,5229.00445794221
quora,bm25_cosine_float,BM25 + Cosine (float),241097,2,5210.2748330216855
quora,bm25_cosine_float,BM25 + Cosine (float),241097,3,5174.808374955319
quora,bm25_cosine_float,BM25 + Cosine (float),241097,4,5237.257333938032
quora,bm25_cosine_float,BM25 + Cosine (float),241097,5,5283.791749970987
quora,bm25_cosine_float,BM25 + Cosine (float),241097,6,5292.135833995417
quora,bm25_cosine_float,BM25 + Cosine (float),241097,7,5253.874959074892
quora,bm25_cosine_float,BM25 + Cosine (float),241097,8,5280.37245804444
quora,bm25_cosine_float,BM25 + Cosine (float),241097,9,5364.393166033551
quora,bm25_cosine_float,BM25 + Cosine (float),53260,0,5406.444791005924
quora,bm25_cosine_float,BM25 + Cosine (float),53260,1,5251.315374975093
quora,bm25_cosine_float,BM25 + Cosine (float),53260,2,5220.1207500183955
quora,bm25_cosine_float,BM25 + Cosine (float),53260,3,5239.358708029613
quora,bm25_cosine_float,BM25 + Cosine (float),53260,4,5262.4279169831425
quora,bm25_cosine_float,BM25 + Cosine (float),53260,5,5272.031374974176
quora,bm25_cosine_float,BM25 + Cosine (float),53260,6,5298.908958095126
quora,bm25_cosine_float,BM25 + Cosine (float),53260,7,5378.823625040241
quora,bm25_cosine_float,BM25 + Cosine (float),53260,8,5339.9794169235975
quora,bm25_cosine_float,BM25 + Cosine (float),53260,9,5327.554292045534
quora,bm25_cosine_float,BM25 + Cosine (float),78856,0,5177.7838750276715
quora,bm25_cosine_float,BM25 + Cosine (float),78856,1,5152.759416028857
quora,bm25_cosine_float,BM25 + Cosine (float),78856,2,5249.79854200501
quora,bm25_cosine_float,BM25 + Cosine (float),78856,3,5150.911249918863
quora,bm25_cosine_float,BM25 + Cosine (float),78856,4,5113.4747919859365
quora,bm25_cosine_float,BM25 + Cosine (float),78856,5,5103.476417018101
quora,bm25_cosine_float,BM25 + Cosine (float),78856,6,5123.885249951854
quora,bm25_cosine_float,BM25 + Cosine (float),78856,7,5108.490166021511
quora,bm25_cosine_float,BM25 + Cosine (float),78856,8,5149.001125013456
quora,bm25_cosine_float,BM25 + Cosine (float),78856,9,5226.249916944653
quora,bm25_cosine_float,BM25 + Cosine (float),10373,0,5488.372042076662
quora,bm25_cosine_float,BM25 + Cosine (float),10373,1,5471.909542102367
quora,bm25_cosine_float,BM25 + Cosine (float),10373,2,5658.619832945988
quora,bm25_cosine_float,BM25 + Cosine (float),10373,3,5520.817875047214
quora,bm25_cosine_float,BM25 + Cosine (float),10373,4,5410.710499971174
quora,bm25_cosine_float,BM25 + Cosine (float),10373,5,5395.666708936915
quora,bm25_cosine_float,BM25 + Cosine (float),10373,6,5388.321332982741
quora,bm25_cosine_float,BM25 + Cosine (float),10373,7,5423.227082937956
quora,bm25_cosine_float,BM25 + Cosine (float),10373,8,5424.35587500222
quora,bm25_cosine_float,BM25 + Cosine (float),10373,9,5371.221959008835
quora,bm25_cosine_float,BM25 + Cosine (float),501435,0,5152.666666079313
quora,bm25_cosine_float,BM25 + Cosine (float),501435,1,5148.806042037904
quora,bm25_cosine_float,BM25 + Cosine (float),501435,2,5136.903999955393
quora,bm25_cosine_float,BM25 + Cosine (float),501435,3,5136.170540936291
quora,bm25_cosine_float,BM25 + Cosine (float),501435,4,5288.631541072391
quora,bm25_cosine_float,BM25 + Cosine (float),501435,5,5456.234290963039
quora,bm25_cosine_float,BM25 + Cosine (float),501435,6,5913.03287493065
quora,bm25_cosine_float,BM25 + Cosine (float),501435,7,5286.503875046037
quora,bm25_cosine_float,BM25 + Cosine (float),501435,8,5137.058874941431
quora,bm25_cosine_float,BM25 + Cosine (float),501435,9,5131.861874950118
quora,bm25_cosine_float,BM25 + Cosine (float),530570,0,5356.837583007291
quora,bm25_cosine_float,BM25 + Cosine (float),530570,1,5363.676166976802
quora,bm25_cosine_float,BM25 + Cosine (float),530570,2,5313.544084085152
quora,bm25_cosine_float,BM25 + Cosine (float),530570,3,5283.937334083021
quora,bm25_cosine_float,BM25 + Cosine (float),530570,4,5279.331333003938
quora,bm25_cosine_float,BM25 + Cosine (float),530570,5,5510.54283301346
quora,bm25_cosine_float,BM25 + Cosine (float),530570,6,5182.156458031386
quora,bm25_cosine_float,BM25 + Cosine (float),530570,7,5140.5246671056375
quora,bm25_cosine_float,BM25 + Cosine (float),530570,8,5075.1887920778245
quora,bm25_cosine_float,BM25 + Cosine (float),530570,9,5072.495250031352
quora,bm25_cosine_float,BM25 + Cosine (float),179548,0,5128.250040928833
quora,bm25_cosine_float,BM25 + Cosine (float),179548,1,5428.3605420496315
quora,bm25_cosine_float,BM25 + Cosine (float),179548,2,5801.671167020686
quora,bm25_cosine_float,BM25 + Cosine (float),179548,3,5230.113915982656
quora,bm25_cosine_float,BM25 + Cosine (float),179548,4,5062.847791006789
quora,bm25_cosine_float,BM25 + Cosine (float),179548,5,5052.230958011933
quora,bm25_cosine_float,BM25 + Cosine (float),179548,6,5099.619458080269
quora,bm25_cosine_float,BM25 + Cosine (float),179548,7,5193.87995894067
quora,bm25_cosine_float,BM25 + Cosine (float),179548,8,5198.88754200656
quora,bm25_cosine_float,BM25 + Cosine (float),179548,9,5097.407165914774
quora,bm25_cosine_float,BM25 + Cosine (float),466843,0,5670.132042025216
quora,bm25_cosine_float,BM25 + Cosine (float),466843,1,5427.013459033333
quora,bm25_cosine_float,BM25 + Cosine (float),466843,2,5315.057375002652
quora,bm25_cosine_float,BM25 + Cosine (float),466843,3,5276.375166024081
quora,bm25_cosine_float,BM25 + Cosine (float),466843,4,5293.839709018357
quora,bm25_cosine_float,BM25 + Cosine (float),466843,5,5325.133832986467
quora,bm25_cosine_float,BM25 + Cosine (float),466843,6,5162.742375046946
quora,bm25_cosine_float,BM25 + Cosine (float),466843,7,5187.421875074506
quora,bm25_cosine_float,BM25 + Cosine (float),466843,8,5462.22874999512
quora,bm25_cosine_float,BM25 + Cosine (float),466843,9,5770.607833983377
quora,bm25_cosine_float,BM25 + Cosine (float),314270,0,5257.815874996595
quora,bm25_cosine_float,BM25 + Cosine (float),314270,1,5262.620875029825
quora,bm25_cosine_float,BM25 + Cosine (float),314270,2,5267.962999991141
quora,bm25_cosine_float,BM25 + Cosine (float),314270,3,5278.327459003776
quora,bm25_cosine_float,BM25 + Cosine (float),314270,4,5385.717708035372
quora,bm25_cosine_float,BM25 + Cosine (float),314270,5,5425.118834013119
quora,bm25_cosine_float,BM25 + Cosine (float),314270,6,5514.561207965016
quora,bm25_cosine_float,BM25 + Cosine (float),314270,7,5537.184332963079
quora,bm25_cosine_float,BM25 + Cosine (float),314270,8,5322.052417090163
quora,bm25_cosine_float,BM25 + Cosine (float),314270,9,5266.487999935634
quora,hamming,Hamming,406292,0,76.8192089162767
quora,hamming,Hamming,406292,1,75.8840829366818
quora,hamming,Hamming,406292,2,81.97520801331848
quora,hamming,Hamming,406292,3,83.3052919479087
quora,hamming,Hamming,406292,4,84.91829095873982
quora,hamming,Hamming,406292,5,83.01229204516858
quora,hamming,Hamming,406292,6,83.93974998034537
quora,hamming,Hamming,406292,7,86.7009999928996
quora,hamming,Hamming,406292,8,78.63591692876071
quora,hamming,Hamming,406292,9,82.45908305980265
quora,hamming,Hamming,241097,0,77.33112503774464
quora,hamming,Hamming,241097,1,77.93558295816183
quora,hamming,Hamming,241097,2,77.48262491077185
quora,hamming,Hamming,241097,3,77.91974989231676
quora,hamming,Hamming,241097,4,77.57737499196082
quora,hamming,Hamming,241097,5,79.85837489832193
quora,hamming,Hamming,241097,6,77.52883294597268
quora,hamming,Hamming,241097,7,76.36983401607722
quora,hamming,Hamming,241097,8,76.16987498477101
quora,hamming,Hamming,241097,9,95.59295803774148
quora,hamming,Hamming,53260,0,83.45820801332593
quora,hamming,Hamming,53260,1,86.67012501973659
quora,hamming,Hamming,53260,2,82.8022079076618
quora,hamming,Hamming,53260,3,80.79974993597716
quora,hamming,Hamming,53260,4,80.66337497439235
quora,hamming,Hamming,53260,5,81.38479106128216
quora,hamming,Hamming,53260,6,80.08641691412777
quora,hamming,Hamming,53260,7,85.74745897203684
quora,hamming,Hamming,53260,8,84.63154209312052
quora,hamming,Hamming,53260,9,92.48049999587238
quora,hamming,Hamming,78856,0,78.68987508118153
quora,hamming,Hamming,78856,1,78.67954194080085
quora,hamming,Hamming,78856,2,83.09950004331768
quora,hamming,Hamming,78856,3,87.13204192463309
quora,hamming,Hamming,78856,4,90.79966705758125
quora,hamming,Hamming,78856,5,101.72033298294991
quora,hamming,Hamming,78856,6,89.5345410099253
quora,hamming,Hamming,78856,7,89.43720802199095
quora,hamming,Hamming,78856,8,107.86695894785225
quora,hamming,Hamming,78856,9,79.98279097955674
quora,hamming,Hamming,10373,0,75.63400000799447
quora,hamming,Hamming,10373,1,75.50575002096593
quora,hamming,Hamming,10373,2,76.7384999198839
quora,hamming,Hamming,10373,3,76.6560829943046
quora,hamming,Hamming,10373,4,75.8370419498533
quora,hamming,Hamming,10373,5,75.56554197799414
quora,hamming,Hamming,10373,6,75.82608400844038
quora,hamming,Hamming,10373,7,75.92733297497034
quora,hamming,Hamming,10373,8,75.96258295234293
quora,hamming,Hamming,10373,9,75.27170795947313
quora,hamming,Hamming,501435,0,75.6677919998765
quora,hamming,Hamming,501435,1,76.59733295440674
quora,hamming,Hamming,501435,2,90.78562504146248
quora,hamming,Hamming,501435,3,74.58133297041059
quora,hamming,Hamming,501435,4,76.64099999237806
quora,hamming,Hamming,501435,5,77.19708303920925
quora,hamming,Hamming,501435,6,75.14629198703915
quora,hamming,Hamming,501435,7,75.89470793027431
quora,hamming,Hamming,501435,8,76.77366700954735
quora,hamming,Hamming,501435,9,76.55191596131772
quora,hamming,Hamming,530570,0,83.8404999813065
quora,hamming,Hamming,530570,1,78.68091703858227
quora,hamming,Hamming,530570,2,91.66379098314792
quora,hamming,Hamming,530570,3,77.33975001610816
quora,hamming,Hamming,530570,4,87.58812502492219
quora,hamming,Hamming,530570,5,97.77679201215506
quora,hamming,Hamming,530570,6,82.32279098592699
quora,hamming,Hamming,530570,7,78.24987499043345
quora,hamming,Hamming,530570,8,90.89187509380281
quora,hamming,Hamming,530570,9,77.40149996243417
quora,hamming,Hamming,179548,0,77.25583401042968
quora,hamming,Hamming,179548,1,77.99154205713421
quora,hamming,Hamming,179548,2,78.34624999668449
quora,hamming,Hamming,179548,3,77.06495805177838
quora,hamming,Hamming,179548,4,76.93541597109288
quora,hamming,Hamming,179548,5,81.31341694388539
quora,hamming,Hamming,179548,6,76.61991589702666
quora,hamming,Hamming,179548,7,77.20450009219348
quora,hamming,Hamming,179548,8,77.65504193957895
quora,hamming,Hamming,179548,9,77.40508299320936
quora,hamming,Hamming,466843,0,77.10716698784381
quora,hamming,Hamming,466843,1,76.9855830585584
quora,hamming,Hamming,466843,2,77.25637499243021
quora,hamming,Hamming,466843,3,81.56908303499222
quora,hamming,Hamming,466843,4,78.02629191428423
quora,hamming,Hamming,466843,5,78.84562504477799
quora,hamming,Hamming,466843,6,78.21658300235868
quora,hamming,Hamming,466843,7,82.78662501834333
quora,hamming,Hamming,466843,8,79.50995897408575
quora,hamming,Hamming,466843,9,92.29933295864612
quora,hamming,Hamming,314270,0,113.65770804695785
quora,hamming,Hamming,314270,1,85.85737505927682
quora,hamming,Hamming,314270,2,80.50224999897182
quora,hamming,Hamming,314270,3,82.3845830745995
quora,hamming,Hamming,314270,4,93.70450000278652
quora,hamming,Hamming,314270,5,78.69883393868804
quora,hamming,Hamming,314270,6,79.40249994862825
quora,hamming,Hamming,314270,7,80.22829098626971
quora,hamming,Hamming,314270,8,82.58437504991889
quora,hamming,Hamming,314270,9,78.31795804668218
quora,hamming_cosine_int8,Hamming + Cosine (int8),406292,0,714.081707992591
quora,hamming_cosine_int8,Hamming + Cosine (int8),406292,1,551.3669169740751
quora,hamming_cosine_int8,Hamming + Cosine (int8),406292,2,569.3719999399036
quora,hamming_cosine_int8,Hamming + Cosine (int8),406292,3,607.2227079421282
quora,hamming_cosine_int8,Hamming + Cosine (int8),406292,4,619.0407919930294
quora,hamming_cosine_int8,Hamming + Cosine (int8),406292,5,774.5009999489412
quora,hamming_cosine_int8,Hamming + Cosine (int8),406292,6,697.015417041257
quora,hamming_cosine_int8,Hamming + Cosine (int8),406292,7,563.5902909561992
quora,hamming_cosine_int8,Hamming + Cosine (int8),406292,8,585.4597500292584
quora,hamming_cosine_int8,Hamming + Cosine (int8),406292,9,624.3882089620456
quora,hamming_cosine_int8,Hamming + Cosine (int8),241097,0,788.2148330099881
quora,hamming_cosine_int8,Hamming + Cosine (int8),241097,1,607.3254588991404
quora,hamming_cosine_int8,Hamming + Cosine (int8),241097,2,532.9388329992071
quora,hamming_cosine_int8,Hamming + Cosine (int8),241097,3,591.1385420477018
quora,hamming_cosine_int8,Hamming + Cosine (int8),241097,4,539.7646250203252
quora,hamming_cosine_int8,Hamming + Cosine (int8),241097,5,583.7797919521108
quora,hamming_cosine_int8,Hamming + Cosine (int8),241097,6,592.1464170096442
quora,hamming_cosine_int8,Hamming + Cosine (int8),241097,7,526.1654159985483
quora,hamming_cosine_int8,Hamming + Cosine (int8),241097,8,525.9160419227555
quora,hamming_cosine_int8,Hamming + Cosine (int8),241097,9,535.508916946128
quora,hamming_cosine_int8,Hamming + Cosine (int8),53260,0,544.6355829481035
quora,hamming_cosine_int8,Hamming + Cosine (int8),53260,1,606.0091670369729
quora,hamming_cosine_int8,Hamming + Cosine (int8),53260,2,514.9671250255778
quora,hamming_cosine_int8,Hamming + Cosine (int8),53260,3,513.0836250027642
quora,hamming_cosine_int8,Hamming + Cosine (int8),53260,4,521.7511670198292
quora,hamming_cosine_int8,Hamming + Cosine (int8),53260,5,552.7511250693351
quora,hamming_cosine_int8,Hamming + Cosine (int8),53260,6,602.9350829776376
quora,hamming_cosine_int8,Hamming + Cosine (int8),53260,7,570.9204580634832
quora,hamming_cosine_int8,Hamming + Cosine (int8),53260,8,552.6622919132933
quora,hamming_cosine_int8,Hamming + Cosine (int8),53260,9,527.2551249945536
quora,hamming_cosine_int8,Hamming + Cosine (int8),78856,0,595.1679580612108
quora,hamming_cosine_int8,Hamming + Cosine (int8),78856,1,517.5814579706639
quora,hamming_cosine_int8,Hamming + Cosine (int8),78856,2,519.6675420738757
quora,hamming_cosine_int8,Hamming + Cosine (int8),78856,3,530.2239590091631
quora,hamming_cosine_int8,Hamming + Cosine (int8),78856,4,555.3107500309125
quora,hamming_cosine_int8,Hamming + Cosine (int8),78856,5,619.452332961373
quora,hamming_cosine_int8,Hamming + Cosine (int8),78856,6,563.6601670412347
quora,hamming_cosine_int8,Hamming + Cosine (int8),78856,7,559.1635829769075
quora,hamming_cosine_int8,Hamming + Cosine (int8),78856,8,564.8544159485027
quora,hamming_cosine_int8,Hamming + Cosine (int8),78856,9,619.7724160738289
quora,hamming_cosine_int8,Hamming + Cosine (int8),10373,0,528.8568750256673
quora,hamming_cosine_int8,Hamming + Cosine (int8),10373,1,536.6966250585392
quora,hamming_cosine_int8,Hamming + Cosine (int8),10373,2,527.5877499952912
quora,hamming_cosine_int8,Hamming + Cosine (int8),10373,3,540.5956249451265
quora,hamming_cosine_int8,Hamming + Cosine (int8),10373,4,600.9700830327347
quora,hamming_cosine_int8,Hamming + Cosine (int8),10373,5,523.3759579714388
quora,hamming_cosine_int8,Hamming + Cosine (int8),10373,6,510.38470794446766
quora,hamming_cosine_int8,Hamming + Cosine (int8),10373,7,517.8601670777425
quora,hamming_cosine_int8,Hamming + Cosine (int8),10373,8,575.9029580513015
quora,hamming_cosine_int8,Hamming + Cosine (int8),10373,9,540.8085000235587
quora,hamming_cosine_int8,Hamming + Cosine (int8),501435,0,571.7139590997249
quora,hamming_cosine_int8,Hamming + Cosine (int8),501435,1,502.1161671029404
quora,hamming_cosine_int8,Hamming + Cosine (int8),501435,2,519.9997499585152
quora,hamming_cosine_int8,Hamming + Cosine (int8),501435,3,506.8707090103999
quora,hamming_cosine_int8,Hamming + Cosine (int8),501435,4,529.6848749276251
quora,hamming_cosine_int8,Hamming + Cosine (int8),501435,5,523.754041059874
quora,hamming_cosine_int8,Hamming + Cosine (int8),501435,6,622.1067499136552
quora,hamming_cosine_int8,Hamming + Cosine (int8),501435,7,513.0239580757916
quora,hamming_cosine_int8,Hamming + Cosine (int8),501435,8,514.6513329818845
quora,hamming_cosine_int8,Hamming + Cosine (int8),501435,9,525.8081669453532
quora,hamming_cosine_int8,Hamming + Cosine (int8),530570,0,574.8460409231484
quora,hamming_cosine_int8,Hamming + Cosine (int8),530570,1,499.279374955222
quora,hamming_cosine_int8,Hamming + Cosine (int8),530570,2,555.7492079678923
quora,hamming_cosine_int8,Hamming + Cosine (int8),530570,3,509.82949999161065
quora,hamming_cosine_int8,Hamming + Cosine (int8),530570,4,504.08049998804927
quora,hamming_cosine_int8,Hamming + Cosine (int8),530570,5,533.7700420059264
quora,hamming_cosine_int8,Hamming + Cosine (int8),530570,6,568.4023749781772
quora,hamming_cosine_int8,Hamming + Cosine (int8),530570,7,616.5965840918943
quora,hamming_cosine_int8,Hamming + Cosine (int8),530570,8,531.1443749815226
quora,hamming_cosine_int8,Hamming + Cosine (int8),530570,9,567.1772080240771
quora,hamming_cosine_int8,Hamming + Cosine (int8),179548,0,529.3345829704776
quora,hamming_cosine_int8,Hamming + Cosine (int8),179548,1,583.2377499900758
quora,hamming_cosine_int8,Hamming + Cosine (int8),179548,2,531.2750829616562
quora,hamming_cosine_int8,Hamming + Cosine (int8),179548,3,534.1481670038775
quora,hamming_cosine_int8,Hamming + Cosine (int8),179548,4,542.1089159790426
quora,hamming_cosine_int8,Hamming + Cosine (int8),179548,5,513.1048340117559
quora,hamming_cosine_int8,Hamming + Cosine (int8),179548,6,566.900625010021
quora,hamming_cosine_int8,Hamming + Cosine (int8),179548,7,555.0828750710934
quora,hamming_cosine_int8,Hamming + Cosine (int8),179548,8,527.6229169685394
quora,hamming_cosine_int8,Hamming + Cosine (int8),179548,9,528.4156670095399
quora,hamming_cosine_int8,Hamming + Cosine (int8),466843,0,520.6253340002149
quora,hamming_cosine_int8,Hamming + Cosine (int8),466843,1,549.1600419627503
quora,hamming_cosine_int8,Hamming + Cosine (int8),466843,2,538.0756659433246
quora,hamming_cosine_int8,Hamming + Cosine (int8),466843,3,521.7241250211373
quora,hamming_cosine_int8,Hamming + Cosine (int8),466843,4,516.8897910043597
quora,hamming_cosine_int8,Hamming + Cosine (int8),466843,5,541.2890409352258
quora,hamming_cosine_int8,Hamming + Cosine (int8),466843,6,556.6217090236023
quora,hamming_cosine_int8,Hamming + Cosine (int8),466843,7,566.4037499809638
quora,hamming_cosine_int8,Hamming + Cosine (int8),466843,8,518.3985000476241
quora,hamming_cosine_int8,Hamming + Cosine (int8),466843,9,510.7670419383794
quora,hamming_cosine_int8,Hamming + Cosine (int8),314270,0,513.4790829615667
quora,hamming_cosine_int8,Hamming + Cosine (int8),314270,1,545.3059579012915
quora,hamming_cosine_int8,Hamming + Cosine (int8),314270,2,591.3365420419723
quora,hamming_cosine_int8,Hamming + Cosine (int8),314270,3,514.039249974303
quora,hamming_cosine_int8,Hamming + Cosine (int8),314270,4,581.1467089224607
quora,hamming_cosine_int8,Hamming + Cosine (int8),314270,5,530.7714999653399
quora,hamming_cosine_int8,Hamming + Cosine (int8),314270,6,631.4882499864325
quora,hamming_cosine_int8,Hamming + Cosine (int8),314270,7,664.1912909690291
quora,hamming_cosine_int8,Hamming + Cosine (int8),314270,8,659.9007919430733
quora,hamming_cosine_int8,Hamming + Cosine (int8),314270,9,602.7714170049876
quora,hamming_cosine_float,Hamming + Cosine (float),406292,0,5480.887042009272
quora,hamming_cosine_float,Hamming + Cosine (float),406292,1,5529.622000060044
quora,hamming_cosine_float,Hamming + Cosine (float),406292,2,5504.422916099429
quora,hamming_cosine_float,Hamming + Cosine (float),406292,3,5429.967458941974
quora,hamming_cosine_float,Hamming + Cosine (float),406292,4,5383.4189580520615
quora,hamming_cosine_float,Hamming + Cosine (float),406292,5,5383.040250046179
quora,hamming_cosine_float,Hamming + Cosine (float),406292,6,5562.275124946609
quora,hamming_cosine_float,Hamming + Cosine (float),406292,7,6228.114334051497
quora,hamming_cosine_float,Hamming + Cosine (float),406292,8,6181.124957976863
quora,hamming_cosine_float,Hamming + Cosine (float),406292,9,6192.601207992993
quora,hamming_cosine_float,Hamming + Cosine (float),241097,0,6463.484750012867
quora,hamming_cosine_float,Hamming + Cosine (float),241097,1,6211.613166960888
quora,hamming_cosine_float,Hamming + Cosine (float),241097,2,6638.826500042342
quora,hamming_cosine_float,Hamming + Cosine (float),241097,3,7271.870290976949
quora,hamming_cosine_float,Hamming + Cosine (float),241097,4,7172.784582944587
quora,hamming_cosine_float,Hamming + Cosine (float),241097,5,7372.896832996048
quora,hamming_cosine_float,Hamming + Cosine (float),241097,6,7361.692333011888
quora,hamming_cosine_float,Hamming + Cosine (float),241097,7,7139.977749902755
quora,hamming_cosine_float,Hamming + Cosine (float),241097,8,6919.056249898858
quora,hamming_cosine_float,Hamming + Cosine (float),241097,9,6737.754166009836
quora,hamming_cosine_float,Hamming + Cosine (float),53260,0,6680.106749990955
quora,hamming_cosine_float,Hamming + Cosine (float),53260,1,6600.620083045214
quora,hamming_cosine_float,Hamming + Cosine (float),53260,2,6795.8414170425385
quora,hamming_cosine_float,Hamming + Cosine (float),53260,3,7030.743250041269
quora,hamming_cosine_float,Hamming + Cosine (float),53260,4,6976.517124916427
quora,hamming_cosine_float,Hamming + Cosine (float),53260,5,6805.517124943435
quora,hamming_cosine_float,Hamming + Cosine (float),53260,6,7192.825790960342
quora,hamming_cosine_float,Hamming + Cosine (float),53260,7,6849.06958299689
quora,hamming_cosine_float,Hamming + Cosine (float),53260,8,7204.195042024367
quora,hamming_cosine_float,Hamming + Cosine (float),53260,9,6679.794000112452
quora,hamming_cosine_float,Hamming + Cosine (float),78856,0,6751.286708051339
quora,hamming_cosine_float,Hamming + Cosine (float),78856,1,6516.911916085519
quora,hamming_cosine_float,Hamming + Cosine (float),78856,2,6891.330125043169
quora,hamming_cosine_float,Hamming + Cosine (float),78856,3,13922.241833992302
quora,hamming_cosine_float,Hamming + Cosine (float),78856,4,6214.341582963243
quora,hamming_cosine_float,Hamming + Cosine (float),78856,5,6077.931749983691
quora,hamming_cosine_float,Hamming + Cosine (float),78856,6,5615.261333063245
quora,hamming_cosine_float,Hamming + Cosine (float),78856,7,5509.876500000246
quora,hamming_cosine_float,Hamming + Cosine (float),78856,8,5512.484541046433
quora,hamming_cosine_float,Hamming + Cosine (float),78856,9,5479.002124979161
quora,hamming_cosine_float,Hamming + Cosine (float),10373,0,5439.596167067066
quora,hamming_cosine_float,Hamming + Cosine (float),10373,1,5485.899415914901
quora,hamming_cosine_float,Hamming + Cosine (float),10373,2,5778.547958936542
quora,hamming_cosine_float,Hamming + Cosine (float),10373,3,5517.165416968055
quora,hamming_cosine_float,Hamming + Cosine (float),10373,4,5430.3346670931205
quora,hamming_cosine_float,Hamming + Cosine (float),10373,5,5520.499083097093
quora,hamming_cosine_float,Hamming + Cosine (float),10373,6,5575.037291971967
quora,hamming_cosine_float,Hamming + Cosine (float),10373,7,5466.477417037822
quora,hamming_cosine_float,Hamming + Cosine (float),10373,8,5488.419125089422
quora,hamming_cosine_float,Hamming + Cosine (float),10373,9,5387.028749915771
quora,hamming_cosine_float,Hamming + Cosine (float),501435,0,5412.901374977082
quora,hamming_cosine_float,Hamming + Cosine (float),501435,1,5341.3730000611395
quora,hamming_cosine_float,Hamming + Cosine (float),501435,2,5667.0503749046475
quora,hamming_cosine_float,Hamming + Cosine (float),501435,3,5472.215917077847
quora,hamming_cosine_float,Hamming + Cosine (float),501435,4,6094.957583001815
quora,hamming_cosine_float,Hamming + Cosine (float),501435,5,5778.621583012864
quora,hamming_cosine_float,Hamming + Cosine (float),501435,6,5983.34045894444
quora,hamming_cosine_float,Hamming + Cosine (float),501435,7,6054.5087499776855
quora,hamming_cosine_float,Hamming + Cosine (float),501435,8,5570.779124973342
quora,hamming_cosine_float,Hamming + Cosine (float),501435,9,5511.726708034985
quora,hamming_cosine_float,Hamming + Cosine (float),530570,0,5654.0870000608265
quora,hamming_cosine_float,Hamming + Cosine (float),530570,1,5831.63291704841
quora,hamming_cosine_float,Hamming + Cosine (float),530570,2,5907.28433302138
quora,hamming_cosine_float,Hamming + Cosine (float),530570,3,5917.649583076127
quora,hamming_cosine_float,Hamming + Cosine (float),530570,4,5519.567665993236
quora,hamming_cosine_float,Hamming + Cosine (float),530570,5,5526.255124947056
quora,hamming_cosine_float,Hamming + Cosine (float),530570,6,5483.839416992851
quora,hamming_cosine_float,Hamming + Cosine (float),530570,7,5516.537124989554
quora,hamming_cosine_float,Hamming + Cosine (float),530570,8,5659.954041941091
quora,hamming_cosine_float,Hamming + Cosine (float),530570,9,5889.315625070594
quora,hamming_cosine_float,Hamming + Cosine (float),179548,0,5678.160083014518
quora,hamming_cosine_float,Hamming + Cosine (float),179548,1,5460.863166023046
quora,hamming_cosine_float,Hamming + Cosine (float),179548,2,5611.976084066555
quora,hamming_cosine_float,Hamming + Cosine (float),179548,3,5550.101791974157
quora,hamming_cosine_float,Hamming + Cosine (float),179548,4,5504.133207956329
quora,hamming_cosine_float,Hamming + Cosine (float),179548,5,5432.013707933947
quora,hamming_cosine_float,Hamming + Cosine (float),179548,6,5679.70558302477
quora,hamming_cosine_float,Hamming + Cosine (float),179548,7,5538.412750000134
quora,hamming_cosine_float,Hamming + Cosine (float),179548,8,5511.984541895799
quora,hamming_cosine_float,Hamming + Cosine (float),179548,9,5462.271417025477
quora,hamming_cosine_float,Hamming + Cosine (float),466843,0,5906.1727080261335
quora,hamming_cosine_float,Hamming + Cosine (float),466843,1,5879.241583053954
quora,hamming_cosine_float,Hamming + Cosine (float),466843,2,5962.262957938947
quora,hamming_cosine_float,Hamming + Cosine (float),466843,3,5760.686457972042
quora,hamming_cosine_float,Hamming + Cosine (float),466843,4,5663.128166925162
quora,hamming_cosine_float,Hamming + Cosine (float),466843,5,5563.876540982164
quora,hamming_cosine_float,Hamming + Cosine (float),466843,6,5612.899166997522
quora,hamming_cosine_float,Hamming + Cosine (float),466843,7,5804.170791059732
quora,hamming_cosine_float,Hamming + Cosine (float),466843,8,5503.006624989212
quora,hamming_cosine_float,Hamming + Cosine (float),466843,9,5791.256625088863
quora,hamming_cosine_float,Hamming + Cosine (float),314270,0,5643.364708055742
quora,hamming_cosine_float,Hamming + Cosine (float),314270,1,5449.209582991898
quora,hamming_cosine_float,Hamming + Cosine (float),314270,2,5500.801041023806
quora,hamming_cosine_float,Hamming + Cosine (float),314270,3,5976.085416972637
quora,hamming_cosine_float,Hamming + Cosine (float),314270,4,6433.02912497893
quora,hamming_cosine_float,Hamming + Cosine (float),314270,5,6634.886124986224
quora,hamming_cosine_float,Hamming + Cosine (float),314270,6,5662.958292057738
quora,hamming_cosine_float,Hamming + Cosine (float),314270,7,5620.769915985875
quora,hamming_cosine_float,Hamming + Cosine (float),314270,8,5529.063625028357
quora,hamming_cosine_float,Hamming + Cosine (float),314270,9,5730.347958044149
quora,cosine_int8,Cosine (int8),406292,0,3555.9408330591395
quora,cosine_int8,Cosine (int8),406292,1,3964.7452499484643
quora,cosine_int8,Cosine (int8),406292,2,3628.398707951419
quora,cosine_int8,Cosine (int8),406292,3,3189.268125104718
quora,cosine_int8,Cosine (int8),406292,4,3163.0967090604827
quora,cosine_int8,Cosine (int8),406292,5,3292.489791987464
quora,cosine_int8,Cosine (int8),406292,6,3123.0391249991953
quora,cosine_int8,Cosine (int8),406292,7,3179.680124972947
quora,cosine_int8,Cosine (int8),406292,8,3197.7297089761123
quora,cosine_int8,Cosine (int8),406292,9,3081.586000043899
quora,cosine_int8,Cosine (int8),241097,0,3526.4345000032336
quora,cosine_int8,Cosine (int8),241097,1,3408.9944580337033
quora,cosine_int8,Cosine (int8),241097,2,3007.591624977067
quora,cosine_int8,Cosine (int8),241097,3,3057.004624977708
quora,cosine_int8,Cosine (int8),241097,4,2937.56170803681
quora,cosine_int8,Cosine (int8),241097,5,2940.435874974355
quora,cosine_int8,Cosine (int8),241097,6,2955.681166960858
quora,cosine_int8,Cosine (int8),241097,7,2938.1588329561055
quora,cosine_int8,Cosine (int8),241097,8,2954.9482909496874
quora,cosine_int8,Cosine (int8),241097,9,2955.593541963026
quora,cosine_int8,Cosine (int8),53260,0,2927.938957931474
quora,cosine_int8,Cosine (int8),53260,1,2924.107416998595
quora,cosine_int8,Cosine (int8),53260,2,2939.946416998282
quora,cosine_int8,Cosine (int8),53260,3,2917.7630419144407
quora,cosine_int8,Cosine (int8),53260,4,2902.923583984375
quora,cosine_int8,Cosine (int8),53260,5,2914.1375418985263
quora,cosine_int8,Cosine (int8),53260,6,2912.6565830083564
quora,cosine_int8,Cosine (int8),53260,7,2891.7700829915702
quora,cosine_int8,Cosine (int8),53260,8,3030.5712500121444
quora,cosine_int8,Cosine (int8),53260,9,2910.284333047457
quora,cosine_int8,Cosine (int8),78856,0,2933.7765839882195
quora,cosine_int8,Cosine (int8),78856,1,2815.9169160062447
quora,cosine_int8,Cosine (int8),78856,2,2846.594624919817
quora,cosine_int8,Cosine (int8),78856,3,2840.033582993783
quora,cosine_int8,Cosine (int8),78856,4,2840.1497920276597
quora,cosine_int8,Cosine (int8),78856,5,2881.8999589420855
quora,cosine_int8,Cosine (int8),78856,6,2865.685958066024
quora,cosine_int8,Cosine (int8),78856,7,2817.6446659490466
quora,cosine_int8,Cosine (int8),78856,8,2820.2661250252277
quora,cosine_int8,Cosine (int8),78856,9,3035.3130829753354
quora,cosine_int8,Cosine (int8),10373,0,2907.082667108625
quora,cosine_int8,Cosine (int8),10373,1,2858.9987499872223
quora,cosine_int8,Cosine (int8),10373,2,3454.249875037931
quora,cosine_int8,Cosine (int8),10373,3,2864.156167022884
quora,cosine_int8,Cosine (int8),10373,4,2813.1535419961438
quora,cosine_int8,Cosine (int8),10373,5,2857.256291084923
quora,cosine_int8,Cosine (int8),10373,6,2900.615541031584
quora,cosine_int8,Cosine (int8),10373,7,2823.3307079644874
quora,cosine_int8,Cosine (int8),10373,8,3254.7622909769416
quora,cosine_int8,Cosine (int8),10373,9,3051.3563751010224
quora,cosine_int8,Cosine (int8),501435,0,2955.9586660470814
quora,cosine_int8,Cosine (int8),501435,1,2940.183667000383
quora,cosine_int8,Cosine (int8),501435,2,3023.913500015624
quora,cosine_int8,Cosine (int8),501435,3,2908.960583037697
quora,cosine_int8,Cosine (int8),501435,4,3088.762833038345
quora,cosine_int8,Cosine (int8),501435,5,2891.6835419368
quora,cosine_int8,Cosine (int8),501435,6,2955.1864159293473
quora,cosine_int8,Cosine (int8),501435,7,2990.5206670518965
quora,cosine_int8,Cosine (int8),501435,8,2904.661708045751
quora,cosine_int8,Cosine (int8),501435,9,2908.727041911334
quora,cosine_int8,Cosine (int8),530570,0,2901.048957952298
quora,cosine_int8,Cosine (int8),530570,1,2880.8160830521956
quora,cosine_int8,Cosine (int8),530570,2,3017.8604589309543
quora,cosine_int8,Cosine (int8),530570,3,2928.670041030273
quora,cosine_int8,Cosine (int8),530570,4,2915.966040920466
quora,cosine_int8,Cosine (int8),530570,5,2886.7156670894474
quora,cosine_int8,Cosine (int8),530570,6,2898.090208065696
quora,cosine_int8,Cosine (int8),530570,7,2916.5192500222474
quora,cosine_int8,Cosine (int8),530570,8,2908.6178329307586
quora,cosine_int8,Cosine (int8),530570,9,3021.1871250066906
quora,cosine_int8,Cosine (int8),179548,0,2904.491874971427
quora,cosine_int8,Cosine (int8),179548,1,2932.9724999843165
quora,cosine_int8,Cosine (int8),179548,2,2875.427291961387
quora,cosine_int8,Cosine (int8),179548,3,2882.757000043057
quora,cosine_int8,Cosine (int8),179548,4,2864.782666089013
quora,cosine_int8,Cosine (int8),179548,5,2859.0826250147074
quora,cosine_int8,Cosine (int8),179548,6,3042.040791013278
quora,cosine_int8,Cosine (int8),179548,7,2926.1187500087544
quora,cosine_int8,Cosine (int8),179548,8,3006.7645420785993
quora,cosine_int8,Cosine (int8),179548,9,2961.772833019495
quora,cosine_int8,Cosine (int8),466843,0,2902.0789999049157
quora,cosine_int8,Cosine (int8),466843,1,2891.921625006944
quora,cosine_int8,Cosine (int8),466843,2,2869.4542499724776
quora,cosine_int8,Cosine (int8),466843,3,2871.412207954563
quora,cosine_int8,Cosine (int8),466843,4,2863.9702500076964
quora,cosine_int8,Cosine (int8),466843,5,2870.727875037119
quora,cosine_int8,Cosine (int8),466843,6,2873.702833079733
quora,cosine_int8,Cosine (int8),466843,7,2865.5473749386147
quora,cosine_int8,Cosine (int8),466843,8,2857.6620829990134
quora,cosine_int8,Cosine (int8),466843,9,2857.4732919223607
quora,cosine_int8,Cosine (int8),314270,0,3104.5807499904186
quora,cosine_int8,Cosine (int8),314270,1,2859.2983330599964
quora,cosine_int8,Cosine (int8),314270,2,2858.391457935795
quora,cosine_int8,Cosine (int8),314270,3,2830.575666972436
quora,cosine_int8,Cosine (int8),314270,4,2828.5664579598233
quora,cosine_int8,Cosine (int8),314270,5,2825.2577910898253
quora,cosine_int8,Cosine (int8),314270,6,2798.1610000133514
quora,cosine_int8,Cosine (int8),314270,7,2806.9369590375572
quora,cosine_int8,Cosine (int8),314270,8,2798.2701249420643
quora,cosine_int8,Cosine (int8),314270,9,2748.823375091888
quora,cosine_int8_float,Cosine (int8) + Cosine (float),406292,0,8445.233957958408
quora,cosine_int8_float,Cosine (int8) + Cosine (float),406292,1,8410.136749967933
quora,cosine_int8_float,Cosine (int8) + Cosine (float),406292,2,8532.9840000486
quora,cosine_int8_float,Cosine (int8) + Cosine (float),406292,3,8528.462624992244
quora,cosine_int8_float,Cosine (int8) + Cosine (float),406292,4,8746.052333037369
quora,cosine_int8_float,Cosine (int8) + Cosine (float),406292,5,8482.76791605167
quora,cosine_int8_float,Cosine (int8) + Cosine (float),406292,6,8446.03824999649
quora,cosine_int8_float,Cosine (int8) + Cosine (float),406292,7,8489.447999978438
quora,cosine_int8_float,Cosine (int8) + Cosine (float),406292,8,8446.60966610536
quora,cosine_int8_float,Cosine (int8) + Cosine (float),406292,9,8586.876624962315
quora,cosine_int8_float,Cosine (int8) + Cosine (float),241097,0,13240.581374964677
quora,cosine_int8_float,Cosine (int8) + Cosine (float),241097,1,9685.1166250417
quora,cosine_int8_float,Cosine (int8) + Cosine (float),241097,2,9370.779416989535
quora,cosine_int8_float,Cosine (int8) + Cosine (float),241097,3,9261.49266702123
quora,cosine_int8_float,Cosine (int8) + Cosine (float),241097,4,8915.797833004035
quora,cosine_int8_float,Cosine (int8) + Cosine (float),241097,5,9208.080957992934
quora,cosine_int8_float,Cosine (int8) + Cosine (float),241097,6,9055.739374947734
quora,cosine_int8_float,Cosine (int8) + Cosine (float),241097,7,9369.202875066549
quora,cosine_int8_float,Cosine (int8) + Cosine (float),241097,8,8998.615375021473
quora,cosine_int8_float,Cosine (int8) + Cosine (float),241097,9,8850.955207948573
quora,cosine_int8_float,Cosine (int8) + Cosine (float),53260,0,9100.57379200589
quora,cosine_int8_float,Cosine (int8) + Cosine (float),53260,1,9135.433582938276
quora,cosine_int8_float,Cosine (int8) + Cosine (float),53260,2,9140.324625070207
quora,cosine_int8_float,Cosine (int8) + Cosine (float),53260,3,8997.151832911186
quora,cosine_int8_float,Cosine (int8) + Cosine (float),53260,4,8987.153207999654
quora,cosine_int8_float,Cosine (int8) + Cosine (float),53260,5,8930.985415936448
quora,cosine_int8_float,Cosine (int8) + Cosine (float),53260,6,8708.18054198753
quora,cosine_int8_float,Cosine (int8) + Cosine (float),53260,7,8980.37458397448
quora,cosine_int8_float,Cosine (int8) + Cosine (float),53260,8,8941.506624920294
quora,cosine_int8_float,Cosine (int8) + Cosine (float),53260,9,9708.028207998723
quora,cosine_int8_float,Cosine (int8) + Cosine (float),78856,0,9344.677500077523
quora,cosine_int8_float,Cosine (int8) + Cosine (float),78856,1,9314.40633290913
quora,cosine_int8_float,Cosine (int8) + Cosine (float),78856,2,9486.474958946928
quora,cosine_int8_float,Cosine (int8) + Cosine (float),78856,3,9536.590458010323
quora,cosine_int8_float,Cosine (int8) + Cosine (float),78856,4,9188.326583011076
quora,cosine_int8_float,Cosine (int8) + Cosine (float),78856,5,9214.787499979138
quora,cosine_int8_float,Cosine (int8) + Cosine (float),78856,6,9226.36666696053
quora,cosine_int8_float,Cosine (int8) + Cosine (float),78856,7,9393.42191698961
quora,cosine_int8_float,Cosine (int8) + Cosine (float),78856,8,9087.548249983229
quora,cosine_int8_float,Cosine (int8) + Cosine (float),78856,9,8988.98762499448
quora,cosine_int8_float,Cosine (int8) + Cosine (float),10373,0,9226.285542012192
quora,cosine_int8_float,Cosine (int8) + Cosine (float),10373,1,9088.637666893192
quora,cosine_int8_float,Cosine (int8) + Cosine (float),10373,2,9179.293833905831
quora,cosine_int8_float,Cosine (int8) + Cosine (float),10373,3,9099.640000029467
quora,cosine_int8_float,Cosine (int8) + Cosine (float),10373,4,8943.94791603554
quora,cosine_int8_float,Cosine (int8) + Cosine (float),10373,5,8983.160500065424
quora,cosine_int8_float,Cosine (int8) + Cosine (float),10373,6,8985.229708021507
quora,cosine_int8_float,Cosine (int8) + Cosine (float),10373,7,8813.906791969202
quora,cosine_int8_float,Cosine (int8) + Cosine (float),10373,8,9015.338124940172
quora,cosine_int8_float,Cosine (int8) + Cosine (float),10373,9,8988.025666913018
quora,cosine_int8_float,Cosine (int8) + Cosine (float),501435,0,9133.28908290714
quora,cosine_int8_float,Cosine (int8) + Cosine (float),501435,1,9142.026750021614
quora,cosine_int8_float,Cosine (int8) + Cosine (float),501435,2,8786.788291996345
quora,cosine_int8_float,Cosine (int8) + Cosine (float),501435,3,9084.258832968771
quora,cosine_int8_float,Cosine (int8) + Cosine (float),501435,4,8981.706582941115
quora,cosine_int8_float,Cosine (int8) + Cosine (float),501435,5,8935.026166960597
quora,cosine_int8_float,Cosine (int8) + Cosine (float),501435,6,9601.831709034741
quora,cosine_int8_float,Cosine (int8) + Cosine (float),501435,7,9631.41354196705
quora,cosine_int8_float,Cosine (int8) + Cosine (float),501435,8,9082.075709011406
quora,cosine_int8_float,Cosine (int8) + Cosine (float),501435,9,9539.757249993272
quora,cosine_int8_float,Cosine (int8) + Cosine (float),530570,0,9012.864709016867
quora,cosine_int8_float,Cosine (int8) + Cosine (float),530570,1,8869.195582927205
quora,cosine_int8_float,Cosine (int8) + Cosine (float),530570,2,9112.785333069041
quora,cosine_int8_float,Cosine (int8) + Cosine (float),530570,3,9014.957375009544
quora,cosine_int8_float,Cosine (int8) + Cosine (float),530570,4,8913.572040968575
quora,cosine_int8_float,Cosine (int8) + Cosine (float),530570,5,9305.992166046053
quora,cosine_int8_float,Cosine (int8) + Cosine (float),530570,6,9028.328624903224
quora,cosine_int8_float,Cosine (int8) + Cosine (float),530570,7,8887.811124906875
quora,cosine_int8_float,Cosine (int8) + Cosine (float),530570,8,8991.356499958783
quora,cosine_int8_float,Cosine (int8) + Cosine (float),530570,9,8892.983666970395
quora,cosine_int8_float,Cosine (int8) + Cosine (float),179548,0,8992.388083017431
quora,cosine_int8_float,Cosine (int8) + Cosine (float),179548,1,8852.650208980776
quora,cosine_int8_float,Cosine (int8) + Cosine (float),179548,2,8737.257375032641
quora,cosine_int8_float,Cosine (int8) + Cosine (float),179548,3,8929.305457975715
quora,cosine_int8_float,Cosine (int8) + Cosine (float),179548,4,9385.75491704978
quora,cosine_int8_float,Cosine (int8) + Cosine (float),179548,5,10015.62920899596
quora,cosine_int8_float,Cosine (int8) + Cosine (float),179548,6,9226.777625037357
quora,cosine_int8_float,Cosine (int8) + Cosine (float),179548,7,9822.23283406347
quora,cosine_int8_float,Cosine (int8) + Cosine (float),179548,8,9179.979832959361
quora,cosine_int8_float,Cosine (int8) + Cosine (float),179548,9,9293.686249991879
quora,cosine_int8_float,Cosine (int8) + Cosine (float),466843,0,8953.448458923958
quora,cosine_int8_float,Cosine (int8) + Cosine (float),466843,1,8932.588167022914
quora,cosine_int8_float,Cosine (int8) + Cosine (float),466843,2,8759.91458306089
quora,cosine_int8_float,Cosine (int8) + Cosine (float),466843,3,8669.99595798552
quora,cosine_int8_float,Cosine (int8) + Cosine (float),466843,4,8789.585708989762
quora,cosine_int8_float,Cosine (int8) + Cosine (float),466843,5,8724.230666994117
quora,cosine_int8_float,Cosine (int8) + Cosine (float),466843,6,8763.159582973458
quora,cosine_int8_float,Cosine (int8) + Cosine (float),466843,7,9018.48341699224
quora,cosine_int8_float,Cosine (int8) + Cosine (float),466843,8,8971.458959043957
quora,cosine_int8_float,Cosine (int8) + Cosine (float),466843,9,9033.555874950252
quora,cosine_int8_float,Cosine (int8) + Cosine (float),314270,0,9210.319333011284
quora,cosine_int8_float,Cosine (int8) + Cosine (float),314270,1,9034.366582985967
quora,cosine_int8_float,Cosine (int8) + Cosine (float),314270,2,9170.861083082855
quora,cosine_int8_float,Cosine (int8) + Cosine (float),314270,3,8993.493292015046
quora,cosine_int8_float,Cosine (int8) + Cosine (float),314270,4,8814.792749937624
quora,cosine_int8_float,Cosine (int8) + Cosine (float),314270,5,8810.512542026117
quora,cosine_int8_float,Cosine (int8) + Cosine (float),314270,6,8889.670750009827
quora,cosine_int8_float,Cosine (int8) + Cosine (float),314270,7,8876.794209005311
quora,cosine_int8_float,Cosine (int8) + Cosine (float),314270,8,8977.897082921118
quora,cosine_int8_float,Cosine (int8) + Cosine (float),314270,9,8728.655333979987
quora,cosine_float,Cosine (float),406292,0,6789.685167022981
quora,cosine_float,Cosine (float),406292,1,6777.693999931216
quora,cosine_float,Cosine (float),406292,2,7044.1271249437705
quora,cosine_float,Cosine (float),406292,3,6939.731791964732
quora,cosine_float,Cosine (float),406292,4,6972.90133300703
quora,cosine_float,Cosine (float),406292,5,7126.315457979217
quora,cosine_float,Cosine (float),406292,6,6985.945915919729
quora,cosine_float,Cosine (float),406292,7,7039.551583002321
quora,cosine_float,Cosine (float),406292,8,6959.776834002696
quora,cosine_float,Cosine (float),406292,9,7032.537083956413
quora,cosine_float,Cosine (float),241097,0,6965.402875095606
quora,cosine_float,Cosine (float),241097,1,6842.629708000459
quora,cosine_float,Cosine (float),241097,2,6990.747458068654
quora,cosine_float,Cosine (float),241097,3,6977.282750071026
quora,cosine_float,Cosine (float),241097,4,6932.497999980114
quora,cosine_float,Cosine (float),241097,5,7093.114375020377
quora,cosine_float,Cosine (float),241097,6,6959.113624994643
quora,cosine_float,Cosine (float),241097,7,6966.329124988988
quora,cosine_float,Cosine (float),241097,8,7068.1699590059
quora,cosine_float,Cosine (float),241097,9,7168.194875004701
quora,cosine_float,Cosine (float),53260,0,7057.9968329984695
quora,cosine_float,Cosine (float),53260,1,6898.571375058964
quora,cosine_float,Cosine (float),53260,2,7048.731082933955
quora,cosine_float,Cosine (float),53260,3,6844.923041993752
quora,cosine_float,Cosine (float),53260,4,6830.438083037734
quora,cosine_float,Cosine (float),53260,5,6973.388375015929
quora,cosine_float,Cosine (float),53260,6,7335.872708004899
quora,cosine_float,Cosine (float),53260,7,7468.719959026203
quora,cosine_float,Cosine (float),53260,8,7153.119666967541
quora,cosine_float,Cosine (float),53260,9,7033.076792024076
quora,cosine_float,Cosine (float),78856,0,6992.903167032637
quora,cosine_float,Cosine (float),78856,1,6883.163458085619
quora,cosine_float,Cosine (float),78856,2,7342.274083988741
quora,cosine_float,Cosine (float),78856,3,7121.286542038433
quora,cosine_float,Cosine (float),78856,4,7499.63662493974
quora,cosine_float,Cosine (float),78856,5,7092.237540986389
quora,cosine_float,Cosine (float),78856,6,6945.091209025122
quora,cosine_float,Cosine (float),78856,7,7025.284458999522
quora,cosine_float,Cosine (float),78856,8,7736.4382080268115
quora,cosine_float,Cosine (float),78856,9,7558.394290972501
quora,cosine_float,Cosine (float),10373,0,7125.487832934596
quora,cosine_float,Cosine (float),10373,1,7067.007667035796
quora,cosine_float,Cosine (float),10373,2,7647.238833014853
quora,cosine_float,Cosine (float),10373,3,7397.9228750104085
quora,cosine_float,Cosine (float),10373,4,7104.987583006732
quora,cosine_float,Cosine (float),10373,5,6915.507832891308
quora,cosine_float,Cosine (float),10373,6,7079.202457913198
quora,cosine_float,Cosine (float),10373,7,7062.471500015818
quora,cosine_float,Cosine (float),10373,8,7118.790167034604
quora,cosine_float,Cosine (float),10373,9,6992.182374931872
quora,cosine_float,Cosine (float),501435,0,7232.539791963063
quora,cosine_float,Cosine (float),501435,1,7484.929666039534
quora,cosine_float,Cosine (float),501435,2,8360.517457942478
quora,cosine_float,Cosine (float),501435,3,5342.73362508975
quora,cosine_float,Cosine (float),501435,4,6140.065541025251
quora,cosine_float,Cosine (float),501435,5,7349.768916028552
quora,cosine_float,Cosine (float),501435,6,7125.700041069649
quora,cosine_float,Cosine (float),501435,7,7649.013333953917
quora,cosine_float,Cosine (float),501435,8,7401.134541956708
quora,cosine_float,Cosine (float),501435,9,7519.399291020818
quora,cosine_float,Cosine (float),530570,0,7817.579666967504
quora,cosine_float,Cosine (float),530570,1,7385.501082986593
quora,cosine_float,Cosine (float),530570,2,7135.573292034678
quora,cosine_float,Cosine (float),530570,3,6976.727250032127
quora,cosine_float,Cosine (float),530570,4,7108.712959103286
quora,cosine_float,Cosine (float),530570,5,7620.25883293245
quora,cosine_float,Cosine (float),530570,6,7594.149500015192
quora,cosine_float,Cosine (float),530570,7,7847.432708018459
quora,cosine_float,Cosine (float),530570,8,8805.582375032827
quora,cosine_float,Cosine (float),530570,9,10340.369291952811
quora,cosine_float,Cosine (float),179548,0,7455.555749940686
quora,cosine_float,Cosine (float),179548,1,7528.944291989319
quora,cosine_float,Cosine (float),179548,2,8223.727542092092
quora,cosine_float,Cosine (float),179548,3,7603.610540973023
quora,cosine_float,Cosine (float),179548,4,7725.581833044998
quora,cosine_float,Cosine (float),179548,5,7445.886667002924
quora,cosine_float,Cosine (float),179548,6,7414.413208025508
quora,cosine_float,Cosine (float),179548,7,7429.365582996979
quora,cosine_float,Cosine (float),179548,8,7043.062250013463
quora,cosine_float,Cosine (float),179548,9,7403.861000086181
quora,cosine_float,Cosine (float),466843,0,7736.377333989367
quora,cosine_float,Cosine (float),466843,1,7386.045208084397
quora,cosine_float,Cosine (float),466843,2,7921.507707913406
quora,cosine_float,Cosine (float),466843,3,7811.762582976371
quora,cosine_float,Cosine (float),466843,4,7648.064958979376
quora,cosine_float,Cosine (float),466843,5,7667.088916990906
quora,cosine_float,Cosine (float),466843,6,7613.760250038467
quora,cosine_float,Cosine (float),466843,7,7452.810875023715
quora,cosine_float,Cosine (float),466843,8,7333.686874946579
quora,cosine_float,Cosine (float),466843,9,8119.527666945942
quora,cosine_float,Cosine (float),314270,0,7488.033708999865
quora,cosine_float,Cosine (float),314270,1,7218.13083300367
quora,cosine_float,Cosine (float),314270,2,7092.021415941417
quora,cosine_float,Cosine (float),314270,3,7385.517625021748
quora,cosine_float,Cosine (float),314270,4,7556.756084086373
quora,cosine_float,Cosine (float),314270,5,7435.126041993499
quora,cosine_float,Cosine (float),314270,6,7444.990958087146
quora,cosine_float,Cosine (float),314270,7,7218.836999963969
quora,cosine_float,Cosine (float),314270,8,7327.351250103675
quora,cosine_float,Cosine (float),314270,9,7130.399500019848
quora,rrf_hamming,RRF (BM25 + Hamming),406292,0,525.5849160021171
quora,rrf_hamming,RRF (BM25 + Hamming),406292,1,523.6896249698475
quora,rrf_hamming,RRF (BM25 + Hamming),406292,2,539.1294170403853
quora,rrf_hamming,RRF (BM25 + Hamming),406292,3,521.0705000208691
quora,rrf_hamming,RRF (BM25 + Hamming),406292,4,523.6100839683786
quora,rrf_hamming,RRF (BM25 + Hamming),406292,5,521.8604579567909
quora,rrf_hamming,RRF (BM25 + Hamming),406292,6,540.2754999231547
quora,rrf_hamming,RRF (BM25 + Hamming),406292,7,551.3186668977141
quora,rrf_hamming,RRF (BM25 + Hamming),406292,8,512.4503340339288
quora,rrf_hamming,RRF (BM25 + Hamming),406292,9,508.427832974121
quora,rrf_hamming,RRF (BM25 + Hamming),241097,0,426.75520794000477
quora,rrf_hamming,RRF (BM25 + Hamming),241097,1,423.83512505330145
quora,rrf_hamming,RRF (BM25 + Hamming),241097,2,420.0683750677854
quora,rrf_hamming,RRF (BM25 + Hamming),241097,3,431.9691670825705
quora,rrf_hamming,RRF (BM25 + Hamming),241097,4,433.415166917257
quora,rrf_hamming,RRF (BM25 + Hamming),241097,5,427.8562089893967
quora,rrf_hamming,RRF (BM25 + Hamming),241097,6,431.1271660262719
quora,rrf_hamming,RRF (BM25 + Hamming),241097,7,426.60599993541837
quora,rrf_hamming,RRF (BM25 + Hamming),241097,8,443.0483750766143
quora,rrf_hamming,RRF (BM25 + Hamming),241097,9,461.9503750000149
quora,rrf_hamming,RRF (BM25 + Hamming),53260,0,420.00229202676564
quora,rrf_hamming,RRF (BM25 + Hamming),53260,1,434.21229103114456
quora,rrf_hamming,RRF (BM25 + Hamming),53260,2,437.1266659582034
quora,rrf_hamming,RRF (BM25 + Hamming),53260,3,425.48687499947846
quora,rrf_hamming,RRF (BM25 + Hamming),53260,4,441.8483750196174
quora,rrf_hamming,RRF (BM25 + Hamming),53260,5,417.858749977313
quora,rrf_hamming,RRF (BM25 + Hamming),53260,6,440.55683305487037
quora,rrf_hamming,RRF (BM25 + Hamming),53260,7,443.2706660591066
quora,rrf_hamming,RRF (BM25 + Hamming),53260,8,434.6408329438418
quora,rrf_hamming,RRF (BM25 + Hamming),53260,9,419.7739999508485
quora,rrf_hamming,RRF (BM25 + Hamming),78856,0,361.04791599791497
quora,rrf_hamming,RRF (BM25 + Hamming),78856,1,337.9167499952018
quora,rrf_hamming,RRF (BM25 + Hamming),78856,2,363.1970420246944
quora,rrf_hamming,RRF (BM25 + Hamming),78856,3,292.30470792390406
quora,rrf_hamming,RRF (BM25 + Hamming),78856,4,295.02824996598065
quora,rrf_hamming,RRF (BM25 + Hamming),78856,5,294.70683296676725
quora,rrf_hamming,RRF (BM25 + Hamming),78856,6,335.29537497088313
quora,rrf_hamming,RRF (BM25 + Hamming),78856,7,315.0603750254959
quora,rrf_hamming,RRF (BM25 + Hamming),78856,8,327.5545830838382
quora,rrf_hamming,RRF (BM25 + Hamming),78856,9,302.0393749466166
quora,rrf_hamming,RRF (BM25 + Hamming),10373,0,608.4485829342157
quora,rrf_hamming,RRF (BM25 + Hamming),10373,1,601.2919170316309
quora,rrf_hamming,RRF (BM25 + Hamming),10373,2,599.3980839848518
quora,rrf_hamming,RRF (BM25 + Hamming),10373,3,766.9663750566542
quora,rrf_hamming,RRF (BM25 + Hamming),10373,4,655.9195830486715
quora,rrf_hamming,RRF (BM25 + Hamming),10373,5,660.9538750490174
quora,rrf_hamming,RRF (BM25 + Hamming),10373,6,622.0415839925408
quora,rrf_hamming,RRF (BM25 + Hamming),10373,7,645.9015830187127
quora,rrf_hamming,RRF (BM25 + Hamming),10373,8,634.7421670798212
quora,rrf_hamming,RRF (BM25 + Hamming),10373,9,587.9036249825731
quora,rrf_hamming,RRF (BM25 + Hamming),501435,0,270.784666063264
quora,rrf_hamming,RRF (BM25 + Hamming),501435,1,292.75366698857397
quora,rrf_hamming,RRF (BM25 + Hamming),501435,2,305.18179200589657
quora,rrf_hamming,RRF (BM25 + Hamming),501435,3,335.322167025879
quora,rrf_hamming,RRF (BM25 + Hamming),501435,4,285.379417007789
quora,rrf_hamming,RRF (BM25 + Hamming),501435,5,294.7447500191629
quora,rrf_hamming,RRF (BM25 + Hamming),501435,6,270.9427080117166
quora,rrf_hamming,RRF (BM25 + Hamming),501435,7,262.0961250504479
quora,rrf_hamming,RRF (BM25 + Hamming),501435,8,279.0228750091046
quora,rrf_hamming,RRF (BM25 + Hamming),501435,9,263.5537919122726
quora,rrf_hamming,RRF (BM25 + Hamming),530570,0,265.763417002745
quora,rrf_hamming,RRF (BM25 + Hamming),530570,1,267.87345798220485
quora,rrf_hamming,RRF (BM25 + Hamming),530570,2,283.70391693897545
quora,rrf_hamming,RRF (BM25 + Hamming),530570,3,320.13945805374533
quora,rrf_hamming,RRF (BM25 + Hamming),530570,4,288.16820797510445
quora,rrf_hamming,RRF (BM25 + Hamming),530570,5,306.28470808733255
quora,rrf_hamming,RRF (BM25 + Hamming),530570,6,286.0204998869449
quora,rrf_hamming,RRF (BM25 + Hamming),530570,7,275.7618330651894
quora,rrf_hamming,RRF (BM25 + Hamming),530570,8,268.5889999847859
quora,rrf_hamming,RRF (BM25 + Hamming),530570,9,274.58095795009285
quora,rrf_hamming,RRF (BM25 + Hamming),179548,0,282.58579201065004
quora,rrf_hamming,RRF (BM25 + Hamming),179548,1,337.0555409928784
quora,rrf_hamming,RRF (BM25 + Hamming),179548,2,260.2671249769628
quora,rrf_hamming,RRF (BM25 + Hamming),179548,3,259.9826658843085
quora,rrf_hamming,RRF (BM25 + Hamming),179548,4,261.06437493581325
quora,rrf_hamming,RRF (BM25 + Hamming),179548,5,259.69295809045434
quora,rrf_hamming,RRF (BM25 + Hamming),179548,6,266.91983302589506
quora,rrf_hamming,RRF (BM25 + Hamming),179548,7,295.9684170782566
quora,rrf_hamming,RRF (BM25 + Hamming),179548,8,266.93108305335045
quora,rrf_hamming,RRF (BM25 + Hamming),179548,9,263.8204999966547
quora,rrf_hamming,RRF (BM25 + Hamming),466843,0,333.65575002972037
quora,rrf_hamming,RRF (BM25 + Hamming),466843,1,347.0289169345051
quora,rrf_hamming,RRF (BM25 + Hamming),466843,2,368.78041701857
quora,rrf_hamming,RRF (BM25 + Hamming),466843,3,336.77220903337
quora,rrf_hamming,RRF (BM25 + Hamming),466843,4,331.86979207675904
quora,rrf_hamming,RRF (BM25 + Hamming),466843,5,330.0230000168085
quora,rrf_hamming,RRF (BM25 + Hamming),466843,6,334.50316602829844
quora,rrf_hamming,RRF (BM25 + Hamming),466843,7,333.0336670624092
quora,rrf_hamming,RRF (BM25 + Hamming),466843,8,337.7258339896798
quora,rrf_hamming,RRF (BM25 + Hamming),466843,9,335.64829092938453
quora,rrf_hamming,RRF (BM25 + Hamming),314270,0,416.21729207690805
quora,rrf_hamming,RRF (BM25 + Hamming),314270,1,418.0667500477284
quora,rrf_hamming,RRF (BM25 + Hamming),314270,2,524.0357499569654
quora,rrf_hamming,RRF (BM25 + Hamming),314270,3,452.57833297364414
quora,rrf_hamming,RRF (BM25 + Hamming),314270,4,414.6377920405939
quora,rrf_hamming,RRF (BM25 + Hamming),314270,5,417.7728750510141
quora,rrf_hamming,RRF (BM25 + Hamming),314270,6,420.0338328955695
quora,rrf_hamming,RRF (BM25 + Hamming),314270,7,443.9240419305861
quora,rrf_hamming,RRF (BM25 + Hamming),314270,8,462.8010420128703
quora,rrf_hamming,RRF (BM25 + Hamming),314270,9,416.1142089869827
quora,rrf_cosine_int8,RRF (BM25 + Cosine (int8)),406292,0,3482.174041098915
quora,rrf_cosine_int8,RRF (BM25 + Cosine (int8)),406292,1,3173.800416989252
quora,rrf_cosine_int8,RRF (BM25 + Cosine (int8)),406292,2,3141.629458987154
quora,rrf_cosine_int8,RRF (BM25 + Cosine (int8)),406292,3,3139.138458063826
quora,rrf_cosine_int8,RRF (BM25 + Cosine (int8)),406292,4,3129.556957981549
quora,rrf_cosine_int8,RRF (BM25 + Cosine (int8)),406292,5,3129.8354170285165
quora,rrf_cosine_int8,RRF (BM25 + Cosine (int8)),406292,6,3147.903083008714
quora,rrf_cosine_int8,RRF (BM25 + Cosine (int8)),406292,7,3443.026041961275
quora,rrf_cosine_int8,RRF (BM25 + Cosine (int8)),406292,8,3385.384250083007
quora,rrf_cosine_int8,RRF (BM25 + Cosine (int8)),406292,9,3218.2398750446737
quora,rrf_cosine_int8,RRF (BM25 + Cosine (int8)),241097,0,3349.032041965984
quora,rrf_cosine_int8,RRF (BM25 + Cosine (int8)),241097,1,3147.9649590328336
quora,rrf_cosine_int8,RRF (BM25 + Cosine (int8)),241097,2,3216.0993330180645
quora,rrf_cosine_int8,RRF (BM25 + Cosine (int8)),241097,3,3140.6562499469146
quora,rrf_cosine_int8,RRF (BM25 + Cosine (int8)),241097,4,3110.7965409755707
quora,rrf_cosine_int8,RRF (BM25 + Cosine (int8)),241097,5,3173.854999942705
quora,rrf_cosine_int8,RRF (BM25 + Cosine (int8)),241097,6,3479.478541063145
quora,rrf_cosine_int8,RRF (BM25 + Cosine (int8)),241097,7,3332.5070830760524
quora,rrf_cosine_int8,RRF (BM25 + Cosine (int8)),241097,8,3216.9586250092834
quora,rrf_cosine_int8,RRF (BM25 + Cosine (int8)),241097,9,3119.8162919608876
quora,rrf_cosine_int8,RRF (BM25 + Cosine (int8)),53260,0,3112.063540960662
quora,rrf_cosine_int8,RRF (BM25 + Cosine (int8)),53260,1,3169.175707967952
quora,rrf_cosine_int8,RRF (BM25 + Cosine (int8)),53260,2,3089.2012080876157
quora,rrf_cosine_int8,RRF (BM25 + Cosine (int8)),53260,3,3233.4335409104824
quora,rrf_cosine_int8,RRF (BM25 + Cosine (int8)),53260,4,3331.1776249902323
quora,rrf_cosine_int8,RRF (BM25 + Cosine (int8)),53260,5,3291.708708042279
quora,rrf_cosine_int8,RRF (BM25 + Cosine (int8)),53260,6,3275.755792041309
quora,rrf_cosine_int8,RRF (BM25 + Cosine (int8)),53260,7,3163.8887498993427
quora,rrf_cosine_int8,RRF (BM25 + Cosine (int8)),53260,8,3144.459665985778
quora,rrf_cosine_int8,RRF (BM25 + Cosine (int8)),53260,9,3134.8097081063315
quora,rrf_cosine_int8,RRF (BM25 + Cosine (int8)),78856,0,3104.0782500058413
quora,rrf_cosine_int8,RRF (BM25 + Cosine (int8)),78856,1,3314.6021249704063
quora,rrf_cosine_int8,RRF (BM25 + Cosine (int8)),78856,2,3224.680957966484
quora,rrf_cosine_int8,RRF (BM25 + Cosine (int8)),78856,3,3196.000333991833
quora,rrf_cosine_int8,RRF (BM25 + Cosine (int8)),78856,4,3100.128208985552
quora,rrf_cosine_int8,RRF (BM25 + Cosine (int8)),78856,5,2985.9409999335185
quora,rrf_cosine_int8,RRF (BM25 + Cosine (int8)),78856,6,2967.2494999831542
quora,rrf_cosine_int8,RRF (BM25 + Cosine (int8)),78856,7,3028.3831249689683
quora,rrf_cosine_int8,RRF (BM25 + Cosine (int8)),78856,8,2994.167457916774
quora,rrf_cosine_int8,RRF (BM25 + Cosine (int8)),78856,9,2963.3337090490386
quora,rrf_cosine_int8,RRF (BM25 + Cosine (int8)),10373,0,3328.974915901199
quora,rrf_cosine_int8,RRF (BM25 + Cosine (int8)),10373,1,3532.587416935712
quora,rrf_cosine_int8,RRF (BM25 + Cosine (int8)),10373,2,3454.4932499993593
quora,rrf_cosine_int8,RRF (BM25 + Cosine (int8)),10373,3,3498.7681249622256
quora,rrf_cosine_int8,RRF (BM25 + Cosine (int8)),10373,4,3727.7860409813
quora,rrf_cosine_int8,RRF (BM25 + Cosine (int8)),10373,5,3312.7297499449924
quora,rrf_cosine_int8,RRF (BM25 + Cosine (int8)),10373,6,3642.7984159672633
quora,rrf_cosine_int8,RRF (BM25 + Cosine (int8)),10373,7,3520.1116249663755
quora,rrf_cosine_int8,RRF (BM25 + Cosine (int8)),10373,8,3354.289000038989
quora,rrf_cosine_int8,RRF (BM25 + Cosine (int8)),10373,9,3339.5022080512717
quora,rrf_cosine_int8,RRF (BM25 + Cosine (int8)),501435,0,2987.711041001603
quora,rrf_cosine_int8,RRF (BM25 + Cosine (int8)),501435,1,2936.411458067596
quora,rrf_cosine_int8,RRF (BM25 + Cosine (int8)),501435,2,2931.803041952662
quora,rrf_cosine_int8,RRF (BM25 + Cosine (int8)),501435,3,3092.4974579829723
quora,rrf_cosine_int8,RRF (BM25 + Cosine (int8)),501435,4,2932.1754169650376
quora,rrf_cosine_int8,RRF (BM25 + Cosine (int8)),501435,5,3081.255415920168
quora,rrf_cosine_int8,RRF (BM25 + Cosine (int8)),501435,6,3042.549083940685
quora,rrf_cosine_int8,RRF (BM25 + Cosine (int8)),501435,7,2993.8695419114083
quora,rrf_cosine_int8,RRF (BM25 + Cosine (int8)),501435,8,3066.2100840127096
quora,rrf_cosine_int8,RRF (BM25 + Cosine (int8)),501435,9,2941.499750013463
quora,rrf_cosine_int8,RRF (BM25 + Cosine (int8)),530570,0,2900.953875039704
quora,rrf_cosine_int8,RRF (BM25 + Cosine (int8)),530570,1,2902.8334999457
quora,rrf_cosine_int8,RRF (BM25 + Cosine (int8)),530570,2,2902.982291067019
quora,rrf_cosine_int8,RRF (BM25 + Cosine (int8)),530570,3,2932.992000016384
quora,rrf_cosine_int8,RRF (BM25 + Cosine (int8)),530570,4,3124.4042080361396
quora,rrf_cosine_int8,RRF (BM25 + Cosine (int8)),530570,5,3264.6386249689385
quora,rrf_cosine_int8,RRF (BM25 + Cosine (int8)),530570,6,3251.724165980704
quora,rrf_cosine_int8,RRF (BM25 + Cosine (int8)),530570,7,3190.0202080141753
quora,rrf_cosine_int8,RRF (BM25 + Cosine (int8)),530570,8,3230.9705420630053
quora,rrf_cosine_int8,RRF (BM25 + Cosine (int8)),530570,9,3111.2082089530304
quora,rrf_cosine_int8,RRF (BM25 + Cosine (int8)),179548,0,3041.359083959833
quora,rrf_cosine_int8,RRF (BM25 + Cosine (int8)),179548,1,2945.425209007226
quora,rrf_cosine_int8,RRF (BM25 + Cosine (int8)),179548,2,2930.842124973424
quora,rrf_cosine_int8,RRF (BM25 + Cosine (int8)),179548,3,2944.2272919695824
quora,rrf_cosine_int8,RRF (BM25 + Cosine (int8)),179548,4,2998.838416999206
quora,rrf_cosine_int8,RRF (BM25 + Cosine (int8)),179548,5,2946.516208932735
quora,rrf_cosine_int8,RRF (BM25 + Cosine (int8)),179548,6,2911.531457910314
quora,rrf_cosine_int8,RRF (BM25 + Cosine (int8)),179548,7,2959.5370409078896
quora,rrf_cosine_int8,RRF (BM25 + Cosine (int8)),179548,8,3116.9740830082446
quora,rrf_cosine_int8,RRF (BM25 + Cosine (int8)),179548,9,3420.2994169900194
quora,rrf_cosine_int8,RRF (BM25 + Cosine (int8)),466843,0,3536.264625028707
quora,rrf_cosine_int8,RRF (BM25 + Cosine (int8)),466843,1,3013.769624987617
quora,rrf_cosine_int8,RRF (BM25 + Cosine (int8)),466843,2,3009.1124169994146
quora,rrf_cosine_int8,RRF (BM25 + Cosine (int8)),466843,3,2987.7471659565344
quora,rrf_cosine_int8,RRF (BM25 + Cosine (int8)),466843,4,2971.152250072919
quora,rrf_cosine_int8,RRF (BM25 + Cosine (int8)),466843,5,2967.7686659852043
quora,rrf_cosine_int8,RRF (BM25 + Cosine (int8)),466843,6,2989.7938339272514
quora,rrf_cosine_int8,RRF (BM25 + Cosine (int8)),466843,7,2976.228000014089
quora,rrf_cosine_int8,RRF (BM25 + Cosine (int8)),466843,8,3056.5421669743955
quora,rrf_cosine_int8,RRF (BM25 + Cosine (int8)),466843,9,2970.1747910585254
quora,rrf_cosine_int8,RRF (BM25 + Cosine (int8)),314270,0,3239.8828340228647
quora,rrf_cosine_int8,RRF (BM25 + Cosine (int8)),314270,1,3406.808041036129
quora,rrf_cosine_int8,RRF (BM25 + Cosine (int8)),314270,2,3188.9720829203725
quora,rrf_cosine_int8,RRF (BM25 + Cosine (int8)),314270,3,3271.4154589921236
quora,rrf_cosine_int8,RRF (BM25 + Cosine (int8)),314270,4,3475.647332961671
quora,rrf_cosine_int8,RRF (BM25 + Cosine (int8)),314270,5,3105.1983749493957
quora,rrf_cosine_int8,RRF (BM25 + Cosine (int8)),314270,6,3225.230125011876
quora,rrf_cosine_int8,RRF (BM25 + Cosine (int8)),314270,7,3160.5058340355754
quora,rrf_cosine_int8,RRF (BM25 + Cosine (int8)),314270,8,3091.096749994904
quora,rrf_cosine_int8,RRF (BM25 + Cosine (int8)),314270,9,3104.760374990292
quora,rrf_cosine_float,RRF (BM25 + Cosine (float)),406292,0,7759.9785410566255
quora,rrf_cosine_float,RRF (BM25 + Cosine (float)),406292,1,7823.725791997276
quora,rrf_cosine_float,RRF (BM25 + Cosine (float)),406292,2,7684.175750007853
quora,rrf_cosine_float,RRF (BM25 + Cosine (float)),406292,3,7673.563165939413
quora,rrf_cosine_float,RRF (BM25 + Cosine (float)),406292,4,8168.284666957334
quora,rrf_cosine_float,RRF (BM25 + Cosine (float)),406292,5,7717.305250000209
quora,rrf_cosine_float,RRF (BM25 + Cosine (float)),406292,6,7770.394124905579
quora,rrf_cosine_float,RRF (BM25 + Cosine (float)),406292,7,7778.229874907993
quora,rrf_cosine_float,RRF (BM25 + Cosine (float)),406292,8,7955.96679195296
quora,rrf_cosine_float,RRF (BM25 + Cosine (float)),406292,9,7920.890667010099
quora,rrf_cosine_float,RRF (BM25 + Cosine (float)),241097,0,7598.718750057742
quora,rrf_cosine_float,RRF (BM25 + Cosine (float)),241097,1,7614.559167064726
quora,rrf_cosine_float,RRF (BM25 + Cosine (float)),241097,2,7683.834625058807
quora,rrf_cosine_float,RRF (BM25 + Cosine (float)),241097,3,7637.46012491174
quora,rrf_cosine_float,RRF (BM25 + Cosine (float)),241097,4,7663.487041951157
quora,rrf_cosine_float,RRF (BM25 + Cosine (float)),241097,5,7683.842499973252
quora,rrf_cosine_float,RRF (BM25 + Cosine (float)),241097,6,7748.363124905154
quora,rrf_cosine_float,RRF (BM25 + Cosine (float)),241097,7,7674.122542026453
quora,rrf_cosine_float,RRF (BM25 + Cosine (float)),241097,8,7738.531667040661
quora,rrf_cosine_float,RRF (BM25 + Cosine (float)),241097,9,7851.148125017062
quora,rrf_cosine_float,RRF (BM25 + Cosine (float)),53260,0,7826.3292498886585
quora,rrf_cosine_float,RRF (BM25 + Cosine (float)),53260,1,7591.6015829425305
quora,rrf_cosine_float,RRF (BM25 + Cosine (float)),53260,2,7890.831624972634
quora,rrf_cosine_float,RRF (BM25 + Cosine (float)),53260,3,7591.481624986045
quora,rrf_cosine_float,RRF (BM25 + Cosine (float)),53260,4,7487.6430839067325
quora,rrf_cosine_float,RRF (BM25 + Cosine (float)),53260,5,7552.356833941303
quora,rrf_cosine_float,RRF (BM25 + Cosine (float)),53260,6,7643.572708941065
quora,rrf_cosine_float,RRF (BM25 + Cosine (float)),53260,7,7819.562416989356
quora,rrf_cosine_float,RRF (BM25 + Cosine (float)),53260,8,7449.248292017728
quora,rrf_cosine_float,RRF (BM25 + Cosine (float)),53260,9,7542.574833962135
quora,rrf_cosine_float,RRF (BM25 + Cosine (float)),78856,0,7377.797208027914
quora,rrf_cosine_float,RRF (BM25 + Cosine (float)),78856,1,7364.734333008528
quora,rrf_cosine_float,RRF (BM25 + Cosine (float)),78856,2,7334.579083020799
quora,rrf_cosine_float,RRF (BM25 + Cosine (float)),78856,3,7697.694708942436
quora,rrf_cosine_float,RRF (BM25 + Cosine (float)),78856,4,7718.571166973561
quora,rrf_cosine_float,RRF (BM25 + Cosine (float)),78856,5,7581.174292019568
quora,rrf_cosine_float,RRF (BM25 + Cosine (float)),78856,6,7370.234625064768
quora,rrf_cosine_float,RRF (BM25 + Cosine (float)),78856,7,7601.758791017346
quora,rrf_cosine_float,RRF (BM25 + Cosine (float)),78856,8,7746.16199999582
quora,rrf_cosine_float,RRF (BM25 + Cosine (float)),78856,9,7751.468832953833
quora,rrf_cosine_float,RRF (BM25 + Cosine (float)),10373,0,7786.685000057332
quora,rrf_cosine_float,RRF (BM25 + Cosine (float)),10373,1,7738.748708041385
quora,rrf_cosine_float,RRF (BM25 + Cosine (float)),10373,2,7640.903708059341
quora,rrf_cosine_float,RRF (BM25 + Cosine (float)),10373,3,7593.268082942814
quora,rrf_cosine_float,RRF (BM25 + Cosine (float)),10373,4,7705.492292065173
quora,rrf_cosine_float,RRF (BM25 + Cosine (float)),10373,5,7614.235208951868
quora,rrf_cosine_float,RRF (BM25 + Cosine (float)),10373,6,7777.174958959222
quora,rrf_cosine_float,RRF (BM25 + Cosine (float)),10373,7,7753.299291944131
quora,rrf_cosine_float,RRF (BM25 + Cosine (float)),10373,8,8137.904500006698
quora,rrf_cosine_float,RRF (BM25 + Cosine (float)),10373,9,7789.729041978717
quora,rrf_cosine_float,RRF (BM25 + Cosine (float)),501435,0,8241.505749989301
quora,rrf_cosine_float,RRF (BM25 + Cosine (float)),501435,1,7569.163583917543
quora,rrf_cosine_float,RRF (BM25 + Cosine (float)),501435,2,7409.601791994646
quora,rrf_cosine_float,RRF (BM25 + Cosine (float)),501435,3,7545.006832922809
quora,rrf_cosine_float,RRF (BM25 + Cosine (float)),501435,4,7476.712959003635
quora,rrf_cosine_float,RRF (BM25 + Cosine (float)),501435,5,7480.020249960944
quora,rrf_cosine_float,RRF (BM25 + Cosine (float)),501435,6,7596.013790927827
quora,rrf_cosine_float,RRF (BM25 + Cosine (float)),501435,7,7423.81504108198
quora,rrf_cosine_float,RRF (BM25 + Cosine (float)),501435,8,7458.658833056688
quora,rrf_cosine_float,RRF (BM25 + Cosine (float)),501435,9,7419.938917038962
quora,rrf_cosine_float,RRF (BM25 + Cosine (float)),530570,0,7329.687374993227
quora,rrf_cosine_float,RRF (BM25 + Cosine (float)),530570,1,7385.881207999773
quora,rrf_cosine_float,RRF (BM25 + Cosine (float)),530570,2,7552.744665998034
quora,rrf_cosine_float,RRF (BM25 + Cosine (float)),530570,3,7728.042542003095
quora,rrf_cosine_float,RRF (BM25 + Cosine (float)),530570,4,7635.8218339737505
quora,rrf_cosine_float,RRF (BM25 + Cosine (float)),530570,5,7502.562207984738
quora,rrf_cosine_float,RRF (BM25 + Cosine (float)),530570,6,7499.666457995772
quora,rrf_cosine_float,RRF (BM25 + Cosine (float)),530570,7,7547.189666074701
quora,rrf_cosine_float,RRF (BM25 + Cosine (float)),530570,8,7831.370959058404
quora,rrf_cosine_float,RRF (BM25 + Cosine (float)),530570,9,7388.956542010419
quora,rrf_cosine_float,RRF (BM25 + Cosine (float)),179548,0,7716.596165904775
quora,rrf_cosine_float,RRF (BM25 + Cosine (float)),179548,1,7989.8958329577
quora,rrf_cosine_float,RRF (BM25 + Cosine (float)),179548,2,7922.658708994277
quora,rrf_cosine_float,RRF (BM25 + Cosine (float)),179548,3,7621.438583009876
quora,rrf_cosine_float,RRF (BM25 + Cosine (float)),179548,4,7307.835457962938
quora,rrf_cosine_float,RRF (BM25 + Cosine (float)),179548,5,7353.7057909416035
quora,rrf_cosine_float,RRF (BM25 + Cosine (float)),179548,6,7527.571083046496
quora,rrf_cosine_float,RRF (BM25 + Cosine (float)),179548,7,7748.909541987814
quora,rrf_cosine_float,RRF (BM25 + Cosine (float)),179548,8,7902.518207905814
quora,rrf_cosine_float,RRF (BM25 + Cosine (float)),179548,9,7675.668332958594
quora,rrf_cosine_float,RRF (BM25 + Cosine (float)),466843,0,7790.574333979748
quora,rrf_cosine_float,RRF (BM25 + Cosine (float)),466843,1,7388.14270903822
quora,rrf_cosine_float,RRF (BM25 + Cosine (float)),466843,2,7399.482375010848
quora,rrf_cosine_float,RRF (BM25 + Cosine (float)),466843,3,7432.967333006673
quora,rrf_cosine_float,RRF (BM25 + Cosine (float)),466843,4,7451.744792051613
quora,rrf_cosine_float,RRF (BM25 + Cosine (float)),466843,5,7454.368292004801
quora,rrf_cosine_float,RRF (BM25 + Cosine (float)),466843,6,7558.799208025448
quora,rrf_cosine_float,RRF (BM25 + Cosine (float)),466843,7,7330.284790950827
quora,rrf_cosine_float,RRF (BM25 + Cosine (float)),466843,8,7249.399917083792
quora,rrf_cosine_float,RRF (BM25 + Cosine (float)),466843,9,7245.274292072281
quora,rrf_cosine_float,RRF (BM25 + Cosine (float)),314270,0,7439.247000031173
quora,rrf_cosine_float,RRF (BM25 + Cosine (float)),314270,1,7812.560040969402
quora,rrf_cosine_float,RRF (BM25 + Cosine (float)),314270,2,8166.674374951981
quora,rrf_cosine_float,RRF (BM25 + Cosine (float)),314270,3,7730.124374968
quora,rrf_cosine_float,RRF (BM25 + Cosine (float)),314270,4,8621.17679102812
quora,rrf_cosine_float,RRF (BM25 + Cosine (float)),314270,5,7811.393707990646
quora,rrf_cosine_float,RRF (BM25 + Cosine (float)),314270,6,9004.208624945022
quora,rrf_cosine_float,RRF (BM25 + Cosine (float)),314270,7,7642.900040955283
quora,rrf_cosine_float,RRF (BM25 + Cosine (float)),314270,8,7628.377333981916
quora,rrf_cosine_float,RRF (BM25 + Cosine (float)),314270,9,8391.96204196196
scidocs,bm25,BM25,4cbd3754645c60ad0c6f792c503be14b99ecd1db,0,39.917583926580846
scidocs,bm25,BM25,4cbd3754645c60ad0c6f792c503be14b99ecd1db,1,36.86274995561689
scidocs,bm25,BM25,4cbd3754645c60ad0c6f792c503be14b99ecd1db,2,36.82079096324742
scidocs,bm25,BM25,4cbd3754645c60ad0c6f792c503be14b99ecd1db,3,37.51795901916921
scidocs,bm25,BM25,4cbd3754645c60ad0c6f792c503be14b99ecd1db,4,40.45366705395281
scidocs,bm25,BM25,4cbd3754645c60ad0c6f792c503be14b99ecd1db,5,36.82720905635506
scidocs,bm25,BM25,4cbd3754645c60ad0c6f792c503be14b99ecd1db,6,36.801707930862904
scidocs,bm25,BM25,4cbd3754645c60ad0c6f792c503be14b99ecd1db,7,37.81708294991404
scidocs,bm25,BM25,4cbd3754645c60ad0c6f792c503be14b99ecd1db,8,37.7887919312343
scidocs,bm25,BM25,4cbd3754645c60ad0c6f792c503be14b99ecd1db,9,36.11845802515745
scidocs,bm25,BM25,3f42c32316c50b4a03de8c4597159c68a8d07776,0,26.66479197796434
scidocs,bm25,BM25,3f42c32316c50b4a03de8c4597159c68a8d07776,1,26.23974997550249
scidocs,bm25,BM25,3f42c32316c50b4a03de8c4597159c68a8d07776,2,26.43233397975564
scidocs,bm25,BM25,3f42c32316c50b4a03de8c4597159c68a8d07776,3,27.5492089567706
scidocs,bm25,BM25,3f42c32316c50b4a03de8c4597159c68a8d07776,4,26.31541690789163
scidocs,bm25,BM25,3f42c32316c50b4a03de8c4597159c68a8d07776,5,30.55729204788804
scidocs,bm25,BM25,3f42c32316c50b4a03de8c4597159c68a8d07776,6,29.757415992207825
scidocs,bm25,BM25,3f42c32316c50b4a03de8c4597159c68a8d07776,7,27.889000019058585
scidocs,bm25,BM25,3f42c32316c50b4a03de8c4597159c68a8d07776,8,27.78224996291101
scidocs,bm25,BM25,3f42c32316c50b4a03de8c4597159c68a8d07776,9,26.430792058818042
scidocs,bm25,BM25,240cd5f1b47a68c9dcc04b3921e69093c9a55b02,0,31.91770799458027
scidocs,bm25,BM25,240cd5f1b47a68c9dcc04b3921e69093c9a55b02,1,31.518916017375886
scidocs,bm25,BM25,240cd5f1b47a68c9dcc04b3921e69093c9a55b02,2,31.291333958506584
scidocs,bm25,BM25,240cd5f1b47a68c9dcc04b3921e69093c9a55b02,3,32.23612508736551
scidocs,bm25,BM25,240cd5f1b47a68c9dcc04b3921e69093c9a55b02,4,35.52666702307761
scidocs,bm25,BM25,240cd5f1b47a68c9dcc04b3921e69093c9a55b02,5,35.674332990311086
scidocs,bm25,BM25,240cd5f1b47a68c9dcc04b3921e69093c9a55b02,6,44.72816700581461
scidocs,bm25,BM25,240cd5f1b47a68c9dcc04b3921e69093c9a55b02,7,45.29641708359122
scidocs,bm25,BM25,240cd5f1b47a68c9dcc04b3921e69093c9a55b02,8,38.05708303116262
scidocs,bm25,BM25,240cd5f1b47a68c9dcc04b3921e69093c9a55b02,9,40.50124995410442
scidocs,bm25,BM25,30ef88ee401f70cf43b330b475d30f7f5e722630,0,37.35920903272927
scidocs,bm25,BM25,30ef88ee401f70cf43b330b475d30f7f5e722630,1,34.82637496199459
scidocs,bm25,BM25,30ef88ee401f70cf43b330b475d30f7f5e722630,2,33.44400005880743
scidocs,bm25,BM25,30ef88ee401f70cf43b330b475d30f7f5e722630,3,33.43320905696601
scidocs,bm25,BM25,30ef88ee401f70cf43b330b475d30f7f5e722630,4,94.60691595450044
scidocs,bm25,BM25,30ef88ee401f70cf43b330b475d30f7f5e722630,5,53.06733399629593
scidocs,bm25,BM25,30ef88ee401f70cf43b330b475d30f7f5e722630,6,37.973750033415854
scidocs,bm25,BM25,30ef88ee401f70cf43b330b475d30f7f5e722630,7,33.066750038415194
scidocs,bm25,BM25,30ef88ee401f70cf43b330b475d30f7f5e722630,8,33.12466701027006
scidocs,bm25,BM25,30ef88ee401f70cf43b330b475d30f7f5e722630,9,32.85087493713945
scidocs,bm25,BM25,fa3894d83f83d7d05f54b2c87158dc7a2288dc1c,0,55.092583992518485
scidocs,bm25,BM25,fa3894d83f83d7d05f54b2c87158dc7a2288dc1c,1,53.97629109211266
scidocs,bm25,BM25,fa3894d83f83d7d05f54b2c87158dc7a2288dc1c,2,53.61649999395013
scidocs,bm25,BM25,fa3894d83f83d7d05f54b2c87158dc7a2288dc1c,3,53.14195796381682
scidocs,bm25,BM25,fa3894d83f83d7d05f54b2c87158dc7a2288dc1c,4,52.77466599363834
scidocs,bm25,BM25,fa3894d83f83d7d05f54b2c87158dc7a2288dc1c,5,47.04420897178352
scidocs,bm25,BM25,fa3894d83f83d7d05f54b2c87158dc7a2288dc1c,6,46.999124926514924
scidocs,bm25,BM25,fa3894d83f83d7d05f54b2c87158dc7a2288dc1c,7,47.02049994375557
scidocs,bm25,BM25,fa3894d83f83d7d05f54b2c87158dc7a2288dc1c,8,48.56633394956589
scidocs,bm25,BM25,fa3894d83f83d7d05f54b2c87158dc7a2288dc1c,9,58.67554189171642
scidocs,bm25,BM25,bd034b87414c58fc731c193fdd37f59b3db883fa,0,27.53987500909716
scidocs,bm25,BM25,bd034b87414c58fc731c193fdd37f59b3db883fa,1,27.255624998360872
scidocs,bm25,BM25,bd034b87414c58fc731c193fdd37f59b3db883fa,2,27.215040987357497
scidocs,bm25,BM25,bd034b87414c58fc731c193fdd37f59b3db883fa,3,27.13329193647951
scidocs,bm25,BM25,bd034b87414c58fc731c193fdd37f59b3db883fa,4,27.200166950933635
scidocs,bm25,BM25,bd034b87414c58fc731c193fdd37f59b3db883fa,5,27.09679096005857
scidocs,bm25,BM25,bd034b87414c58fc731c193fdd37f59b3db883fa,6,27.13850000873208
scidocs,bm25,BM25,bd034b87414c58fc731c193fdd37f59b3db883fa,7,27.04895904753357
scidocs,bm25,BM25,bd034b87414c58fc731c193fdd37f59b3db883fa,8,27.11737505160272
scidocs,bm25,BM25,bd034b87414c58fc731c193fdd37f59b3db883fa,9,27.07362489309162
scidocs,bm25,BM25,4b96b327c8c128e07266f4059b76d1bc98d08a3a,0,45.91583297587931
scidocs,bm25,BM25,4b96b327c8c128e07266f4059b76d1bc98d08a3a,1,47.66379203647375
scidocs,bm25,BM25,4b96b327c8c128e07266f4059b76d1bc98d08a3a,2,47.26974992081523
scidocs,bm25,BM25,4b96b327c8c128e07266f4059b76d1bc98d08a3a,3,46.72016703989357
scidocs,bm25,BM25,4b96b327c8c128e07266f4059b76d1bc98d08a3a,4,48.76845900435001
scidocs,bm25,BM25,4b96b327c8c128e07266f4059b76d1bc98d08a3a,5,46.761541976593435
scidocs,bm25,BM25,4b96b327c8c128e07266f4059b76d1bc98d08a3a,6,46.45925003569573
scidocs,bm25,BM25,4b96b327c8c128e07266f4059b76d1bc98d08a3a,7,46.59254103899002
scidocs,bm25,BM25,4b96b327c8c128e07266f4059b76d1bc98d08a3a,8,45.60641595162451
scidocs,bm25,BM25,4b96b327c8c128e07266f4059b76d1bc98d08a3a,9,45.54550000466406
scidocs,bm25,BM25,19115f66f6ac1c02568bbb38eceedfa3521a8cc2,0,28.918624971993268
scidocs,bm25,BM25,19115f66f6ac1c02568bbb38eceedfa3521a8cc2,1,28.813541983254254
scidocs,bm25,BM25,19115f66f6ac1c02568bbb38eceedfa3521a8cc2,2,28.77091697882861
scidocs,bm25,BM25,19115f66f6ac1c02568bbb38eceedfa3521a8cc2,3,28.91479094978422
scidocs,bm25,BM25,19115f66f6ac1c02568bbb38eceedfa3521a8cc2,4,29.79662490542978
scidocs,bm25,BM25,19115f66f6ac1c02568bbb38eceedfa3521a8cc2,5,34.955541021190584
scidocs,bm25,BM25,19115f66f6ac1c02568bbb38eceedfa3521a8cc2,6,33.55404199101031
scidocs,bm25,BM25,19115f66f6ac1c02568bbb38eceedfa3521a8cc2,7,32.84912498202175
scidocs,bm25,BM25,19115f66f6ac1c02568bbb38eceedfa3521a8cc2,8,31.425375025719404
scidocs,bm25,BM25,19115f66f6ac1c02568bbb38eceedfa3521a8cc2,9,28.796917060390115
scidocs,bm25,BM25,16a8e0646724f730eb52216f9bc1284ddb630fd6,0,37.43033402133733
scidocs,bm25,BM25,16a8e0646724f730eb52216f9bc1284ddb630fd6,1,37.37129096407443
scidocs,bm25,BM25,16a8e0646724f730eb52216f9bc1284ddb630fd6,2,37.39195899106562
scidocs,bm25,BM25,16a8e0646724f730eb52216f9bc1284ddb630fd6,3,37.288042018190026
scidocs,bm25,BM25,16a8e0646724f730eb52216f9bc1284ddb630fd6,4,37.24620898719877
scidocs,bm25,BM25,16a8e0646724f730eb52216f9bc1284ddb630fd6,5,37.16916695702821
scidocs,bm25,BM25,16a8e0646724f730eb52216f9bc1284ddb630fd6,6,37.26195800118148
scidocs,bm25,BM25,16a8e0646724f730eb52216f9bc1284ddb630fd6,7,37.187500041909516
scidocs,bm25,BM25,16a8e0646724f730eb52216f9bc1284ddb630fd6,8,37.99149999395013
scidocs,bm25,BM25,16a8e0646724f730eb52216f9bc1284ddb630fd6,9,38.17816695664078
scidocs,bm25,BM25,54cd8bfbe670a2fd787ff079bdeb11244a2609e8,0,41.54241702053696
scidocs,bm25,BM25,54cd8bfbe670a2fd787ff079bdeb11244a2609e8,1,41.469666990451515
scidocs,bm25,BM25,54cd8bfbe670a2fd787ff079bdeb11244a2609e8,2,41.79329099133611
scidocs,bm25,BM25,54cd8bfbe670a2fd787ff079bdeb11244a2609e8,3,41.76208307035267
scidocs,bm25,BM25,54cd8bfbe670a2fd787ff079bdeb11244a2609e8,4,42.27820900268853
scidocs,bm25,BM25,54cd8bfbe670a2fd787ff079bdeb11244a2609e8,5,42.51758405007422
scidocs,bm25,BM25,54cd8bfbe670a2fd787ff079bdeb11244a2609e8,6,43.091375031508505
scidocs,bm25,BM25,54cd8bfbe670a2fd787ff079bdeb11244a2609e8,7,42.707041022367775
scidocs,bm25,BM25,54cd8bfbe670a2fd787ff079bdeb11244a2609e8,8,42.028166935779154
scidocs,bm25,BM25,54cd8bfbe670a2fd787ff079bdeb11244a2609e8,9,42.19837498385459
scidocs,bm25_hamming,BM25 + Hamming,4cbd3754645c60ad0c6f792c503be14b99ecd1db,0,51.20270804036409
scidocs,bm25_hamming,BM25 + Hamming,4cbd3754645c60ad0c6f792c503be14b99ecd1db,1,47.824124922044575
scidocs,bm25_hamming,BM25 + Hamming,4cbd3754645c60ad0c6f792c503be14b99ecd1db,2,47.460375004448
scidocs,bm25_hamming,BM25 + Hamming,4cbd3754645c60ad0c6f792c503be14b99ecd1db,3,49.41912507638335
scidocs,bm25_hamming,BM25 + Hamming,4cbd3754645c60ad0c6f792c503be14b99ecd1db,4,48.766582971438766
scidocs,bm25_hamming,BM25 + Hamming,4cbd3754645c60ad0c6f792c503be14b99ecd1db,5,48.360457993112504
scidocs,bm25_hamming,BM25 + Hamming,4cbd3754645c60ad0c6f792c503be14b99ecd1db,6,49.16529206093401
scidocs,bm25_hamming,BM25 + Hamming,4cbd3754645c60ad0c6f792c503be14b99ecd1db,7,52.84825002308935
scidocs,bm25_hamming,BM25 + Hamming,4cbd3754645c60ad0c6f792c503be14b99ecd1db,8,49.90037495736033
scidocs,bm25_hamming,BM25 + Hamming,4cbd3754645c60ad0c6f792c503be14b99ecd1db,9,48.45350002869964
scidocs,bm25_hamming,BM25 + Hamming,3f42c32316c50b4a03de8c4597159c68a8d07776,0,36.06266598217189
scidocs,bm25_hamming,BM25 + Hamming,3f42c32316c50b4a03de8c4597159c68a8d07776,1,36.68929100967944
scidocs,bm25_hamming,BM25 + Hamming,3f42c32316c50b4a03de8c4597159c68a8d07776,2,36.385082988999784
scidocs,bm25_hamming,BM25 + Hamming,3f42c32316c50b4a03de8c4597159c68a8d07776,3,35.72000004351139
scidocs,bm25_hamming,BM25 + Hamming,3f42c32316c50b4a03de8c4597159c68a8d07776,4,36.73129202798009
scidocs,bm25_hamming,BM25 + Hamming,3f42c32316c50b4a03de8c4597159c68a8d07776,5,36.07808309607208
scidocs,bm25_hamming,BM25 + Hamming,3f42c32316c50b4a03de8c4597159c68a8d07776,6,36.174749955534935
scidocs,bm25_hamming,BM25 + Hamming,3f42c32316c50b4a03de8c4597159c68a8d07776,7,39.401834015734494
scidocs,bm25_hamming,BM25 + Hamming,3f42c32316c50b4a03de8c4597159c68a8d07776,8,41.26987501513213
scidocs,bm25_hamming,BM25 + Hamming,3f42c32316c50b4a03de8c4597159c68a8d07776,9,38.13941706903279
scidocs,bm25_hamming,BM25 + Hamming,240cd5f1b47a68c9dcc04b3921e69093c9a55b02,0,44.858166947960854
scidocs,bm25_hamming,BM25 + Hamming,240cd5f1b47a68c9dcc04b3921e69093c9a55b02,1,42.69145801663399
scidocs,bm25_hamming,BM25 + Hamming,240cd5f1b47a68c9dcc04b3921e69093c9a55b02,2,42.02729091048241
scidocs,bm25_hamming,BM25 + Hamming,240cd5f1b47a68c9dcc04b3921e69093c9a55b02,3,42.47841704636812
scidocs,bm25_hamming,BM25 + Hamming,240cd5f1b47a68c9dcc04b3921e69093c9a55b02,4,42.6882499596104
scidocs,bm25_hamming,BM25 + Hamming,240cd5f1b47a68c9dcc04b3921e69093c9a55b02,5,42.846209020353854
scidocs,bm25_hamming,BM25 + Hamming,240cd5f1b47a68c9dcc04b3921e69093c9a55b02,6,42.85325005184859
scidocs,bm25_hamming,BM25 + Hamming,240cd5f1b47a68c9dcc04b3921e69093c9a55b02,7,43.23004197794944
scidocs,bm25_hamming,BM25 + Hamming,240cd5f1b47a68c9dcc04b3921e69093c9a55b02,8,42.774333036504686
scidocs,bm25_hamming,BM25 + Hamming,240cd5f1b47a68c9dcc04b3921e69093c9a55b02,9,44.737833086401224
scidocs,bm25_hamming,BM25 + Hamming,30ef88ee401f70cf43b330b475d30f7f5e722630,0,38.541499990969896
scidocs,bm25_hamming,BM25 + Hamming,30ef88ee401f70cf43b330b475d30f7f5e722630,1,39.82108400668949
scidocs,bm25_hamming,BM25 + Hamming,30ef88ee401f70cf43b330b475d30f7f5e722630,2,38.83187496103346
scidocs,bm25_hamming,BM25 + Hamming,30ef88ee401f70cf43b330b475d30f7f5e722630,3,39.35029194690287
scidocs,bm25_hamming,BM25 + Hamming,30ef88ee401f70cf43b330b475d30f7f5e722630,4,38.88283297419548
scidocs,bm25_hamming,BM25 + Hamming,30ef88ee401f70cf43b330b475d30f7f5e722630,5,39.52404099982232
scidocs,bm25_hamming,BM25 + Hamming,30ef88ee401f70cf43b330b475d30f7f5e722630,6,43.1862500263378
scidocs,bm25_hamming,BM25 + Hamming,30ef88ee401f70cf43b330b475d30f7f5e722630,7,44.406124972738326
scidocs,bm25_hamming,BM25 + Hamming,30ef88ee401f70cf43b330b475d30f7f5e722630,8,43.443000060506165
scidocs,bm25_hamming,BM25 + Hamming,30ef88ee401f70cf43b330b475d30f7f5e722630,9,43.47387491725385
scidocs,bm25_hamming,BM25 + Hamming,fa3894d83f83d7d05f54b2c87158dc7a2288dc1c,0,64.47887502145022
scidocs,bm25_hamming,BM25 + Hamming,fa3894d83f83d7d05f54b2c87158dc7a2288dc1c,1,63.643750036135316
scidocs,bm25_hamming,BM25 + Hamming,fa3894d83f83d7d05f54b2c87158dc7a2288dc1c,2,63.67116596084088
scidocs,bm25_hamming,BM25 + Hamming,fa3894d83f83d7d05f54b2c87158dc7a2288dc1c,3,63.53562499862164
scidocs,bm25_hamming,BM25 + Hamming,fa3894d83f83d7d05f54b2c87158dc7a2288dc1c,4,58.564750012010336
scidocs,bm25_hamming,BM25 + Hamming,fa3894d83f83d7d05f54b2c87158dc7a2288dc1c,5,58.42833302449435
scidocs,bm25_hamming,BM25 + Hamming,fa3894d83f83d7d05f54b2c87158dc7a2288dc1c,6,60.1440001046285
scidocs,bm25_hamming,BM25 + Hamming,fa3894d83f83d7d05f54b2c87158dc7a2288dc1c,7,73.72850005049258
scidocs,bm25_hamming,BM25 + Hamming,fa3894d83f83d7d05f54b2c87158dc7a2288dc1c,8,61.29987502936274
scidocs,bm25_hamming,BM25 + Hamming,fa3894d83f83d7d05f54b2c87158dc7a2288dc1c,9,59.98020898550749
scidocs,bm25_hamming,BM25 + Hamming,bd034b87414c58fc731c193fdd37f59b3db883fa,0,38.02629199344665
scidocs,bm25_hamming,BM25 + Hamming,bd034b87414c58fc731c193fdd37f59b3db883fa,1,38.71062502730638
scidocs,bm25_hamming,BM25 + Hamming,bd034b87414c58fc731c193fdd37f59b3db883fa,2,37.753458018414676
scidocs,bm25_hamming,BM25 + Hamming,bd034b87414c58fc731c193fdd37f59b3db883fa,3,38.50333392620087
scidocs,bm25_hamming,BM25 + Hamming,bd034b87414c58fc731c193fdd37f59b3db883fa,4,40.134542039595544
scidocs,bm25_hamming,BM25 + Hamming,bd034b87414c58fc731c193fdd37f59b3db883fa,5,50.04004098009318
scidocs,bm25_hamming,BM25 + Hamming,bd034b87414c58fc731c193fdd37f59b3db883fa,6,42.59687499143183
scidocs,bm25_hamming,BM25 + Hamming,bd034b87414c58fc731c193fdd37f59b3db883fa,7,41.19050002191216
scidocs,bm25_hamming,BM25 + Hamming,bd034b87414c58fc731c193fdd37f59b3db883fa,8,41.01091704797
scidocs,bm25_hamming,BM25 + Hamming,bd034b87414c58fc731c193fdd37f59b3db883fa,9,39.448708994314075
scidocs,bm25_hamming,BM25 + Hamming,4b96b327c8c128e07266f4059b76d1bc98d08a3a,0,53.865915979258716
scidocs,bm25_hamming,BM25 + Hamming,4b96b327c8c128e07266f4059b76d1bc98d08a3a,1,53.501291084103286
scidocs,bm25_hamming,BM25 + Hamming,4b96b327c8c128e07266f4059b76d1bc98d08a3a,2,53.56820905581117
scidocs,bm25_hamming,BM25 + Hamming,4b96b327c8c128e07266f4059b76d1bc98d08a3a,3,55.346791981719434
scidocs,bm25_hamming,BM25 + Hamming,4b96b327c8c128e07266f4059b76d1bc98d08a3a,4,59.8630829481408
scidocs,bm25_hamming,BM25 + Hamming,4b96b327c8c128e07266f4059b76d1bc98d08a3a,5,59.84641599934548
scidocs,bm25_hamming,BM25 + Hamming,4b96b327c8c128e07266f4059b76d1bc98d08a3a,6,60.12962502427399
scidocs,bm25_hamming,BM25 + Hamming,4b96b327c8c128e07266f4059b76d1bc98d08a3a,7,58.03674994967878
scidocs,bm25_hamming,BM25 + Hamming,4b96b327c8c128e07266f4059b76d1bc98d08a3a,8,54.69712498597801
scidocs,bm25_hamming,BM25 + Hamming,4b96b327c8c128e07266f4059b76d1bc98d08a3a,9,54.324209108017385
scidocs,bm25_hamming,BM25 + Hamming,19115f66f6ac1c02568bbb38eceedfa3521a8cc2,0,36.8349589407444
scidocs,bm25_hamming,BM25 + Hamming,19115f66f6ac1c02568bbb38eceedfa3521a8cc2,1,36.6582500282675
scidocs,bm25_hamming,BM25 + Hamming,19115f66f6ac1c02568bbb38eceedfa3521a8cc2,2,37.10279194638133
scidocs,bm25_hamming,BM25 + Hamming,19115f66f6ac1c02568bbb38eceedfa3521a8cc2,3,37.454667035490274
scidocs,bm25_hamming,BM25 + Hamming,19115f66f6ac1c02568bbb38eceedfa3521a8cc2,4,37.27025003172457
scidocs,bm25_hamming,BM25 + Hamming,19115f66f6ac1c02568bbb38eceedfa3521a8cc2,5,37.11250005289912
scidocs,bm25_hamming,BM25 + Hamming,19115f66f6ac1c02568bbb38eceedfa3521a8cc2,6,40.37720803171396
scidocs,bm25_hamming,BM25 + Hamming,19115f66f6ac1c02568bbb38eceedfa3521a8cc2,7,231.37945809867233
scidocs,bm25_hamming,BM25 + Hamming,19115f66f6ac1c02568bbb38eceedfa3521a8cc2,8,37.40225010551512
scidocs,bm25_hamming,BM25 + Hamming,19115f66f6ac1c02568bbb38eceedfa3521a8cc2,9,36.822125082835555
scidocs,bm25_hamming,BM25 + Hamming,16a8e0646724f730eb52216f9bc1284ddb630fd6,0,46.04683292564005
scidocs,bm25_hamming,BM25 + Hamming,16a8e0646724f730eb52216f9bc1284ddb630fd6,1,45.21779203787446
scidocs,bm25_hamming,BM25 + Hamming,16a8e0646724f730eb52216f9bc1284ddb630fd6,2,45.547750080004334
scidocs,bm25_hamming,BM25 + Hamming,16a8e0646724f730eb52216f9bc1284ddb630fd6,3,45.31725007109344
scidocs,bm25_hamming,BM25 + Hamming,16a8e0646724f730eb52216f9bc1284ddb630fd6,4,46.249667066149414
scidocs,bm25_hamming,BM25 + Hamming,16a8e0646724f730eb52216f9bc1284ddb630fd6,5,46.147124958224595
scidocs,bm25_hamming,BM25 + Hamming,16a8e0646724f730eb52216f9bc1284ddb630fd6,6,45.78454198781401
scidocs,bm25_hamming,BM25 + Hamming,16a8e0646724f730eb52216f9bc1284ddb630fd6,7,45.29599996749312
scidocs,bm25_hamming,BM25 + Hamming,16a8e0646724f730eb52216f9bc1284ddb630fd6,8,45.755417086184025
scidocs,bm25_hamming,BM25 + Hamming,16a8e0646724f730eb52216f9bc1284ddb630fd6,9,45.612874906510115
scidocs,bm25_hamming,BM25 + Hamming,54cd8bfbe670a2fd787ff079bdeb11244a2609e8,0,53.503874922171235
scidocs,bm25_hamming,BM25 + Hamming,54cd8bfbe670a2fd787ff079bdeb11244a2609e8,1,50.09237502235919
scidocs,bm25_hamming,BM25 + Hamming,54cd8bfbe670a2fd787ff079bdeb11244a2609e8,2,49.89887506235391
scidocs,bm25_hamming,BM25 + Hamming,54cd8bfbe670a2fd787ff079bdeb11244a2609e8,3,60.62883301638067
scidocs,bm25_hamming,BM25 + Hamming,54cd8bfbe670a2fd787ff079bdeb11244a2609e8,4,59.269333025440574
scidocs,bm25_hamming,BM25 + Hamming,54cd8bfbe670a2fd787ff079bdeb11244a2609e8,5,54.277374991215765
scidocs,bm25_hamming,BM25 + Hamming,54cd8bfbe670a2fd787ff079bdeb11244a2609e8,6,52.186999935656786
scidocs,bm25_hamming,BM25 + Hamming,54cd8bfbe670a2fd787ff079bdeb11244a2609e8,7,50.75799999758601
scidocs,bm25_hamming,BM25 + Hamming,54cd8bfbe670a2fd787ff079bdeb11244a2609e8,8,51.21762491762638
scidocs,bm25_hamming,BM25 + Hamming,54cd8bfbe670a2fd787ff079bdeb11244a2609e8,9,53.879500017501414
scidocs,bm25_cosine_int8,BM25 + Cosine (int8),4cbd3754645c60ad0c6f792c503be14b99ecd1db,0,74.49891697615385
scidocs,bm25_cosine_int8,BM25 + Cosine (int8),4cbd3754645c60ad0c6f792c503be14b99ecd1db,1,71.27170800231397
scidocs,bm25_cosine_int8,BM25 + Cosine (int8),4cbd3754645c60ad0c6f792c503be14b99ecd1db,2,71.07525004539639
scidocs,bm25_cosine_int8,BM25 + Cosine (int8),4cbd3754645c60ad0c6f792c503be14b99ecd1db,3,74.58774989936501
scidocs,bm25_cosine_int8,BM25 + Cosine (int8),4cbd3754645c60ad0c6f792c503be14b99ecd1db,4,80.40037495084107
scidocs,bm25_cosine_int8,BM25 + Cosine (int8),4cbd3754645c60ad0c6f792c503be14b99ecd1db,5,86.65637497324497
scidocs,bm25_cosine_int8,BM25 + Cosine (int8),4cbd3754645c60ad0c6f792c503be14b99ecd1db,6,76.43354195170105
scidocs,bm25_cosine_int8,BM25 + Cosine (int8),4cbd3754645c60ad0c6f792c503be14b99ecd1db,7,77.5862910086289
scidocs,bm25_cosine_int8,BM25 + Cosine (int8),4cbd3754645c60ad0c6f792c503be14b99ecd1db,8,76.07954100240022
scidocs,bm25_cosine_int8,BM25 + Cosine (int8),4cbd3754645c60ad0c6f792c503be14b99ecd1db,9,77.5034159887582
scidocs,bm25_cosine_int8,BM25 + Cosine (int8),3f42c32316c50b4a03de8c4597159c68a8d07776,0,69.99524997081608
scidocs,bm25_cosine_int8,BM25 + Cosine (int8),3f42c32316c50b4a03de8c4597159c68a8d07776,1,67.01241608243436
scidocs,bm25_cosine_int8,BM25 + Cosine (int8),3f42c32316c50b4a03de8c4597159c68a8d07776,2,63.82645899429917
scidocs,bm25_cosine_int8,BM25 + Cosine (int8),3f42c32316c50b4a03de8c4597159c68a8d07776,3,61.94058305118233
scidocs,bm25_cosine_int8,BM25 + Cosine (int8),3f42c32316c50b4a03de8c4597159c68a8d07776,4,60.93370798043907
scidocs,bm25_cosine_int8,BM25 + Cosine (int8),3f42c32316c50b4a03de8c4597159c68a8d07776,5,58.839958044700325
scidocs,bm25_cosine_int8,BM25 + Cosine (int8),3f42c32316c50b4a03de8c4597159c68a8d07776,6,68.99704202078283
scidocs,bm25_cosine_int8,BM25 + Cosine (int8),3f42c32316c50b4a03de8c4597159c68a8d07776,7,68.98787501268089
scidocs,bm25_cosine_int8,BM25 + Cosine (int8),3f42c32316c50b4a03de8c4597159c68a8d07776,8,62.43108306080103
scidocs,bm25_cosine_int8,BM25 + Cosine (int8),3f42c32316c50b4a03de8c4597159c68a8d07776,9,62.67037498764694
scidocs,bm25_cosine_int8,BM25 + Cosine (int8),240cd5f1b47a68c9dcc04b3921e69093c9a55b02,0,67.24487501196563
scidocs,bm25_cosine_int8,BM25 + Cosine (int8),240cd5f1b47a68c9dcc04b3921e69093c9a55b02,1,74.9641249421984
scidocs,bm25_cosine_int8,BM25 + Cosine (int8),240cd5f1b47a68c9dcc04b3921e69093c9a55b02,2,82.70770905073732
scidocs,bm25_cosine_int8,BM25 + Cosine (int8),240cd5f1b47a68c9dcc04b3921e69093c9a55b02,3,77.20083300955594
scidocs,bm25_cosine_int8,BM25 + Cosine (int8),240cd5f1b47a68c9dcc04b3921e69093c9a55b02,4,75.11308300308883
scidocs,bm25_cosine_int8,BM25 + Cosine (int8),240cd5f1b47a68c9dcc04b3921e69093c9a55b02,5,77.66295794863254
scidocs,bm25_cosine_int8,BM25 + Cosine (int8),240cd5f1b47a68c9dcc04b3921e69093c9a55b02,6,102.49600000679493
scidocs,bm25_cosine_int8,BM25 + Cosine (int8),240cd5f1b47a68c9dcc04b3921e69093c9a55b02,7,81.14537503570318
scidocs,bm25_cosine_int8,BM25 + Cosine (int8),240cd5f1b47a68c9dcc04b3921e69093c9a55b02,8,72.31145806144923
scidocs,bm25_cosine_int8,BM25 + Cosine (int8),240cd5f1b47a68c9dcc04b3921e69093c9a55b02,9,69.50862496159971
scidocs,bm25_cosine_int8,BM25 + Cosine (int8),30ef88ee401f70cf43b330b475d30f7f5e722630,0,65.43133303057402
scidocs,bm25_cosine_int8,BM25 + Cosine (int8),30ef88ee401f70cf43b330b475d30f7f5e722630,1,66.66779110673815
scidocs,bm25_cosine_int8,BM25 + Cosine (int8),30ef88ee401f70cf43b330b475d30f7f5e722630,2,66.52662495616823
scidocs,bm25_cosine_int8,BM25 + Cosine (int8),30ef88ee401f70cf43b330b475d30f7f5e722630,3,66.92341703455895
scidocs,bm25_cosine_int8,BM25 + Cosine (int8),30ef88ee401f70cf43b330b475d30f7f5e722630,4,67.91737489402294
scidocs,bm25_cosine_int8,BM25 + Cosine (int8),30ef88ee401f70cf43b330b475d30f7f5e722630,5,68.81550000980496
scidocs,bm25_cosine_int8,BM25 + Cosine (int8),30ef88ee401f70cf43b330b475d30f7f5e722630,6,62.0557910297066
scidocs,bm25_cosine_int8,BM25 + Cosine (int8),30ef88ee401f70cf43b330b475d30f7f5e722630,7,65.62345800921321
scidocs,bm25_cosine_int8,BM25 + Cosine (int8),30ef88ee401f70cf43b330b475d30f7f5e722630,8,62.28412501513958
scidocs,bm25_cosine_int8,BM25 + Cosine (int8),30ef88ee401f70cf43b330b475d30f7f5e722630,9,62.93279200326651
scidocs,bm25_cosine_int8,BM25 + Cosine (int8),fa3894d83f83d7d05f54b2c87158dc7a2288dc1c,0,96.5138750616461
scidocs,bm25_cosine_int8,BM25 + Cosine (int8),fa3894d83f83d7d05f54b2c87158dc7a2288dc1c,1,92.48783392831683
scidocs,bm25_cosine_int8,BM25 + Cosine (int8),fa3894d83f83d7d05f54b2c87158dc7a2288dc1c,2,94.20420799870044
scidocs,bm25_cosine_int8,BM25 + Cosine (int8),fa3894d83f83d7d05f54b2c87158dc7a2288dc1c,3,90.47675004694611
scidocs,bm25_cosine_int8,BM25 + Cosine (int8),fa3894d83f83d7d05f54b2c87158dc7a2288dc1c,4,84.69283301383257
scidocs,bm25_cosine_int8,BM25 + Cosine (int8),fa3894d83f83d7d05f54b2c87158dc7a2288dc1c,5,87.90945797227323
scidocs,bm25_cosine_int8,BM25 + Cosine (int8),fa3894d83f83d7d05f54b2c87158dc7a2288dc1c,6,85.56066697929054
scidocs,bm25_cosine_int8,BM25 + Cosine (int8),fa3894d83f83d7d05f54b2c87158dc7a2288dc1c,7,90.28141689486802
scidocs,bm25_cosine_int8,BM25 + Cosine (int8),fa3894d83f83d7d05f54b2c87158dc7a2288dc1c,8,90.77112504746765
scidocs,bm25_cosine_int8,BM25 + Cosine (int8),fa3894d83f83d7d05f54b2c87158dc7a2288dc1c,9,93.29874999821186
scidocs,bm25_cosine_int8,BM25 + Cosine (int8),bd034b87414c58fc731c193fdd37f59b3db883fa,0,67.52149993553758
scidocs,bm25_cosine_int8,BM25 + Cosine (int8),bd034b87414c58fc731c193fdd37f59b3db883fa,1,74.74158308468759
scidocs,bm25_cosine_int8,BM25 + Cosine (int8),bd034b87414c58fc731c193fdd37f59b3db883fa,2,86.6710830014199
scidocs,bm25_cosine_int8,BM25 + Cosine (int8),bd034b87414c58fc731c193fdd37f59b3db883fa,3,71.28279202152044
scidocs,bm25_cosine_int8,BM25 + Cosine (int8),bd034b87414c58fc731c193fdd37f59b3db883fa,4,69.09058301243931
scidocs,bm25_cosine_int8,BM25 + Cosine (int8),bd034b87414c58fc731c193fdd37f59b3db883fa,5,66.67537509929389
scidocs,bm25_cosine_int8,BM25 + Cosine (int8),bd034b87414c58fc731c193fdd37f59b3db883fa,6,74.22737497836351
scidocs,bm25_cosine_int8,BM25 + Cosine (int8),bd034b87414c58fc731c193fdd37f59b3db883fa,7,67.77508300729096
scidocs,bm25_cosine_int8,BM25 + Cosine (int8),bd034b87414c58fc731c193fdd37f59b3db883fa,8,64.13025001529604
scidocs,bm25_cosine_int8,BM25 + Cosine (int8),bd034b87414c58fc731c193fdd37f59b3db883fa,9,61.74162495881319
scidocs,bm25_cosine_int8,BM25 + Cosine (int8),4b96b327c8c128e07266f4059b76d1bc98d08a3a,0,84.33858398348093
scidocs,bm25_cosine_int8,BM25 + Cosine (int8),4b96b327c8c128e07266f4059b76d1bc98d08a3a,1,88.6452499544248
scidocs,bm25_cosine_int8,BM25 + Cosine (int8),4b96b327c8c128e07266f4059b76d1bc98d08a3a,2,90.86400002706796
scidocs,bm25_cosine_int8,BM25 + Cosine (int8),4b96b327c8c128e07266f4059b76d1bc98d08a3a,3,131.13550003618002
scidocs,bm25_cosine_int8,BM25 + Cosine (int8),4b96b327c8c128e07266f4059b76d1bc98d08a3a,4,88.82733399514109
scidocs,bm25_cosine_int8,BM25 + Cosine (int8),4b96b327c8c128e07266f4059b76d1bc98d08a3a,5,79.74904193542898
scidocs,bm25_cosine_int8,BM25 + Cosine (int8),4b96b327c8c128e07266f4059b76d1bc98d08a3a,6,79.18958307709545
scidocs,bm25_cosine_int8,BM25 + Cosine (int8),4b96b327c8c128e07266f4059b76d1bc98d08a3a,7,89.33470793999732
scidocs,bm25_cosine_int8,BM25 + Cosine (int8),4b96b327c8c128e07266f4059b76d1bc98d08a3a,8,95.88687494397163
scidocs,bm25_cosine_int8,BM25 + Cosine (int8),4b96b327c8c128e07266f4059b76d1bc98d08a3a,9,93.21800002362579
scidocs,bm25_cosine_int8,BM25 + Cosine (int8),19115f66f6ac1c02568bbb38eceedfa3521a8cc2,0,85.09154105558991
scidocs,bm25_cosine_int8,BM25 + Cosine (int8),19115f66f6ac1c02568bbb38eceedfa3521a8cc2,1,76.08208304736763
scidocs,bm25_cosine_int8,BM25 + Cosine (int8),19115f66f6ac1c02568bbb38eceedfa3521a8cc2,2,83.95929099060595
scidocs,bm25_cosine_int8,BM25 + Cosine (int8),19115f66f6ac1c02568bbb38eceedfa3521a8cc2,3,65.61987497843802
scidocs,bm25_cosine_int8,BM25 + Cosine (int8),19115f66f6ac1c02568bbb38eceedfa3521a8cc2,4,67.87195801734924
scidocs,bm25_cosine_int8,BM25 + Cosine (int8),19115f66f6ac1c02568bbb38eceedfa3521a8cc2,5,70.26283303275704
scidocs,bm25_cosine_int8,BM25 + Cosine (int8),19115f66f6ac1c02568bbb38eceedfa3521a8cc2,6,83.9857499813661
scidocs,bm25_cosine_int8,BM25 + Cosine (int8),19115f66f6ac1c02568bbb38eceedfa3521a8cc2,7,76.13808300811797
scidocs,bm25_cosine_int8,BM25 + Cosine (int8),19115f66f6ac1c02568bbb38eceedfa3521a8cc2,8,68.00445902626961
scidocs,bm25_cosine_int8,BM25 + Cosine (int8),19115f66f6ac1c02568bbb38eceedfa3521a8cc2,9,65.97429199609905
scidocs,bm25_cosine_int8,BM25 + Cosine (int8),16a8e0646724f730eb52216f9bc1284ddb630fd6,0,88.96045794244856
scidocs,bm25_cosine_int8,BM25 + Cosine (int8),16a8e0646724f730eb52216f9bc1284ddb630fd6,1,68.7353330431506
scidocs,bm25_cosine_int8,BM25 + Cosine (int8),16a8e0646724f730eb52216f9bc1284ddb630fd6,2,69.08891594503075
scidocs,bm25_cosine_int8,BM25 + Cosine (int8),16a8e0646724f730eb52216f9bc1284ddb630fd6,3,79.43683303892612
scidocs,bm25_cosine_int8,BM25 + Cosine (int8),16a8e0646724f730eb52216f9bc1284ddb630fd6,4,77.002833946608
scidocs,bm25_cosine_int8,BM25 + Cosine (int8),16a8e0646724f730eb52216f9bc1284ddb630fd6,5,79.6182919293642
scidocs,bm25_cosine_int8,BM25 + Cosine (int8),16a8e0646724f730eb52216f9bc1284ddb630fd6,6,76.44295797217637
scidocs,bm25_cosine_int8,BM25 + Cosine (int8),16a8e0646724f730eb52216f9bc1284ddb630fd6,7,73.81966605316848
scidocs,bm25_cosine_int8,BM25 + Cosine (int8),16a8e0646724f730eb52216f9bc1284ddb630fd6,8,72.93429097626358
scidocs,bm25_cosine_int8,BM25 + Cosine (int8),16a8e0646724f730eb52216f9bc1284ddb630fd6,9,70.9267919883132
scidocs,bm25_cosine_int8,BM25 + Cosine (int8),54cd8bfbe670a2fd787ff079bdeb11244a2609e8,0,82.40708301309496
scidocs,bm25_cosine_int8,BM25 + Cosine (int8),54cd8bfbe670a2fd787ff079bdeb11244a2609e8,1,74.31358401663601
scidocs,bm25_cosine_int8,BM25 + Cosine (int8),54cd8bfbe670a2fd787ff079bdeb11244a2609e8,2,75.03750000614673
scidocs,bm25_cosine_int8,BM25 + Cosine (int8),54cd8bfbe670a2fd787ff079bdeb11244a2609e8,3,74.31508298031986
scidocs,bm25_cosine_int8,BM25 + Cosine (int8),54cd8bfbe670a2fd787ff079bdeb11244a2609e8,4,75.66858304198831
scidocs,bm25_cosine_int8,BM25 + Cosine (int8),54cd8bfbe670a2fd787ff079bdeb11244a2609e8,5,77.28004199452698
scidocs,bm25_cosine_int8,BM25 + Cosine (int8),54cd8bfbe670a2fd787ff079bdeb11244a2609e8,6,78.50366702768952
scidocs,bm25_cosine_int8,BM25 + Cosine (int8),54cd8bfbe670a2fd787ff079bdeb11244a2609e8,7,75.68441703915596
scidocs,bm25_cosine_int8,BM25 + Cosine (int8),54cd8bfbe670a2fd787ff079bdeb11244a2609e8,8,76.94125000853091
scidocs,bm25_cosine_int8,BM25 + Cosine (int8),54cd8bfbe670a2fd787ff079bdeb11244a2609e8,9,78.74112494755536
scidocs,bm25_cosine_float,BM25 + Cosine (float),4cbd3754645c60ad0c6f792c503be14b99ecd1db,0,170.70933303330094
scidocs,bm25_cosine_float,BM25 + Cosine (float),4cbd3754645c60ad0c6f792c503be14b99ecd1db,1,169.105458073318
scidocs,bm25_cosine_float,BM25 + Cosine (float),4cbd3754645c60ad0c6f792c503be14b99ecd1db,2,175.79120793379843
scidocs,bm25_cosine_float,BM25 + Cosine (float),4cbd3754645c60ad0c6f792c503be14b99ecd1db,3,172.85295797046274
scidocs,bm25_cosine_float,BM25 + Cosine (float),4cbd3754645c60ad0c6f792c503be14b99ecd1db,4,171.6087079839781
scidocs,bm25_cosine_float,BM25 + Cosine (float),4cbd3754645c60ad0c6f792c503be14b99ecd1db,5,169.8944999370724
scidocs,bm25_cosine_float,BM25 + Cosine (float),4cbd3754645c60ad0c6f792c503be14b99ecd1db,6,172.4869579775259
scidocs,bm25_cosine_float,BM25 + Cosine (float),4cbd3754645c60ad0c6f792c503be14b99ecd1db,7,168.00641699228436
scidocs,bm25_cosine_float,BM25 + Cosine (float),4cbd3754645c60ad0c6f792c503be14b99ecd1db,8,174.72879099659622
scidocs,bm25_cosine_float,BM25 + Cosine (float),4cbd3754645c60ad0c6f792c503be14b99ecd1db,9,167.7508749999106
scidocs,bm25_cosine_float,BM25 + Cosine (float),3f42c32316c50b4a03de8c4597159c68a8d07776,0,176.77137500140816
scidocs,bm25_cosine_float,BM25 + Cosine (float),3f42c32316c50b4a03de8c4597159c68a8d07776,1,161.20216599665582
scidocs,bm25_cosine_float,BM25 + Cosine (float),3f42c32316c50b4a03de8c4597159c68a8d07776,2,155.2013329928741
scidocs,bm25_cosine_float,BM25 + Cosine (float),3f42c32316c50b4a03de8c4597159c68a8d07776,3,155.17841593828052
scidocs,bm25_cosine_float,BM25 + Cosine (float),3f42c32316c50b4a03de8c4597159c68a8d07776,4,163.85041701141745
scidocs,bm25_cosine_float,BM25 + Cosine (float),3f42c32316c50b4a03de8c4597159c68a8d07776,5,156.92937502171844
scidocs,bm25_cosine_float,BM25 + Cosine (float),3f42c32316c50b4a03de8c4597159c68a8d07776,6,154.5509999850765
scidocs,bm25_cosine_float,BM25 + Cosine (float),3f42c32316c50b4a03de8c4597159c68a8d07776,7,157.49879204668105
scidocs,bm25_cosine_float,BM25 + Cosine (float),3f42c32316c50b4a03de8c4597159c68a8d07776,8,158.32670801319182
scidocs,bm25_cosine_float,BM25 + Cosine (float),3f42c32316c50b4a03de8c4597159c68a8d07776,9,154.32258392684162
scidocs,bm25_cosine_float,BM25 + Cosine (float),240cd5f1b47a68c9dcc04b3921e69093c9a55b02,0,161.0732909757644
scidocs,bm25_cosine_float,BM25 + Cosine (float),240cd5f1b47a68c9dcc04b3921e69093c9a55b02,1,163.5456249350682
scidocs,bm25_cosine_float,BM25 + Cosine (float),240cd5f1b47a68c9dcc04b3921e69093c9a55b02,2,170.77741608954966
scidocs,bm25_cosine_float,BM25 + Cosine (float),240cd5f1b47a68c9dcc04b3921e69093c9a55b02,3,166.70299996621907
scidocs,bm25_cosine_float,BM25 + Cosine (float),240cd5f1b47a68c9dcc04b3921e69093c9a55b02,4,160.85954196751118
scidocs,bm25_cosine_float,BM25 + Cosine (float),240cd5f1b47a68c9dcc04b3921e69093c9a55b02,5,166.99495806824416
scidocs,bm25_cosine_float,BM25 + Cosine (float),240cd5f1b47a68c9dcc04b3921e69093c9a55b02,6,166.6989999357611
scidocs,bm25_cosine_float,BM25 + Cosine (float),240cd5f1b47a68c9dcc04b3921e69093c9a55b02,7,166.58812493551522
scidocs,bm25_cosine_float,BM25 + Cosine (float),240cd5f1b47a68c9dcc04b3921e69093c9a55b02,8,164.05079199466854
scidocs,bm25_cosine_float,BM25 + Cosine (float),240cd5f1b47a68c9dcc04b3921e69093c9a55b02,9,161.95470793172717
scidocs,bm25_cosine_float,BM25 + Cosine (float),30ef88ee401f70cf43b330b475d30f7f5e722630,0,159.0187919791788
scidocs,bm25_cosine_float,BM25 + Cosine (float),30ef88ee401f70cf43b330b475d30f7f5e722630,1,161.48183308541775
scidocs,bm25_cosine_float,BM25 + Cosine (float),30ef88ee401f70cf43b330b475d30f7f5e722630,2,159.3252089805901
scidocs,bm25_cosine_float,BM25 + Cosine (float),30ef88ee401f70cf43b330b475d30f7f5e722630,3,159.49891705531627
scidocs,bm25_cosine_float,BM25 + Cosine (float),30ef88ee401f70cf43b330b475d30f7f5e722630,4,169.77220808621496
scidocs,bm25_cosine_float,BM25 + Cosine (float),30ef88ee401f70cf43b330b475d30f7f5e722630,5,161.07516596093774
scidocs,bm25_cosine_float,BM25 + Cosine (float),30ef88ee401f70cf43b330b475d30f7f5e722630,6,159.00974988471717
scidocs,bm25_cosine_float,BM25 + Cosine (float),30ef88ee401f70cf43b330b475d30f7f5e722630,7,165.11008294764906
scidocs,bm25_cosine_float,BM25 + Cosine (float),30ef88ee401f70cf43b330b475d30f7f5e722630,8,160.7077909866348
scidocs,bm25_cosine_float,BM25 + Cosine (float),30ef88ee401f70cf43b330b475d30f7f5e722630,9,160.9209580346942
scidocs,bm25_cosine_float,BM25 + Cosine (float),fa3894d83f83d7d05f54b2c87158dc7a2288dc1c,0,175.99212494678795
scidocs,bm25_cosine_float,BM25 + Cosine (float),fa3894d83f83d7d05f54b2c87158dc7a2288dc1c,1,179.67437498737127
scidocs,bm25_cosine_float,BM25 + Cosine (float),fa3894d83f83d7d05f54b2c87158dc7a2288dc1c,2,177.69987497013062
scidocs,bm25_cosine_float,BM25 + Cosine (float),fa3894d83f83d7d05f54b2c87158dc7a2288dc1c,3,176.76366702653468
scidocs,bm25_cosine_float,BM25 + Cosine (float),fa3894d83f83d7d05f54b2c87158dc7a2288dc1c,4,176.62925005424768
scidocs,bm25_cosine_float,BM25 + Cosine (float),fa3894d83f83d7d05f54b2c87158dc7a2288dc1c,5,177.49300005380064
scidocs,bm25_cosine_float,BM25 + Cosine (float),fa3894d83f83d7d05f54b2c87158dc7a2288dc1c,6,176.95933301001787
scidocs,bm25_cosine_float,BM25 + Cosine (float),fa3894d83f83d7d05f54b2c87158dc7a2288dc1c,7,186.69999996200204
scidocs,bm25_cosine_float,BM25 + Cosine (float),fa3894d83f83d7d05f54b2c87158dc7a2288dc1c,8,181.04125000536442
scidocs,bm25_cosine_float,BM25 + Cosine (float),fa3894d83f83d7d05f54b2c87158dc7a2288dc1c,9,181.40670796856284
scidocs,bm25_cosine_float,BM25 + Cosine (float),bd034b87414c58fc731c193fdd37f59b3db883fa,0,160.18487501423806
scidocs,bm25_cosine_float,BM25 + Cosine (float),bd034b87414c58fc731c193fdd37f59b3db883fa,1,159.1193750500679
scidocs,bm25_cosine_float,BM25 + Cosine (float),bd034b87414c58fc731c193fdd37f59b3db883fa,2,160.3985419496894
scidocs,bm25_cosine_float,BM25 + Cosine (float),bd034b87414c58fc731c193fdd37f59b3db883fa,3,156.1539579415694
scidocs,bm25_cosine_float,BM25 + Cosine (float),bd034b87414c58fc731c193fdd37f59b3db883fa,4,157.2831249795854
scidocs,bm25_cosine_float,BM25 + Cosine (float),bd034b87414c58fc731c193fdd37f59b3db883fa,5,157.16000006068498
scidocs,bm25_cosine_float,BM25 + Cosine (float),bd034b87414c58fc731c193fdd37f59b3db883fa,6,157.51470800023526
scidocs,bm25_cosine_float,BM25 + Cosine (float),bd034b87414c58fc731c193fdd37f59b3db883fa,7,156.53545805253088
scidocs,bm25_cosine_float,BM25 + Cosine (float),bd034b87414c58fc731c193fdd37f59b3db883fa,8,156.31145797669888
scidocs,bm25_cosine_float,BM25 + Cosine (float),bd034b87414c58fc731c193fdd37f59b3db883fa,9,167.54266701173037
scidocs,bm25_cosine_float,BM25 + Cosine (float),4b96b327c8c128e07266f4059b76d1bc98d08a3a,0,174.55491703003645
scidocs,bm25_cosine_float,BM25 + Cosine (float),4b96b327c8c128e07266f4059b76d1bc98d08a3a,1,172.18083306215703
scidocs,bm25_cosine_float,BM25 + Cosine (float),4b96b327c8c128e07266f4059b76d1bc98d08a3a,2,177.1732079796493
scidocs,bm25_cosine_float,BM25 + Cosine (float),4b96b327c8c128e07266f4059b76d1bc98d08a3a,3,174.40341704059392
scidocs,bm25_cosine_float,BM25 + Cosine (float),4b96b327c8c128e07266f4059b76d1bc98d08a3a,4,172.06866608466953
scidocs,bm25_cosine_float,BM25 + Cosine (float),4b96b327c8c128e07266f4059b76d1bc98d08a3a,5,175.18512497190386
scidocs,bm25_cosine_float,BM25 + Cosine (float),4b96b327c8c128e07266f4059b76d1bc98d08a3a,6,175.22745905444026
scidocs,bm25_cosine_float,BM25 + Cosine (float),4b96b327c8c128e07266f4059b76d1bc98d08a3a,7,172.5959590403363
scidocs,bm25_cosine_float,BM25 + Cosine (float),4b96b327c8c128e07266f4059b76d1bc98d08a3a,8,173.7793330103159
scidocs,bm25_cosine_float,BM25 + Cosine (float),4b96b327c8c128e07266f4059b76d1bc98d08a3a,9,182.64937493950129
scidocs,bm25_cosine_float,BM25 + Cosine (float),19115f66f6ac1c02568bbb38eceedfa3521a8cc2,0,157.51608402933925
scidocs,bm25_cosine_float,BM25 + Cosine (float),19115f66f6ac1c02568bbb38eceedfa3521a8cc2,1,156.76612500101328
scidocs,bm25_cosine_float,BM25 + Cosine (float),19115f66f6ac1c02568bbb38eceedfa3521a8cc2,2,152.96658291481435
scidocs,bm25_cosine_float,BM25 + Cosine (float),19115f66f6ac1c02568bbb38eceedfa3521a8cc2,3,154.50641699135303
scidocs,bm25_cosine_float,BM25 + Cosine (float),19115f66f6ac1c02568bbb38eceedfa3521a8cc2,4,156.8737500347197
scidocs,bm25_cosine_float,BM25 + Cosine (float),19115f66f6ac1c02568bbb38eceedfa3521a8cc2,5,158.80766592454165
scidocs,bm25_cosine_float,BM25 + Cosine (float),19115f66f6ac1c02568bbb38eceedfa3521a8cc2,6,156.37900005094707
scidocs,bm25_cosine_float,BM25 + Cosine (float),19115f66f6ac1c02568bbb38eceedfa3521a8cc2,7,161.25487501267344
scidocs,bm25_cosine_float,BM25 + Cosine (float),19115f66f6ac1c02568bbb38eceedfa3521a8cc2,8,155.94358299858868
scidocs,bm25_cosine_float,BM25 + Cosine (float),19115f66f6ac1c02568bbb38eceedfa3521a8cc2,9,154.54908297397196
scidocs,bm25_cosine_float,BM25 + Cosine (float),16a8e0646724f730eb52216f9bc1284ddb630fd6,0,197.63591594528407
scidocs,bm25_cosine_float,BM25 + Cosine (float),16a8e0646724f730eb52216f9bc1284ddb630fd6,1,164.9991669692099
scidocs,bm25_cosine_float,BM25 + Cosine (float),16a8e0646724f730eb52216f9bc1284ddb630fd6,2,165.8215830102563
scidocs,bm25_cosine_float,BM25 + Cosine (float),16a8e0646724f730eb52216f9bc1284ddb630fd6,3,171.04708298575133
scidocs,bm25_cosine_float,BM25 + Cosine (float),16a8e0646724f730eb52216f9bc1284ddb630fd6,4,176.29466590005904
scidocs,bm25_cosine_float,BM25 + Cosine (float),16a8e0646724f730eb52216f9bc1284ddb630fd6,5,171.486624982208
scidocs,bm25_cosine_float,BM25 + Cosine (float),16a8e0646724f730eb52216f9bc1284ddb630fd6,6,172.82479198183864
scidocs,bm25_cosine_float,BM25 + Cosine (float),16a8e0646724f730eb52216f9bc1284ddb630fd6,7,168.4346249094233
scidocs,bm25_cosine_float,BM25 + Cosine (float),16a8e0646724f730eb52216f9bc1284ddb630fd6,8,170.23487505503
scidocs,bm25_cosine_float,BM25 + Cosine (float),16a8e0646724f730eb52216f9bc1284ddb630fd6,9,172.23708296660334
scidocs,bm25_cosine_float,BM25 + Cosine (float),54cd8bfbe670a2fd787ff079bdeb11244a2609e8,0,178.42537502292544
scidocs,bm25_cosine_float,BM25 + Cosine (float),54cd8bfbe670a2fd787ff079bdeb11244a2609e8,1,185.69341697730124
scidocs,bm25_cosine_float,BM25 + Cosine (float),54cd8bfbe670a2fd787ff079bdeb11244a2609e8,2,173.22624998632818
scidocs,bm25_cosine_float,BM25 + Cosine (float),54cd8bfbe670a2fd787ff079bdeb11244a2609e8,3,176.29820795264095
scidocs,bm25_cosine_float,BM25 + Cosine (float),54cd8bfbe670a2fd787ff079bdeb11244a2609e8,4,177.45341698173434
scidocs,bm25_cosine_float,BM25 + Cosine (float),54cd8bfbe670a2fd787ff079bdeb11244a2609e8,5,176.36395792942494
scidocs,bm25_cosine_float,BM25 + Cosine (float),54cd8bfbe670a2fd787ff079bdeb11244a2609e8,6,177.77150007896125
scidocs,bm25_cosine_float,BM25 + Cosine (float),54cd8bfbe670a2fd787ff079bdeb11244a2609e8,7,175.31804100144655
scidocs,bm25_cosine_float,BM25 + Cosine (float),54cd8bfbe670a2fd787ff079bdeb11244a2609e8,8,178.17754100542516
scidocs,bm25_cosine_float,BM25 + Cosine (float),54cd8bfbe670a2fd787ff079bdeb11244a2609e8,9,175.6327919429168
scidocs,hamming,Hamming,4cbd3754645c60ad0c6f792c503be14b99ecd1db,0,8.643166976980865
scidocs,hamming,Hamming,4cbd3754645c60ad0c6f792c503be14b99ecd1db,1,8.119332953356206
scidocs,hamming,Hamming,4cbd3754645c60ad0c6f792c503be14b99ecd1db,2,7.988541969098151
scidocs,hamming,Hamming,4cbd3754645c60ad0c6f792c503be14b99ecd1db,3,7.872332935221493
scidocs,hamming,Hamming,4cbd3754645c60ad0c6f792c503be14b99ecd1db,4,8.08970897924155
scidocs,hamming,Hamming,4cbd3754645c60ad0c6f792c503be14b99ecd1db,5,7.790207979269326
scidocs,hamming,Hamming,4cbd3754645c60ad0c6f792c503be14b99ecd1db,6,8.985749911516905
scidocs,hamming,Hamming,4cbd3754645c60ad0c6f792c503be14b99ecd1db,7,8.588458993472159
scidocs,hamming,Hamming,4cbd3754645c60ad0c6f792c503be14b99ecd1db,8,9.453000035136938
scidocs,hamming,Hamming,4cbd3754645c60ad0c6f792c503be14b99ecd1db,9,8.88933299575001
scidocs,hamming,Hamming,3f42c32316c50b4a03de8c4597159c68a8d07776,0,5.163665977306664
scidocs,hamming,Hamming,3f42c32316c50b4a03de8c4597159c68a8d07776,1,5.843417020514607
scidocs,hamming,Hamming,3f42c32316c50b4a03de8c4597159c68a8d07776,2,5.448624957352877
scidocs,hamming,Hamming,3f42c32316c50b4a03de8c4597159c68a8d07776,3,5.206582951359451
scidocs,hamming,Hamming,3f42c32316c50b4a03de8c4597159c68a8d07776,4,5.170666961930692
scidocs,hamming,Hamming,3f42c32316c50b4a03de8c4597159c68a8d07776,5,5.183249944821
scidocs,hamming,Hamming,3f42c32316c50b4a03de8c4597159c68a8d07776,6,5.198500002734363
scidocs,hamming,Hamming,3f42c32316c50b4a03de8c4597159c68a8d07776,7,5.930208950303495
scidocs,hamming,Hamming,3f42c32316c50b4a03de8c4597159c68a8d07776,8,4.955249954946339
scidocs,hamming,Hamming,3f42c32316c50b4a03de8c4597159c68a8d07776,9,4.840540932491422
scidocs,hamming,Hamming,240cd5f1b47a68c9dcc04b3921e69093c9a55b02,0,7.192083052359521
scidocs,hamming,Hamming,240cd5f1b47a68c9dcc04b3921e69093c9a55b02,1,6.790749961510301
scidocs,hamming,Hamming,240cd5f1b47a68c9dcc04b3921e69093c9a55b02,2,7.321459008380771
scidocs,hamming,Hamming,240cd5f1b47a68c9dcc04b3921e69093c9a55b02,3,7.3278340278193355
scidocs,hamming,Hamming,240cd5f1b47a68c9dcc04b3921e69093c9a55b02,4,6.871166988275945
scidocs,hamming,Hamming,240cd5f1b47a68c9dcc04b3921e69093c9a55b02,5,7.050249958410859
scidocs,hamming,Hamming,240cd5f1b47a68c9dcc04b3921e69093c9a55b02,6,7.390583050437272
scidocs,hamming,Hamming,240cd5f1b47a68c9dcc04b3921e69093c9a55b02,7,6.938250036910176
scidocs,hamming,Hamming,240cd5f1b47a68c9dcc04b3921e69093c9a55b02,8,6.8598330253735185
scidocs,hamming,Hamming,240cd5f1b47a68c9dcc04b3921e69093c9a55b02,9,7.402957999147475
scidocs,hamming,Hamming,30ef88ee401f70cf43b330b475d30f7f5e722630,0,5.944250035099685
scidocs,hamming,Hamming,30ef88ee401f70cf43b330b475d30f7f5e722630,1,5.664207972586155
scidocs,hamming,Hamming,30ef88ee401f70cf43b330b475d30f7f5e722630,2,5.625291028991342
scidocs,hamming,Hamming,30ef88ee401f70cf43b330b475d30f7f5e722630,3,5.675833090208471
scidocs,hamming,Hamming,30ef88ee401f70cf43b330b475d30f7f5e722630,4,6.002041976898909
scidocs,hamming,Hamming,30ef88ee401f70cf43b330b475d30f7f5e722630,5,6.272000027820468
scidocs,hamming,Hamming,30ef88ee401f70cf43b330b475d30f7f5e722630,6,5.631209001876414
scidocs,hamming,Hamming,30ef88ee401f70cf43b330b475d30f7f5e722630,7,5.567000014707446
scidocs,hamming,Hamming,30ef88ee401f70cf43b330b475d30f7f5e722630,8,5.772999953478575
scidocs,hamming,Hamming,30ef88ee401f70cf43b330b475d30f7f5e722630,9,5.875875009223819
scidocs,hamming,Hamming,fa3894d83f83d7d05f54b2c87158dc7a2288dc1c,0,8.094417047686875
scidocs,hamming,Hamming,fa3894d83f83d7d05f54b2c87158dc7a2288dc1c,1,8.144584018737078
scidocs,hamming,Hamming,fa3894d83f83d7d05f54b2c87158dc7a2288dc1c,2,8.70524998754263
scidocs,hamming,Hamming,fa3894d83f83d7d05f54b2c87158dc7a2288dc1c,3,8.820874965749681
scidocs,hamming,Hamming,fa3894d83f83d7d05f54b2c87158dc7a2288dc1c,4,8.096542092971504
scidocs,hamming,Hamming,fa3894d83f83d7d05f54b2c87158dc7a2288dc1c,5,8.116165990941226
scidocs,hamming,Hamming,fa3894d83f83d7d05f54b2c87158dc7a2288dc1c,6,8.483834099024534
scidocs,hamming,Hamming,fa3894d83f83d7d05f54b2c87158dc7a2288dc1c,7,8.654374978505075
scidocs,hamming,Hamming,fa3894d83f83d7d05f54b2c87158dc7a2288dc1c,8,7.992958999238908
scidocs,hamming,Hamming,fa3894d83f83d7d05f54b2c87158dc7a2288dc1c,9,8.413375006057322
scidocs,hamming,Hamming,bd034b87414c58fc731c193fdd37f59b3db883fa,0,6.9770419504493475
scidocs,hamming,Hamming,bd034b87414c58fc731c193fdd37f59b3db883fa,1,6.848416058346629
scidocs,hamming,Hamming,bd034b87414c58fc731c193fdd37f59b3db883fa,2,7.031082990579307
scidocs,hamming,Hamming,bd034b87414c58fc731c193fdd37f59b3db883fa,3,7.02558399643749
scidocs,hamming,Hamming,bd034b87414c58fc731c193fdd37f59b3db883fa,4,6.699000019580126
scidocs,hamming,Hamming,bd034b87414c58fc731c193fdd37f59b3db883fa,5,7.004540995694697
scidocs,hamming,Hamming,bd034b87414c58fc731c193fdd37f59b3db883fa,6,7.124041090719402
scidocs,hamming,Hamming,bd034b87414c58fc731c193fdd37f59b3db883fa,7,6.561917020007968
scidocs,hamming,Hamming,bd034b87414c58fc731c193fdd37f59b3db883fa,8,6.634582998231053
scidocs,hamming,Hamming,bd034b87414c58fc731c193fdd37f59b3db883fa,9,8.054209058173
scidocs,hamming,Hamming,4b96b327c8c128e07266f4059b76d1bc98d08a3a,0,6.357833975926042
scidocs,hamming,Hamming,4b96b327c8c128e07266f4059b76d1bc98d08a3a,1,7.118375040590763
scidocs,hamming,Hamming,4b96b327c8c128e07266f4059b76d1bc98d08a3a,2,7.315208087675273
scidocs,hamming,Hamming,4b96b327c8c128e07266f4059b76d1bc98d08a3a,3,7.840084028430283
scidocs,hamming,Hamming,4b96b327c8c128e07266f4059b76d1bc98d08a3a,4,7.340875105001032
scidocs,hamming,Hamming,4b96b327c8c128e07266f4059b76d1bc98d08a3a,5,7.935125031508505
scidocs,hamming,Hamming,4b96b327c8c128e07266f4059b76d1bc98d08a3a,6,7.87233398295939
scidocs,hamming,Hamming,4b96b327c8c128e07266f4059b76d1bc98d08a3a,7,6.027374998666346
scidocs,hamming,Hamming,4b96b327c8c128e07266f4059b76d1bc98d08a3a,8,6.614750018343329
scidocs,hamming,Hamming,4b96b327c8c128e07266f4059b76d1bc98d08a3a,9,5.878041964024305
scidocs,hamming,Hamming,19115f66f6ac1c02568bbb38eceedfa3521a8cc2,0,3.998875035904348
scidocs,hamming,Hamming,19115f66f6ac1c02568bbb38eceedfa3521a8cc2,1,4.095000098459423
scidocs,hamming,Hamming,19115f66f6ac1c02568bbb38eceedfa3521a8cc2,2,3.831084002740681
scidocs,hamming,Hamming,19115f66f6ac1c02568bbb38eceedfa3521a8cc2,3,3.792540985159576
scidocs,hamming,Hamming,19115f66f6ac1c02568bbb38eceedfa3521a8cc2,4,3.9043340366333723
scidocs,hamming,Hamming,19115f66f6ac1c02568bbb38eceedfa3521a8cc2,5,3.9371249731630087
scidocs,hamming,Hamming,19115f66f6ac1c02568bbb38eceedfa3521a8cc2,6,3.835667041130364
scidocs,hamming,Hamming,19115f66f6ac1c02568bbb38eceedfa3521a8cc2,7,3.8552499609068036
scidocs,hamming,Hamming,19115f66f6ac1c02568bbb38eceedfa3521a8cc2,8,3.891624975949526
scidocs,hamming,Hamming,19115f66f6ac1c02568bbb38eceedfa3521a8cc2,9,4.17358404956758
scidocs,hamming,Hamming,16a8e0646724f730eb52216f9bc1284ddb630fd6,0,4.9515829887241125
scidocs,hamming,Hamming,16a8e0646724f730eb52216f9bc1284ddb630fd6,1,6.2908330000936985
scidocs,hamming,Hamming,16a8e0646724f730eb52216f9bc1284ddb630fd6,2,7.50370800960809
scidocs,hamming,Hamming,16a8e0646724f730eb52216f9bc1284ddb630fd6,3,6.057959049940109
scidocs,hamming,Hamming,16a8e0646724f730eb52216f9bc1284ddb630fd6,4,6.681917002424598
scidocs,hamming,Hamming,16a8e0646724f730eb52216f9bc1284ddb630fd6,5,7.693833904340863
scidocs,hamming,Hamming,16a8e0646724f730eb52216f9bc1284ddb630fd6,6,5.577916977927089
scidocs,hamming,Hamming,16a8e0646724f730eb52216f9bc1284ddb630fd6,7,5.159666994586587
scidocs,hamming,Hamming,16a8e0646724f730eb52216f9bc1284ddb630fd6,8,5.289874970912933
scidocs,hamming,Hamming,16a8e0646724f730eb52216f9bc1284ddb630fd6,9,5.531374947167933
scidocs,hamming,Hamming,54cd8bfbe670a2fd787ff079bdeb11244a2609e8,0,7.388917030766606
scidocs,hamming,Hamming,54cd8bfbe670a2fd787ff079bdeb11244a2609e8,1,6.9184169406071305
scidocs,hamming,Hamming,54cd8bfbe670a2fd787ff079bdeb11244a2609e8,2,7.877541007474065
scidocs,hamming,Hamming,54cd8bfbe670a2fd787ff079bdeb11244a2609e8,3,8.206250029616058
scidocs,hamming,Hamming,54cd8bfbe670a2fd787ff079bdeb11244a2609e8,4,8.028749958612025
scidocs,hamming,Hamming,54cd8bfbe670a2fd787ff079bdeb11244a2609e8,5,8.393374970182776
scidocs,hamming,Hamming,54cd8bfbe670a2fd787ff079bdeb11244a2609e8,6,8.619708009064198
scidocs,hamming,Hamming,54cd8bfbe670a2fd787ff079bdeb11244a2609e8,7,11.144957970827818
scidocs,hamming,Hamming,54cd8bfbe670a2fd787ff079bdeb11244a2609e8,8,9.143875096924603
scidocs,hamming,Hamming,54cd8bfbe670a2fd787ff079bdeb11244a2609e8,9,8.0874590203166
scidocs,hamming_cosine_int8,Hamming + Cosine (int8),4cbd3754645c60ad0c6f792c503be14b99ecd1db,0,39.2540410393849
scidocs,hamming_cosine_int8,Hamming + Cosine (int8),4cbd3754645c60ad0c6f792c503be14b99ecd1db,1,39.47866603266448
scidocs,hamming_cosine_int8,Hamming + Cosine (int8),4cbd3754645c60ad0c6f792c503be14b99ecd1db,2,39.38116692006588
scidocs,hamming_cosine_int8,Hamming + Cosine (int8),4cbd3754645c60ad0c6f792c503be14b99ecd1db,3,45.311916968785226
scidocs,hamming_cosine_int8,Hamming + Cosine (int8),4cbd3754645c60ad0c6f792c503be14b99ecd1db,4,39.41562492400408
scidocs,hamming_cosine_int8,Hamming + Cosine (int8),4cbd3754645c60ad0c6f792c503be14b99ecd1db,5,38.4946659905836
scidocs,hamming_cosine_int8,Hamming + Cosine (int8),4cbd3754645c60ad0c6f792c503be14b99ecd1db,6,38.840374909341335
scidocs,hamming_cosine_int8,Hamming + Cosine (int8),4cbd3754645c60ad0c6f792c503be14b99ecd1db,7,44.807375059463084
scidocs,hamming_cosine_int8,Hamming + Cosine (int8),4cbd3754645c60ad0c6f792c503be14b99ecd1db,8,38.93549996428192
scidocs,hamming_cosine_int8,Hamming + Cosine (int8),4cbd3754645c60ad0c6f792c503be14b99ecd1db,9,38.314040983095765
scidocs,hamming_cosine_int8,Hamming + Cosine (int8),3f42c32316c50b4a03de8c4597159c68a8d07776,0,32.22083405125886
scidocs,hamming_cosine_int8,Hamming + Cosine (int8),3f42c32316c50b4a03de8c4597159c68a8d07776,1,33.80900004412979
scidocs,hamming_cosine_int8,Hamming + Cosine (int8),3f42c32316c50b4a03de8c4597159c68a8d07776,2,38.76979206688702
scidocs,hamming_cosine_int8,Hamming + Cosine (int8),3f42c32316c50b4a03de8c4597159c68a8d07776,3,38.73191704042256
scidocs,hamming_cosine_int8,Hamming + Cosine (int8),3f42c32316c50b4a03de8c4597159c68a8d07776,4,43.319958029314876
scidocs,hamming_cosine_int8,Hamming + Cosine (int8),3f42c32316c50b4a03de8c4597159c68a8d07776,5,39.62370799854398
scidocs,hamming_cosine_int8,Hamming + Cosine (int8),3f42c32316c50b4a03de8c4597159c68a8d07776,6,36.58187494147569
scidocs,hamming_cosine_int8,Hamming + Cosine (int8),3f42c32316c50b4a03de8c4597159c68a8d07776,7,34.59704096894711
scidocs,hamming_cosine_int8,Hamming + Cosine (int8),3f42c32316c50b4a03de8c4597159c68a8d07776,8,35.62554204836488
scidocs,hamming_cosine_int8,Hamming + Cosine (int8),3f42c32316c50b4a03de8c4597159c68a8d07776,9,35.2334170602262
scidocs,hamming_cosine_int8,Hamming + Cosine (int8),240cd5f1b47a68c9dcc04b3921e69093c9a55b02,0,36.29358299076557
scidocs,hamming_cosine_int8,Hamming + Cosine (int8),240cd5f1b47a68c9dcc04b3921e69093c9a55b02,1,36.8034589337185
scidocs,hamming_cosine_int8,Hamming + Cosine (int8),240cd5f1b47a68c9dcc04b3921e69093c9a55b02,2,37.059957976453006
scidocs,hamming_cosine_int8,Hamming + Cosine (int8),240cd5f1b47a68c9dcc04b3921e69093c9a55b02,3,39.075582986697555
scidocs,hamming_cosine_int8,Hamming + Cosine (int8),240cd5f1b47a68c9dcc04b3921e69093c9a55b02,4,41.11195891164243
scidocs,hamming_cosine_int8,Hamming + Cosine (int8),240cd5f1b47a68c9dcc04b3921e69093c9a55b02,5,38.37379196193069
scidocs,hamming_cosine_int8,Hamming + Cosine (int8),240cd5f1b47a68c9dcc04b3921e69093c9a55b02,6,36.95554193109274
scidocs,hamming_cosine_int8,Hamming + Cosine (int8),240cd5f1b47a68c9dcc04b3921e69093c9a55b02,7,38.786582998000085
scidocs,hamming_cosine_int8,Hamming + Cosine (int8),240cd5f1b47a68c9dcc04b3921e69093c9a55b02,8,34.22362497076392
scidocs,hamming_cosine_int8,Hamming + Cosine (int8),240cd5f1b47a68c9dcc04b3921e69093c9a55b02,9,33.85437501128763
scidocs,hamming_cosine_int8,Hamming + Cosine (int8),30ef88ee401f70cf43b330b475d30f7f5e722630,0,32.211125013418496
scidocs,hamming_cosine_int8,Hamming + Cosine (int8),30ef88ee401f70cf43b330b475d30f7f5e722630,1,32.09350001998246
scidocs,hamming_cosine_int8,Hamming + Cosine (int8),30ef88ee401f70cf43b330b475d30f7f5e722630,2,32.02329098712653
scidocs,hamming_cosine_int8,Hamming + Cosine (int8),30ef88ee401f70cf43b330b475d30f7f5e722630,3,35.16691701952368
scidocs,hamming_cosine_int8,Hamming + Cosine (int8),30ef88ee401f70cf43b330b475d30f7f5e722630,4,34.40229198895395
scidocs,hamming_cosine_int8,Hamming + Cosine (int8),30ef88ee401f70cf43b330b475d30f7f5e722630,5,33.26362499501556
scidocs,hamming_cosine_int8,Hamming + Cosine (int8),30ef88ee401f70cf43b330b475d30f7f5e722630,6,43.25087496545166
scidocs,hamming_cosine_int8,Hamming + Cosine (int8),30ef88ee401f70cf43b330b475d30f7f5e722630,7,35.93712497968227
scidocs,hamming_cosine_int8,Hamming + Cosine (int8),30ef88ee401f70cf43b330b475d30f7f5e722630,8,32.153166946955025
scidocs,hamming_cosine_int8,Hamming + Cosine (int8),30ef88ee401f70cf43b330b475d30f7f5e722630,9,32.65762503724545
scidocs,hamming_cosine_int8,Hamming + Cosine (int8),fa3894d83f83d7d05f54b2c87158dc7a2288dc1c,0,41.42770799808204
scidocs,hamming_cosine_int8,Hamming + Cosine (int8),fa3894d83f83d7d05f54b2c87158dc7a2288dc1c,1,50.25116691831499
scidocs,hamming_cosine_int8,Hamming + Cosine (int8),fa3894d83f83d7d05f54b2c87158dc7a2288dc1c,2,42.01533307787031
scidocs,hamming_cosine_int8,Hamming + Cosine (int8),fa3894d83f83d7d05f54b2c87158dc7a2288dc1c,3,41.82066593784839
scidocs,hamming_cosine_int8,Hamming + Cosine (int8),fa3894d83f83d7d05f54b2c87158dc7a2288dc1c,4,46.0752920480445
scidocs,hamming_cosine_int8,Hamming + Cosine (int8),fa3894d83f83d7d05f54b2c87158dc7a2288dc1c,5,43.68229198735207
scidocs,hamming_cosine_int8,Hamming + Cosine (int8),fa3894d83f83d7d05f54b2c87158dc7a2288dc1c,6,41.252083028666675
scidocs,hamming_cosine_int8,Hamming + Cosine (int8),fa3894d83f83d7d05f54b2c87158dc7a2288dc1c,7,37.66320797149092
scidocs,hamming_cosine_int8,Hamming + Cosine (int8),fa3894d83f83d7d05f54b2c87158dc7a2288dc1c,8,36.72645799815655
scidocs,hamming_cosine_int8,Hamming + Cosine (int8),fa3894d83f83d7d05f54b2c87158dc7a2288dc1c,9,34.80374999344349
scidocs,hamming_cosine_int8,Hamming + Cosine (int8),bd034b87414c58fc731c193fdd37f59b3db883fa,0,40.16154201235622
scidocs,hamming_cosine_int8,Hamming + Cosine (int8),bd034b87414c58fc731c193fdd37f59b3db883fa,1,33.44945900607854
scidocs,hamming_cosine_int8,Hamming + Cosine (int8),bd034b87414c58fc731c193fdd37f59b3db883fa,2,32.796124927699566
scidocs,hamming_cosine_int8,Hamming + Cosine (int8),bd034b87414c58fc731c193fdd37f59b3db883fa,3,32.46920800302178
scidocs,hamming_cosine_int8,Hamming + Cosine (int8),bd034b87414c58fc731c193fdd37f59b3db883fa,4,33.88020908460021
scidocs,hamming_cosine_int8,Hamming + Cosine (int8),bd034b87414c58fc731c193fdd37f59b3db883fa,5,33.2863749936223
scidocs,hamming_cosine_int8,Hamming + Cosine (int8),bd034b87414c58fc731c193fdd37f59b3db883fa,6,33.30054203979671
scidocs,hamming_cosine_int8,Hamming + Cosine (int8),bd034b87414c58fc731c193fdd37f59b3db883fa,7,33.99804106447846
scidocs,hamming_cosine_int8,Hamming + Cosine (int8),bd034b87414c58fc731c193fdd37f59b3db883fa,8,36.07475000899285
scidocs,hamming_cosine_int8,Hamming + Cosine (int8),bd034b87414c58fc731c193fdd37f59b3db883fa,9,34.18583294842392
scidocs,hamming_cosine_int8,Hamming + Cosine (int8),4b96b327c8c128e07266f4059b76d1bc98d08a3a,0,31.744500040076673
scidocs,hamming_cosine_int8,Hamming + Cosine (int8),4b96b327c8c128e07266f4059b76d1bc98d08a3a,1,31.431625015102327
scidocs,hamming_cosine_int8,Hamming + Cosine (int8),4b96b327c8c128e07266f4059b76d1bc98d08a3a,2,31.81454201694578
scidocs,hamming_cosine_int8,Hamming + Cosine (int8),4b96b327c8c128e07266f4059b76d1bc98d08a3a,3,31.61591594107449
scidocs,hamming_cosine_int8,Hamming + Cosine (int8),4b96b327c8c128e07266f4059b76d1bc98d08a3a,4,31.4174999948591
scidocs,hamming_cosine_int8,Hamming + Cosine (int8),4b96b327c8c128e07266f4059b76d1bc98d08a3a,5,32.22637495491654
scidocs,hamming_cosine_int8,Hamming + Cosine (int8),4b96b327c8c128e07266f4059b76d1bc98d08a3a,6,31.853083055466413
scidocs,hamming_cosine_int8,Hamming + Cosine (int8),4b96b327c8c128e07266f4059b76d1bc98d08a3a,7,31.596124987117946
scidocs,hamming_cosine_int8,Hamming + Cosine (int8),4b96b327c8c128e07266f4059b76d1bc98d08a3a,8,31.357749947346747
scidocs,hamming_cosine_int8,Hamming + Cosine (int8),4b96b327c8c128e07266f4059b76d1bc98d08a3a,9,31.630124896764755
scidocs,hamming_cosine_int8,Hamming + Cosine (int8),19115f66f6ac1c02568bbb38eceedfa3521a8cc2,0,32.32116706203669
scidocs,hamming_cosine_int8,Hamming + Cosine (int8),19115f66f6ac1c02568bbb38eceedfa3521a8cc2,1,32.954666996374726
scidocs,hamming_cosine_int8,Hamming + Cosine (int8),19115f66f6ac1c02568bbb38eceedfa3521a8cc2,2,32.69166697282344
scidocs,hamming_cosine_int8,Hamming + Cosine (int8),19115f66f6ac1c02568bbb38eceedfa3521a8cc2,3,30.608541914261878
scidocs,hamming_cosine_int8,Hamming + Cosine (int8),19115f66f6ac1c02568bbb38eceedfa3521a8cc2,4,30.097250011749566
scidocs,hamming_cosine_int8,Hamming + Cosine (int8),19115f66f6ac1c02568bbb38eceedfa3521a8cc2,5,29.58887501154095
scidocs,hamming_cosine_int8,Hamming + Cosine (int8),19115f66f6ac1c02568bbb38eceedfa3521a8cc2,6,29.81533296406269
scidocs,hamming_cosine_int8,Hamming + Cosine (int8),19115f66f6ac1c02568bbb38eceedfa3521a8cc2,7,29.778458061628044
scidocs,hamming_cosine_int8,Hamming + Cosine (int8),19115f66f6ac1c02568bbb38eceedfa3521a8cc2,8,29.85754096880555
scidocs,hamming_cosine_int8,Hamming + Cosine (int8),19115f66f6ac1c02568bbb38eceedfa3521a8cc2,9,29.914916958659887
scidocs,hamming_cosine_int8,Hamming + Cosine (int8),16a8e0646724f730eb52216f9bc1284ddb630fd6,0,36.36445803567767
scidocs,hamming_cosine_int8,Hamming + Cosine (int8),16a8e0646724f730eb52216f9bc1284ddb630fd6,1,31.397792045027018
scidocs,hamming_cosine_int8,Hamming + Cosine (int8),16a8e0646724f730eb52216f9bc1284ddb630fd6,2,31.07091598212719
scidocs,hamming_cosine_int8,Hamming + Cosine (int8),16a8e0646724f730eb52216f9bc1284ddb630fd6,3,31.165583059191704
scidocs,hamming_cosine_int8,Hamming + Cosine (int8),16a8e0646724f730eb52216f9bc1284ddb630fd6,4,30.93579097185284
scidocs,hamming_cosine_int8,Hamming + Cosine (int8),16a8e0646724f730eb52216f9bc1284ddb630fd6,5,30.879249912686646
scidocs,hamming_cosine_int8,Hamming + Cosine (int8),16a8e0646724f730eb52216f9bc1284ddb630fd6,6,33.78062497358769
scidocs,hamming_cosine_int8,Hamming + Cosine (int8),16a8e0646724f730eb52216f9bc1284ddb630fd6,7,33.163542044349015
scidocs,hamming_cosine_int8,Hamming + Cosine (int8),16a8e0646724f730eb52216f9bc1284ddb630fd6,8,31.66874998714775
scidocs,hamming_cosine_int8,Hamming + Cosine (int8),16a8e0646724f730eb52216f9bc1284ddb630fd6,9,31.058290973305702
scidocs,hamming_cosine_int8,Hamming + Cosine (int8),54cd8bfbe670a2fd787ff079bdeb11244a2609e8,0,32.77741698548198
scidocs,hamming_cosine_int8,Hamming + Cosine (int8),54cd8bfbe670a2fd787ff079bdeb11244a2609e8,1,32.822208013385534
scidocs,hamming_cosine_int8,Hamming + Cosine (int8),54cd8bfbe670a2fd787ff079bdeb11244a2609e8,2,32.36333397217095
scidocs,hamming_cosine_int8,Hamming + Cosine (int8),54cd8bfbe670a2fd787ff079bdeb11244a2609e8,3,33.07241597212851
scidocs,hamming_cosine_int8,Hamming + Cosine (int8),54cd8bfbe670a2fd787ff079bdeb11244a2609e8,4,32.488790922798216
scidocs,hamming_cosine_int8,Hamming + Cosine (int8),54cd8bfbe670a2fd787ff079bdeb11244a2609e8,5,32.36999991349876
scidocs,hamming_cosine_int8,Hamming + Cosine (int8),54cd8bfbe670a2fd787ff079bdeb11244a2609e8,6,42.0855829725042
scidocs,hamming_cosine_int8,Hamming + Cosine (int8),54cd8bfbe670a2fd787ff079bdeb11244a2609e8,7,44.71670801285654
scidocs,hamming_cosine_int8,Hamming + Cosine (int8),54cd8bfbe670a2fd787ff079bdeb11244a2609e8,8,34.74504093173891
scidocs,hamming_cosine_int8,Hamming + Cosine (int8),54cd8bfbe670a2fd787ff079bdeb11244a2609e8,9,35.58866598177701
scidocs,hamming_cosine_float,Hamming + Cosine (float),4cbd3754645c60ad0c6f792c503be14b99ecd1db,0,134.64741699863225
scidocs,hamming_cosine_float,Hamming + Cosine (float),4cbd3754645c60ad0c6f792c503be14b99ecd1db,1,131.59383402671665
scidocs,hamming_cosine_float,Hamming + Cosine (float),4cbd3754645c60ad0c6f792c503be14b99ecd1db,2,137.88658299017698
scidocs,hamming_cosine_float,Hamming + Cosine (float),4cbd3754645c60ad0c6f792c503be14b99ecd1db,3,142.84895895980299
scidocs,hamming_cosine_float,Hamming + Cosine (float),4cbd3754645c60ad0c6f792c503be14b99ecd1db,4,138.18133401218802
scidocs,hamming_cosine_float,Hamming + Cosine (float),4cbd3754645c60ad0c6f792c503be14b99ecd1db,5,136.61845796741545
scidocs,hamming_cosine_float,Hamming + Cosine (float),4cbd3754645c60ad0c6f792c503be14b99ecd1db,6,137.7455829642713
scidocs,hamming_cosine_float,Hamming + Cosine (float),4cbd3754645c60ad0c6f792c503be14b99ecd1db,7,138.92629195470363
scidocs,hamming_cosine_float,Hamming + Cosine (float),4cbd3754645c60ad0c6f792c503be14b99ecd1db,8,138.11212498694658
scidocs,hamming_cosine_float,Hamming + Cosine (float),4cbd3754645c60ad0c6f792c503be14b99ecd1db,9,131.68183399830014
scidocs,hamming_cosine_float,Hamming + Cosine (float),3f42c32316c50b4a03de8c4597159c68a8d07776,0,128.67737491615117
scidocs,hamming_cosine_float,Hamming + Cosine (float),3f42c32316c50b4a03de8c4597159c68a8d07776,1,129.3752499623224
scidocs,hamming_cosine_float,Hamming + Cosine (float),3f42c32316c50b4a03de8c4597159c68a8d07776,2,143.2798330206424
scidocs,hamming_cosine_float,Hamming + Cosine (float),3f42c32316c50b4a03de8c4597159c68a8d07776,3,130.3610421018675
scidocs,hamming_cosine_float,Hamming + Cosine (float),3f42c32316c50b4a03de8c4597159c68a8d07776,4,127.96920794062316
scidocs,hamming_cosine_float,Hamming + Cosine (float),3f42c32316c50b4a03de8c4597159c68a8d07776,5,136.85662508942187
scidocs,hamming_cosine_float,Hamming + Cosine (float),3f42c32316c50b4a03de8c4597159c68a8d07776,6,136.0229590209201
scidocs,hamming_cosine_float,Hamming + Cosine (float),3f42c32316c50b4a03de8c4597159c68a8d07776,7,128.1628330470994
scidocs,hamming_cosine_float,Hamming + Cosine (float),3f42c32316c50b4a03de8c4597159c68a8d07776,8,128.47104098182172
scidocs,hamming_cosine_float,Hamming + Cosine (float),3f42c32316c50b4a03de8c4597159c68a8d07776,9,129.72708302550018
scidocs,hamming_cosine_float,Hamming + Cosine (float),240cd5f1b47a68c9dcc04b3921e69093c9a55b02,0,132.3442499851808
scidocs,hamming_cosine_float,Hamming + Cosine (float),240cd5f1b47a68c9dcc04b3921e69093c9a55b02,1,131.96037500165403
scidocs,hamming_cosine_float,Hamming + Cosine (float),240cd5f1b47a68c9dcc04b3921e69093c9a55b02,2,132.60949996765703
scidocs,hamming_cosine_float,Hamming + Cosine (float),240cd5f1b47a68c9dcc04b3921e69093c9a55b02,3,133.79808294121176
scidocs,hamming_cosine_float,Hamming + Cosine (float),240cd5f1b47a68c9dcc04b3921e69093c9a55b02,4,140.82591701298952
scidocs,hamming_cosine_float,Hamming + Cosine (float),240cd5f1b47a68c9dcc04b3921e69093c9a55b02,5,136.1334160901606
scidocs,hamming_cosine_float,Hamming + Cosine (float),240cd5f1b47a68c9dcc04b3921e69093c9a55b02,6,141.74366695806384
scidocs,hamming_cosine_float,Hamming + Cosine (float),240cd5f1b47a68c9dcc04b3921e69093c9a55b02,7,132.98737502191216
scidocs,hamming_cosine_float,Hamming + Cosine (float),240cd5f1b47a68c9dcc04b3921e69093c9a55b02,8,132.16074998490512
scidocs,hamming_cosine_float,Hamming + Cosine (float),240cd5f1b47a68c9dcc04b3921e69093c9a55b02,9,137.3968330444768
scidocs,hamming_cosine_float,Hamming + Cosine (float),30ef88ee401f70cf43b330b475d30f7f5e722630,0,130.22241601720452
scidocs,hamming_cosine_float,Hamming + Cosine (float),30ef88ee401f70cf43b330b475d30f7f5e722630,1,134.1251250123605
scidocs,hamming_cosine_float,Hamming + Cosine (float),30ef88ee401f70cf43b330b475d30f7f5e722630,2,138.8775419909507
scidocs,hamming_cosine_float,Hamming + Cosine (float),30ef88ee401f70cf43b330b475d30f7f5e722630,3,132.4245419818908
scidocs,hamming_cosine_float,Hamming + Cosine (float),30ef88ee401f70cf43b330b475d30f7f5e722630,4,133.76266707200557
scidocs,hamming_cosine_float,Hamming + Cosine (float),30ef88ee401f70cf43b330b475d30f7f5e722630,5,131.50133402086794
scidocs,hamming_cosine_float,Hamming + Cosine (float),30ef88ee401f70cf43b330b475d30f7f5e722630,6,130.97683293744922
scidocs,hamming_cosine_float,Hamming + Cosine (float),30ef88ee401f70cf43b330b475d30f7f5e722630,7,132.8593340003863
scidocs,hamming_cosine_float,Hamming + Cosine (float),30ef88ee401f70cf43b330b475d30f7f5e722630,8,131.11745798960328
scidocs,hamming_cosine_float,Hamming + Cosine (float),30ef88ee401f70cf43b330b475d30f7f5e722630,9,130.97520906012505
scidocs,hamming_cosine_float,Hamming + Cosine (float),fa3894d83f83d7d05f54b2c87158dc7a2288dc1c,0,142.76079193223268
scidocs,hamming_cosine_float,Hamming + Cosine (float),fa3894d83f83d7d05f54b2c87158dc7a2288dc1c,1,134.45537502411753
scidocs,hamming_cosine_float,Hamming + Cosine (float),fa3894d83f83d7d05f54b2c87158dc7a2288dc1c,2,131.9460830418393
scidocs,hamming_cosine_float,Hamming + Cosine (float),fa3894d83f83d7d05f54b2c87158dc7a2288dc1c,3,131.13020895980299
scidocs,hamming_cosine_float,Hamming + Cosine (float),fa3894d83f83d7d05f54b2c87158dc7a2288dc1c,4,131.4463330199942
scidocs,hamming_cosine_float,Hamming + Cosine (float),fa3894d83f83d7d05f54b2c87158dc7a2288dc1c,5,132.45004089549184
scidocs,hamming_cosine_float,Hamming + Cosine (float),fa3894d83f83d7d05f54b2c87158dc7a2288dc1c,6,135.4577080346644
scidocs,hamming_cosine_float,Hamming + Cosine (float),fa3894d83f83d7d05f54b2c87158dc7a2288dc1c,7,153.20733294356614
scidocs,hamming_cosine_float,Hamming + Cosine (float),fa3894d83f83d7d05f54b2c87158dc7a2288dc1c,8,132.75591598358005
scidocs,hamming_cosine_float,Hamming + Cosine (float),fa3894d83f83d7d05f54b2c87158dc7a2288dc1c,9,131.82691601105034
scidocs,hamming_cosine_float,Hamming + Cosine (float),bd034b87414c58fc731c193fdd37f59b3db883fa,0,131.9582499563694
scidocs,hamming_cosine_float,Hamming + Cosine (float),bd034b87414c58fc731c193fdd37f59b3db883fa,1,137.99116702284664
scidocs,hamming_cosine_float,Hamming + Cosine (float),bd034b87414c58fc731c193fdd37f59b3db883fa,2,136.86850003432482
scidocs,hamming_cosine_float,Hamming + Cosine (float),bd034b87414c58fc731c193fdd37f59b3db883fa,3,140.19504201132804
scidocs,hamming_cosine_float,Hamming + Cosine (float),bd034b87414c58fc731c193fdd37f59b3db883fa,4,161.1435420345515
scidocs,hamming_cosine_float,Hamming + Cosine (float),bd034b87414c58fc731c193fdd37f59b3db883fa,5,142.21249998081475
scidocs,hamming_cosine_float,Hamming + Cosine (float),bd034b87414c58fc731c193fdd37f59b3db883fa,6,136.90466608386487
scidocs,hamming_cosine_float,Hamming + Cosine (float),bd034b87414c58fc731c193fdd37f59b3db883fa,7,139.6455829963088
scidocs,hamming_cosine_float,Hamming + Cosine (float),bd034b87414c58fc731c193fdd37f59b3db883fa,8,145.6876250449568
scidocs,hamming_cosine_float,Hamming + Cosine (float),bd034b87414c58fc731c193fdd37f59b3db883fa,9,199.7629579855129
scidocs,hamming_cosine_float,Hamming + Cosine (float),4b96b327c8c128e07266f4059b76d1bc98d08a3a,0,148.10145902447402
scidocs,hamming_cosine_float,Hamming + Cosine (float),4b96b327c8c128e07266f4059b76d1bc98d08a3a,1,169.32649991940707
scidocs,hamming_cosine_float,Hamming + Cosine (float),4b96b327c8c128e07266f4059b76d1bc98d08a3a,2,147.10166689474136
scidocs,hamming_cosine_float,Hamming + Cosine (float),4b96b327c8c128e07266f4059b76d1bc98d08a3a,3,151.47349995095283
scidocs,hamming_cosine_float,Hamming + Cosine (float),4b96b327c8c128e07266f4059b76d1bc98d08a3a,4,152.54499996080995
scidocs,hamming_cosine_float,Hamming + Cosine (float),4b96b327c8c128e07266f4059b76d1bc98d08a3a,5,150.52891697268933
scidocs,hamming_cosine_float,Hamming + Cosine (float),4b96b327c8c128e07266f4059b76d1bc98d08a3a,6,150.44666605535895
scidocs,hamming_cosine_float,Hamming + Cosine (float),4b96b327c8c128e07266f4059b76d1bc98d08a3a,7,145.74637496843934
scidocs,hamming_cosine_float,Hamming + Cosine (float),4b96b327c8c128e07266f4059b76d1bc98d08a3a,8,133.28954100143164
scidocs,hamming_cosine_float,Hamming + Cosine (float),4b96b327c8c128e07266f4059b76d1bc98d08a3a,9,132.215499994345
scidocs,hamming_cosine_float,Hamming + Cosine (float),19115f66f6ac1c02568bbb38eceedfa3521a8cc2,0,136.57954207155854
scidocs,hamming_cosine_float,Hamming + Cosine (float),19115f66f6ac1c02568bbb38eceedfa3521a8cc2,1,129.61966602597386
scidocs,hamming_cosine_float,Hamming + Cosine (float),19115f66f6ac1c02568bbb38eceedfa3521a8cc2,2,130.5860000429675
scidocs,hamming_cosine_float,Hamming + Cosine (float),19115f66f6ac1c02568bbb38eceedfa3521a8cc2,3,125.74837496504188
scidocs,hamming_cosine_float,Hamming + Cosine (float),19115f66f6ac1c02568bbb38eceedfa3521a8cc2,4,126.13154202699661
scidocs,hamming_cosine_float,Hamming + Cosine (float),19115f66f6ac1c02568bbb38eceedfa3521a8cc2,5,125.595209072344
scidocs,hamming_cosine_float,Hamming + Cosine (float),19115f66f6ac1c02568bbb38eceedfa3521a8cc2,6,125.2907500602305
scidocs,hamming_cosine_float,Hamming + Cosine (float),19115f66f6ac1c02568bbb38eceedfa3521a8cc2,7,125.23133296053857
scidocs,hamming_cosine_float,Hamming + Cosine (float),19115f66f6ac1c02568bbb38eceedfa3521a8cc2,8,125.57133310474455
scidocs,hamming_cosine_float,Hamming + Cosine (float),19115f66f6ac1c02568bbb38eceedfa3521a8cc2,9,124.71466697752476
scidocs,hamming_cosine_float,Hamming + Cosine (float),16a8e0646724f730eb52216f9bc1284ddb630fd6,0,133.76625010278076
scidocs,hamming_cosine_float,Hamming + Cosine (float),16a8e0646724f730eb52216f9bc1284ddb630fd6,1,131.4386670710519
scidocs,hamming_cosine_float,Hamming + Cosine (float),16a8e0646724f730eb52216f9bc1284ddb630fd6,2,125.79662504140288
scidocs,hamming_cosine_float,Hamming + Cosine (float),16a8e0646724f730eb52216f9bc1284ddb630fd6,3,134.82554198708385
scidocs,hamming_cosine_float,Hamming + Cosine (float),16a8e0646724f730eb52216f9bc1284ddb630fd6,4,133.80233303178102
scidocs,hamming_cosine_float,Hamming + Cosine (float),16a8e0646724f730eb52216f9bc1284ddb630fd6,5,125.75637502595782
scidocs,hamming_cosine_float,Hamming + Cosine (float),16a8e0646724f730eb52216f9bc1284ddb630fd6,6,125.70020905695856
scidocs,hamming_cosine_float,Hamming + Cosine (float),16a8e0646724f730eb52216f9bc1284ddb630fd6,7,136.49154093582183
scidocs,hamming_cosine_float,Hamming + Cosine (float),16a8e0646724f730eb52216f9bc1284ddb630fd6,8,130.13870804570615
scidocs,hamming_cosine_float,Hamming + Cosine (float),16a8e0646724f730eb52216f9bc1284ddb630fd6,9,127.88458296563476
scidocs,hamming_cosine_float,Hamming + Cosine (float),54cd8bfbe670a2fd787ff079bdeb11244a2609e8,0,126.95945799350739
scidocs,hamming_cosine_float,Hamming + Cosine (float),54cd8bfbe670a2fd787ff079bdeb11244a2609e8,1,134.17716696858406
scidocs,hamming_cosine_float,Hamming + Cosine (float),54cd8bfbe670a2fd787ff079bdeb11244a2609e8,2,131.86874997336417
scidocs,hamming_cosine_float,Hamming + Cosine (float),54cd8bfbe670a2fd787ff079bdeb11244a2609e8,3,127.39204103127122
scidocs,hamming_cosine_float,Hamming + Cosine (float),54cd8bfbe670a2fd787ff079bdeb11244a2609e8,4,127.03624996356666
scidocs,hamming_cosine_float,Hamming + Cosine (float),54cd8bfbe670a2fd787ff079bdeb11244a2609e8,5,138.28700000885874
scidocs,hamming_cosine_float,Hamming + Cosine (float),54cd8bfbe670a2fd787ff079bdeb11244a2609e8,6,131.13250001333654
scidocs,hamming_cosine_float,Hamming + Cosine (float),54cd8bfbe670a2fd787ff079bdeb11244a2609e8,7,126.61033298354596
scidocs,hamming_cosine_float,Hamming + Cosine (float),54cd8bfbe670a2fd787ff079bdeb11244a2609e8,8,127.10687494836748
scidocs,hamming_cosine_float,Hamming + Cosine (float),54cd8bfbe670a2fd787ff079bdeb11244a2609e8,9,127.44333292357624
scidocs,cosine_int8,Cosine (int8),4cbd3754645c60ad0c6f792c503be14b99ecd1db,0,157.07987500354648
scidocs,cosine_int8,Cosine (int8),4cbd3754645c60ad0c6f792c503be14b99ecd1db,1,159.2580839060247
scidocs,cosine_int8,Cosine (int8),4cbd3754645c60ad0c6f792c503be14b99ecd1db,2,158.41362497303635
scidocs,cosine_int8,Cosine (int8),4cbd3754645c60ad0c6f792c503be14b99ecd1db,3,158.40366599150002
scidocs,cosine_int8,Cosine (int8),4cbd3754645c60ad0c6f792c503be14b99ecd1db,4,160.44762497767806
scidocs,cosine_int8,Cosine (int8),4cbd3754645c60ad0c6f792c503be14b99ecd1db,5,157.62737498153
scidocs,cosine_int8,Cosine (int8),4cbd3754645c60ad0c6f792c503be14b99ecd1db,6,179.81529200915247
scidocs,cosine_int8,Cosine (int8),4cbd3754645c60ad0c6f792c503be14b99ecd1db,7,171.90325004048645
scidocs,cosine_int8,Cosine (int8),4cbd3754645c60ad0c6f792c503be14b99ecd1db,8,171.9289169413969
scidocs,cosine_int8,Cosine (int8),4cbd3754645c60ad0c6f792c503be14b99ecd1db,9,161.9857910554856
scidocs,cosine_int8,Cosine (int8),3f42c32316c50b4a03de8c4597159c68a8d07776,0,154.3687500525266
scidocs,cosine_int8,Cosine (int8),3f42c32316c50b4a03de8c4597159c68a8d07776,1,155.47341702040285
scidocs,cosine_int8,Cosine (int8),3f42c32316c50b4a03de8c4597159c68a8d07776,2,172.39662492647767
scidocs,cosine_int8,Cosine (int8),3f42c32316c50b4a03de8c4597159c68a8d07776,3,169.56650000065565
scidocs,cosine_int8,Cosine (int8),3f42c32316c50b4a03de8c4597159c68a8d07776,4,172.3375420551747
scidocs,cosine_int8,Cosine (int8),3f42c32316c50b4a03de8c4597159c68a8d07776,5,157.0491250604391
scidocs,cosine_int8,Cosine (int8),3f42c32316c50b4a03de8c4597159c68a8d07776,6,153.952999971807
scidocs,cosine_int8,Cosine (int8),3f42c32316c50b4a03de8c4597159c68a8d07776,7,153.98937498684973
scidocs,cosine_int8,Cosine (int8),3f42c32316c50b4a03de8c4597159c68a8d07776,8,155.14870802871883
scidocs,cosine_int8,Cosine (int8),3f42c32316c50b4a03de8c4597159c68a8d07776,9,164.7031670436263
scidocs,cosine_int8,Cosine (int8),240cd5f1b47a68c9dcc04b3921e69093c9a55b02,0,156.36645804625005
scidocs,cosine_int8,Cosine (int8),240cd5f1b47a68c9dcc04b3921e69093c9a55b02,1,156.73749998677522
scidocs,cosine_int8,Cosine (int8),240cd5f1b47a68c9dcc04b3921e69093c9a55b02,2,156.28137497697026
scidocs,cosine_int8,Cosine (int8),240cd5f1b47a68c9dcc04b3921e69093c9a55b02,3,156.10733290668577
scidocs,cosine_int8,Cosine (int8),240cd5f1b47a68c9dcc04b3921e69093c9a55b02,4,156.15616599097848
scidocs,cosine_int8,Cosine (int8),240cd5f1b47a68c9dcc04b3921e69093c9a55b02,5,162.55791706498712
scidocs,cosine_int8,Cosine (int8),240cd5f1b47a68c9dcc04b3921e69093c9a55b02,6,156.26245795283467
scidocs,cosine_int8,Cosine (int8),240cd5f1b47a68c9dcc04b3921e69093c9a55b02,7,156.04054206050932
scidocs,cosine_int8,Cosine (int8),240cd5f1b47a68c9dcc04b3921e69093c9a55b02,8,156.8100000731647
scidocs,cosine_int8,Cosine (int8),240cd5f1b47a68c9dcc04b3921e69093c9a55b02,9,157.9661249415949
scidocs,cosine_int8,Cosine (int8),30ef88ee401f70cf43b330b475d30f7f5e722630,0,158.17866707220674
scidocs,cosine_int8,Cosine (int8),30ef88ee401f70cf43b330b475d30f7f5e722630,1,155.13970900792629
scidocs,cosine_int8,Cosine (int8),30ef88ee401f70cf43b330b475d30f7f5e722630,2,157.54333301447332
scidocs,cosine_int8,Cosine (int8),30ef88ee401f70cf43b330b475d30f7f5e722630,3,218.109666951932
scidocs,cosine_int8,Cosine (int8),30ef88ee401f70cf43b330b475d30f7f5e722630,4,155.7421248871833
scidocs,cosine_int8,Cosine (int8),30ef88ee401f70cf43b330b475d30f7f5e722630,5,163.5895000072196
scidocs,cosine_int8,Cosine (int8),30ef88ee401f70cf43b330b475d30f7f5e722630,6,154.86854093614966
scidocs,cosine_int8,Cosine (int8),30ef88ee401f70cf43b330b475d30f7f5e722630,7,154.48045800440013
scidocs,cosine_int8,Cosine (int8),30ef88ee401f70cf43b330b475d30f7f5e722630,8,155.20179201848805
scidocs,cosine_int8,Cosine (int8),30ef88ee401f70cf43b330b475d30f7f5e722630,9,154.63254100177437
scidocs,cosine_int8,Cosine (int8),fa3894d83f83d7d05f54b2c87158dc7a2288dc1c,0,157.6050000730902
scidocs,cosine_int8,Cosine (int8),fa3894d83f83d7d05f54b2c87158dc7a2288dc1c,1,152.93054096400738
scidocs,cosine_int8,Cosine (int8),fa3894d83f83d7d05f54b2c87158dc7a2288dc1c,2,158.48470793571323
scidocs,cosine_int8,Cosine (int8),fa3894d83f83d7d05f54b2c87158dc7a2288dc1c,3,157.0416659815237
scidocs,cosine_int8,Cosine (int8),fa3894d83f83d7d05f54b2c87158dc7a2288dc1c,4,157.7705410309136
scidocs,cosine_int8,Cosine (int8),fa3894d83f83d7d05f54b2c87158dc7a2288dc1c,5,154.35399999842048
scidocs,cosine_int8,Cosine (int8),fa3894d83f83d7d05f54b2c87158dc7a2288dc1c,6,152.6585000101477
scidocs,cosine_int8,Cosine (int8),fa3894d83f83d7d05f54b2c87158dc7a2288dc1c,7,154.65012507047504
scidocs,cosine_int8,Cosine (int8),fa3894d83f83d7d05f54b2c87158dc7a2288dc1c,8,155.007041990757
scidocs,cosine_int8,Cosine (int8),fa3894d83f83d7d05f54b2c87158dc7a2288dc1c,9,162.41104097571224
scidocs,cosine_int8,Cosine (int8),bd034b87414c58fc731c193fdd37f59b3db883fa,0,156.21887508314103
scidocs,cosine_int8,Cosine (int8),bd034b87414c58fc731c193fdd37f59b3db883fa,1,157.15129091404378
scidocs,cosine_int8,Cosine (int8),bd034b87414c58fc731c193fdd37f59b3db883fa,2,156.40129102393985
scidocs,cosine_int8,Cosine (int8),bd034b87414c58fc731c193fdd37f59b3db883fa,3,153.63674995023757
scidocs,cosine_int8,Cosine (int8),bd034b87414c58fc731c193fdd37f59b3db883fa,4,159.00787501595914
scidocs,cosine_int8,Cosine (int8),bd034b87414c58fc731c193fdd37f59b3db883fa,5,156.1543750576675
scidocs,cosine_int8,Cosine (int8),bd034b87414c58fc731c193fdd37f59b3db883fa,6,158.196417032741
scidocs,cosine_int8,Cosine (int8),bd034b87414c58fc731c193fdd37f59b3db883fa,7,156.80908295325935
scidocs,cosine_int8,Cosine (int8),bd034b87414c58fc731c193fdd37f59b3db883fa,8,157.21145796123892
scidocs,cosine_int8,Cosine (int8),bd034b87414c58fc731c193fdd37f59b3db883fa,9,159.1214999789372
scidocs,cosine_int8,Cosine (int8),4b96b327c8c128e07266f4059b76d1bc98d08a3a,0,148.50283390842378
scidocs,cosine_int8,Cosine (int8),4b96b327c8c128e07266f4059b76d1bc98d08a3a,1,150.767375016585
scidocs,cosine_int8,Cosine (int8),4b96b327c8c128e07266f4059b76d1bc98d08a3a,2,149.74220900330693
scidocs,cosine_int8,Cosine (int8),4b96b327c8c128e07266f4059b76d1bc98d08a3a,3,148.47162505611777
scidocs,cosine_int8,Cosine (int8),4b96b327c8c128e07266f4059b76d1bc98d08a3a,4,158.63287507090718
scidocs,cosine_int8,Cosine (int8),4b96b327c8c128e07266f4059b76d1bc98d08a3a,5,154.93324992712587
scidocs,cosine_int8,Cosine (int8),4b96b327c8c128e07266f4059b76d1bc98d08a3a,6,156.85804199893028
scidocs,cosine_int8,Cosine (int8),4b96b327c8c128e07266f4059b76d1bc98d08a3a,7,158.82091701496392
scidocs,cosine_int8,Cosine (int8),4b96b327c8c128e07266f4059b76d1bc98d08a3a,8,155.72533302474767
scidocs,cosine_int8,Cosine (int8),4b96b327c8c128e07266f4059b76d1bc98d08a3a,9,151.22200001496822
scidocs,cosine_int8,Cosine (int8),19115f66f6ac1c02568bbb38eceedfa3521a8cc2,0,145.83987498190254
scidocs,cosine_int8,Cosine (int8),19115f66f6ac1c02568bbb38eceedfa3521a8cc2,1,146.38437505345792
scidocs,cosine_int8,Cosine (int8),19115f66f6ac1c02568bbb38eceedfa3521a8cc2,2,145.8392080385238
scidocs,cosine_int8,Cosine (int8),19115f66f6ac1c02568bbb38eceedfa3521a8cc2,3,146.59341692458838
scidocs,cosine_int8,Cosine (int8),19115f66f6ac1c02568bbb38eceedfa3521a8cc2,4,145.7850419683382
scidocs,cosine_int8,Cosine (int8),19115f66f6ac1c02568bbb38eceedfa3521a8cc2,5,146.59770799335092
scidocs,cosine_int8,Cosine (int8),19115f66f6ac1c02568bbb38eceedfa3521a8cc2,6,145.61050001066178
scidocs,cosine_int8,Cosine (int8),19115f66f6ac1c02568bbb38eceedfa3521a8cc2,7,145.70566709153354
scidocs,cosine_int8,Cosine (int8),19115f66f6ac1c02568bbb38eceedfa3521a8cc2,8,145.68475005216897
scidocs,cosine_int8,Cosine (int8),19115f66f6ac1c02568bbb38eceedfa3521a8cc2,9,149.7574580134824
scidocs,cosine_int8,Cosine (int8),16a8e0646724f730eb52216f9bc1284ddb630fd6,0,150.85733297746629
scidocs,cosine_int8,Cosine (int8),16a8e0646724f730eb52216f9bc1284ddb630fd6,1,146.00616705138236
scidocs,cosine_int8,Cosine (int8),16a8e0646724f730eb52216f9bc1284ddb630fd6,2,146.04716701433063
scidocs,cosine_int8,Cosine (int8),16a8e0646724f730eb52216f9bc1284ddb630fd6,3,145.8302920218557
scidocs,cosine_int8,Cosine (int8),16a8e0646724f730eb52216f9bc1284ddb630fd6,4,145.8132500993088
scidocs,cosine_int8,Cosine (int8),16a8e0646724f730eb52216f9bc1284ddb630fd6,5,146.1532919202
scidocs,cosine_int8,Cosine (int8),16a8e0646724f730eb52216f9bc1284ddb630fd6,6,145.84187499713153
scidocs,cosine_int8,Cosine (int8),16a8e0646724f730eb52216f9bc1284ddb630fd6,7,149.14245903491974
scidocs,cosine_int8,Cosine (int8),16a8e0646724f730eb52216f9bc1284ddb630fd6,8,145.20258305128664
scidocs,cosine_int8,Cosine (int8),16a8e0646724f730eb52216f9bc1284ddb630fd6,9,144.95912508573383
scidocs,cosine_int8,Cosine (int8),54cd8bfbe670a2fd787ff079bdeb11244a2609e8,0,146.68895897921175
scidocs,cosine_int8,Cosine (int8),54cd8bfbe670a2fd787ff079bdeb11244a2609e8,1,152.831666986458
scidocs,cosine_int8,Cosine (int8),54cd8bfbe670a2fd787ff079bdeb11244a2609e8,2,154.98395799659193
scidocs,cosine_int8,Cosine (int8),54cd8bfbe670a2fd787ff079bdeb11244a2609e8,3,146.19291690178216
scidocs,cosine_int8,Cosine (int8),54cd8bfbe670a2fd787ff079bdeb11244a2609e8,4,146.03104209527373
scidocs,cosine_int8,Cosine (int8),54cd8bfbe670a2fd787ff079bdeb11244a2609e8,5,145.80141694750637
scidocs,cosine_int8,Cosine (int8),54cd8bfbe670a2fd787ff079bdeb11244a2609e8,6,156.82741696946323
scidocs,cosine_int8,Cosine (int8),54cd8bfbe670a2fd787ff079bdeb11244a2609e8,7,158.5361670004204
scidocs,cosine_int8,Cosine (int8),54cd8bfbe670a2fd787ff079bdeb11244a2609e8,8,210.62337490729988
scidocs,cosine_int8,Cosine (int8),54cd8bfbe670a2fd787ff079bdeb11244a2609e8,9,153.91620807349682
scidocs,cosine_int8_float,Cosine (int8) + Cosine (float),4cbd3754645c60ad0c6f792c503be14b99ecd1db,0,264.7404170129448
scidocs,cosine_int8_float,Cosine (int8) + Cosine (float),4cbd3754645c60ad0c6f792c503be14b99ecd1db,1,270.74125001672655
scidocs,cosine_int8_float,Cosine (int8) + Cosine (float),4cbd3754645c60ad0c6f792c503be14b99ecd1db,2,267.7214170107618
scidocs,cosine_int8_float,Cosine (int8) + Cosine (float),4cbd3754645c60ad0c6f792c503be14b99ecd1db,3,267.31879205908626
scidocs,cosine_int8_float,Cosine (int8) + Cosine (float),4cbd3754645c60ad0c6f792c503be14b99ecd1db,4,264.29079205263406
scidocs,cosine_int8_float,Cosine (int8) + Cosine (float),4cbd3754645c60ad0c6f792c503be14b99ecd1db,5,263.630082947202
scidocs,cosine_int8_float,Cosine (int8) + Cosine (float),4cbd3754645c60ad0c6f792c503be14b99ecd1db,6,263.82433401886374
scidocs,cosine_int8_float,Cosine (int8) + Cosine (float),4cbd3754645c60ad0c6f792c503be14b99ecd1db,7,263.4194999700412
scidocs,cosine_int8_float,Cosine (int8) + Cosine (float),4cbd3754645c60ad0c6f792c503be14b99ecd1db,8,261.97904197033495
scidocs,cosine_int8_float,Cosine (int8) + Cosine (float),4cbd3754645c60ad0c6f792c503be14b99ecd1db,9,267.2691660700366
scidocs,cosine_int8_float,Cosine (int8) + Cosine (float),3f42c32316c50b4a03de8c4597159c68a8d07776,0,261.7952920263633
scidocs,cosine_int8_float,Cosine (int8) + Cosine (float),3f42c32316c50b4a03de8c4597159c68a8d07776,1,262.5491670332849
scidocs,cosine_int8_float,Cosine (int8) + Cosine (float),3f42c32316c50b4a03de8c4597159c68a8d07776,2,271.23724995180964
scidocs,cosine_int8_float,Cosine (int8) + Cosine (float),3f42c32316c50b4a03de8c4597159c68a8d07776,3,261.01050002034754
scidocs,cosine_int8_float,Cosine (int8) + Cosine (float),3f42c32316c50b4a03de8c4597159c68a8d07776,4,266.33758400566876
scidocs,cosine_int8_float,Cosine (int8) + Cosine (float),3f42c32316c50b4a03de8c4597159c68a8d07776,5,264.14570794440806
scidocs,cosine_int8_float,Cosine (int8) + Cosine (float),3f42c32316c50b4a03de8c4597159c68a8d07776,6,272.5824170047417
scidocs,cosine_int8_float,Cosine (int8) + Cosine (float),3f42c32316c50b4a03de8c4597159c68a8d07776,7,265.54150006268173
scidocs,cosine_int8_float,Cosine (int8) + Cosine (float),3f42c32316c50b4a03de8c4597159c68a8d07776,8,262.30583305004984
scidocs,cosine_int8_float,Cosine (int8) + Cosine (float),3f42c32316c50b4a03de8c4597159c68a8d07776,9,267.33691699337214
scidocs,cosine_int8_float,Cosine (int8) + Cosine (float),240cd5f1b47a68c9dcc04b3921e69093c9a55b02,0,263.7887079035863
scidocs,cosine_int8_float,Cosine (int8) + Cosine (float),240cd5f1b47a68c9dcc04b3921e69093c9a55b02,1,262.9943329375237
scidocs,cosine_int8_float,Cosine (int8) + Cosine (float),240cd5f1b47a68c9dcc04b3921e69093c9a55b02,2,264.8312079254538
scidocs,cosine_int8_float,Cosine (int8) + Cosine (float),240cd5f1b47a68c9dcc04b3921e69093c9a55b02,3,265.3382910648361
scidocs,cosine_int8_float,Cosine (int8) + Cosine (float),240cd5f1b47a68c9dcc04b3921e69093c9a55b02,4,263.2400000002235
scidocs,cosine_int8_float,Cosine (int8) + Cosine (float),240cd5f1b47a68c9dcc04b3921e69093c9a55b02,5,264.4048340152949
scidocs,cosine_int8_float,Cosine (int8) + Cosine (float),240cd5f1b47a68c9dcc04b3921e69093c9a55b02,6,261.6679170168936
scidocs,cosine_int8_float,Cosine (int8) + Cosine (float),240cd5f1b47a68c9dcc04b3921e69093c9a55b02,7,264.0024160500616
scidocs,cosine_int8_float,Cosine (int8) + Cosine (float),240cd5f1b47a68c9dcc04b3921e69093c9a55b02,8,260.1249589351937
scidocs,cosine_int8_float,Cosine (int8) + Cosine (float),240cd5f1b47a68c9dcc04b3921e69093c9a55b02,9,261.77537499461323
scidocs,cosine_int8_float,Cosine (int8) + Cosine (float),30ef88ee401f70cf43b330b475d30f7f5e722630,0,261.47516595665365
scidocs,cosine_int8_float,Cosine (int8) + Cosine (float),30ef88ee401f70cf43b330b475d30f7f5e722630,1,259.8771669436246
scidocs,cosine_int8_float,Cosine (int8) + Cosine (float),30ef88ee401f70cf43b330b475d30f7f5e722630,2,257.59270903654397
scidocs,cosine_int8_float,Cosine (int8) + Cosine (float),30ef88ee401f70cf43b330b475d30f7f5e722630,3,257.649915991351
scidocs,cosine_int8_float,Cosine (int8) + Cosine (float),30ef88ee401f70cf43b330b475d30f7f5e722630,4,257.8748340019956
scidocs,cosine_int8_float,Cosine (int8) + Cosine (float),30ef88ee401f70cf43b330b475d30f7f5e722630,5,257.107250043191
scidocs,cosine_int8_float,Cosine (int8) + Cosine (float),30ef88ee401f70cf43b330b475d30f7f5e722630,6,258.7809159886092
scidocs,cosine_int8_float,Cosine (int8) + Cosine (float),30ef88ee401f70cf43b330b475d30f7f5e722630,7,263.22262501344085
scidocs,cosine_int8_float,Cosine (int8) + Cosine (float),30ef88ee401f70cf43b330b475d30f7f5e722630,8,260.9543330036104
scidocs,cosine_int8_float,Cosine (int8) + Cosine (float),30ef88ee401f70cf43b330b475d30f7f5e722630,9,256.4886669861153
scidocs,cosine_int8_float,Cosine (int8) + Cosine (float),fa3894d83f83d7d05f54b2c87158dc7a2288dc1c,0,258.8990000076592
scidocs,cosine_int8_float,Cosine (int8) + Cosine (float),fa3894d83f83d7d05f54b2c87158dc7a2288dc1c,1,259.4384999247268
scidocs,cosine_int8_float,Cosine (int8) + Cosine (float),fa3894d83f83d7d05f54b2c87158dc7a2288dc1c,2,258.86895903386176
scidocs,cosine_int8_float,Cosine (int8) + Cosine (float),fa3894d83f83d7d05f54b2c87158dc7a2288dc1c,3,259.3785000499338
scidocs,cosine_int8_float,Cosine (int8) + Cosine (float),fa3894d83f83d7d05f54b2c87158dc7a2288dc1c,4,266.2068330682814
scidocs,cosine_int8_float,Cosine (int8) + Cosine (float),fa3894d83f83d7d05f54b2c87158dc7a2288dc1c,5,263.5787079343572
scidocs,cosine_int8_float,Cosine (int8) + Cosine (float),fa3894d83f83d7d05f54b2c87158dc7a2288dc1c,6,260.211042012088
scidocs,cosine_int8_float,Cosine (int8) + Cosine (float),fa3894d83f83d7d05f54b2c87158dc7a2288dc1c,7,268.39287497568876
scidocs,cosine_int8_float,Cosine (int8) + Cosine (float),fa3894d83f83d7d05f54b2c87158dc7a2288dc1c,8,267.52350002061576
scidocs,cosine_int8_float,Cosine (int8) + Cosine (float),fa3894d83f83d7d05f54b2c87158dc7a2288dc1c,9,279.70108401495963
scidocs,cosine_int8_float,Cosine (int8) + Cosine (float),bd034b87414c58fc731c193fdd37f59b3db883fa,0,270.8910829387605
scidocs,cosine_int8_float,Cosine (int8) + Cosine (float),bd034b87414c58fc731c193fdd37f59b3db883fa,1,360.31279200688004
scidocs,cosine_int8_float,Cosine (int8) + Cosine (float),bd034b87414c58fc731c193fdd37f59b3db883fa,2,283.08316599577665
scidocs,cosine_int8_float,Cosine (int8) + Cosine (float),bd034b87414c58fc731c193fdd37f59b3db883fa,3,263.65683309268206
scidocs,cosine_int8_float,Cosine (int8) + Cosine (float),bd034b87414c58fc731c193fdd37f59b3db883fa,4,263.5470839450136
scidocs,cosine_int8_float,Cosine (int8) + Cosine (float),bd034b87414c58fc731c193fdd37f59b3db883fa,5,265.1843340136111
scidocs,cosine_int8_float,Cosine (int8) + Cosine (float),bd034b87414c58fc731c193fdd37f59b3db883fa,6,266.52987499255687
scidocs,cosine_int8_float,Cosine (int8) + Cosine (float),bd034b87414c58fc731c193fdd37f59b3db883fa,7,270.429166033864
scidocs,cosine_int8_float,Cosine (int8) + Cosine (float),bd034b87414c58fc731c193fdd37f59b3db883fa,8,269.53641697764397
scidocs,cosine_int8_float,Cosine (int8) + Cosine (float),bd034b87414c58fc731c193fdd37f59b3db883fa,9,264.729458023794
scidocs,cosine_int8_float,Cosine (int8) + Cosine (float),4b96b327c8c128e07266f4059b76d1bc98d08a3a,0,271.6415000613779
scidocs,cosine_int8_float,Cosine (int8) + Cosine (float),4b96b327c8c128e07266f4059b76d1bc98d08a3a,1,263.8797080144286
scidocs,cosine_int8_float,Cosine (int8) + Cosine (float),4b96b327c8c128e07266f4059b76d1bc98d08a3a,2,260.16191695816815
scidocs,cosine_int8_float,Cosine (int8) + Cosine (float),4b96b327c8c128e07266f4059b76d1bc98d08a3a,3,267.2928749816492
scidocs,cosine_int8_float,Cosine (int8) + Cosine (float),4b96b327c8c128e07266f4059b76d1bc98d08a3a,4,259.13091702386737
scidocs,cosine_int8_float,Cosine (int8) + Cosine (float),4b96b327c8c128e07266f4059b76d1bc98d08a3a,5,265.9365419531241
scidocs,cosine_int8_float,Cosine (int8) + Cosine (float),4b96b327c8c128e07266f4059b76d1bc98d08a3a,6,263.1660000188276
scidocs,cosine_int8_float,Cosine (int8) + Cosine (float),4b96b327c8c128e07266f4059b76d1bc98d08a3a,7,261.42541703302413
scidocs,cosine_int8_float,Cosine (int8) + Cosine (float),4b96b327c8c128e07266f4059b76d1bc98d08a3a,8,260.6444590492174
scidocs,cosine_int8_float,Cosine (int8) + Cosine (float),4b96b327c8c128e07266f4059b76d1bc98d08a3a,9,258.48833296913654
scidocs,cosine_int8_float,Cosine (int8) + Cosine (float),19115f66f6ac1c02568bbb38eceedfa3521a8cc2,0,257.61774997226894
scidocs,cosine_int8_float,Cosine (int8) + Cosine (float),19115f66f6ac1c02568bbb38eceedfa3521a8cc2,1,259.4522499712184
scidocs,cosine_int8_float,Cosine (int8) + Cosine (float),19115f66f6ac1c02568bbb38eceedfa3521a8cc2,2,263.95162497647107
scidocs,cosine_int8_float,Cosine (int8) + Cosine (float),19115f66f6ac1c02568bbb38eceedfa3521a8cc2,3,262.42862502112985
scidocs,cosine_int8_float,Cosine (int8) + Cosine (float),19115f66f6ac1c02568bbb38eceedfa3521a8cc2,4,256.54379196930677
scidocs,cosine_int8_float,Cosine (int8) + Cosine (float),19115f66f6ac1c02568bbb38eceedfa3521a8cc2,5,257.3952079983428
scidocs,cosine_int8_float,Cosine (int8) + Cosine (float),19115f66f6ac1c02568bbb38eceedfa3521a8cc2,6,263.3486670674756
scidocs,cosine_int8_float,Cosine (int8) + Cosine (float),19115f66f6ac1c02568bbb38eceedfa3521a8cc2,7,257.3354169726372
scidocs,cosine_int8_float,Cosine (int8) + Cosine (float),19115f66f6ac1c02568bbb38eceedfa3521a8cc2,8,263.9515839982778
scidocs,cosine_int8_float,Cosine (int8) + Cosine (float),19115f66f6ac1c02568bbb38eceedfa3521a8cc2,9,322.98358296975493
scidocs,cosine_int8_float,Cosine (int8) + Cosine (float),16a8e0646724f730eb52216f9bc1284ddb630fd6,0,262.4900829978287
scidocs,cosine_int8_float,Cosine (int8) + Cosine (float),16a8e0646724f730eb52216f9bc1284ddb630fd6,1,261.35608402546495
scidocs,cosine_int8_float,Cosine (int8) + Cosine (float),16a8e0646724f730eb52216f9bc1284ddb630fd6,2,255.830374895595
scidocs,cosine_int8_float,Cosine (int8) + Cosine (float),16a8e0646724f730eb52216f9bc1284ddb630fd6,3,266.57995802816004
scidocs,cosine_int8_float,Cosine (int8) + Cosine (float),16a8e0646724f730eb52216f9bc1284ddb630fd6,4,260.2104169782251
scidocs,cosine_int8_float,Cosine (int8) + Cosine (float),16a8e0646724f730eb52216f9bc1284ddb630fd6,5,254.39920800272375
scidocs,cosine_int8_float,Cosine (int8) + Cosine (float),16a8e0646724f730eb52216f9bc1284ddb630fd6,6,257.2985419537872
scidocs,cosine_int8_float,Cosine (int8) + Cosine (float),16a8e0646724f730eb52216f9bc1284ddb630fd6,7,262.0177089702338
scidocs,cosine_int8_float,Cosine (int8) + Cosine (float),16a8e0646724f730eb52216f9bc1284ddb630fd6,8,256.58120901789516
scidocs,cosine_int8_float,Cosine (int8) + Cosine (float),16a8e0646724f730eb52216f9bc1284ddb630fd6,9,255.0840419717133
scidocs,cosine_int8_float,Cosine (int8) + Cosine (float),54cd8bfbe670a2fd787ff079bdeb11244a2609e8,0,257.0904999738559
scidocs,cosine_int8_float,Cosine (int8) + Cosine (float),54cd8bfbe670a2fd787ff079bdeb11244a2609e8,1,256.02754100691527
scidocs,cosine_int8_float,Cosine (int8) + Cosine (float),54cd8bfbe670a2fd787ff079bdeb11244a2609e8,2,256.0280419420451
scidocs,cosine_int8_float,Cosine (int8) + Cosine (float),54cd8bfbe670a2fd787ff079bdeb11244a2609e8,3,259.69154201447964
scidocs,cosine_int8_float,Cosine (int8) + Cosine (float),54cd8bfbe670a2fd787ff079bdeb11244a2609e8,4,265.3007920598611
scidocs,cosine_int8_float,Cosine (int8) + Cosine (float),54cd8bfbe670a2fd787ff079bdeb11244a2609e8,5,259.4477499369532
scidocs,cosine_int8_float,Cosine (int8) + Cosine (float),54cd8bfbe670a2fd787ff079bdeb11244a2609e8,6,263.88020801823586
scidocs,cosine_int8_float,Cosine (int8) + Cosine (float),54cd8bfbe670a2fd787ff079bdeb11244a2609e8,7,257.27129098959267
scidocs,cosine_int8_float,Cosine (int8) + Cosine (float),54cd8bfbe670a2fd787ff079bdeb11244a2609e8,8,254.62354195769876
scidocs,cosine_int8_float,Cosine (int8) + Cosine (float),54cd8bfbe670a2fd787ff079bdeb11244a2609e8,9,254.3162499787286
scidocs,cosine_float,Cosine (float),4cbd3754645c60ad0c6f792c503be14b99ecd1db,0,230.40750005748123
scidocs,cosine_float,Cosine (float),4cbd3754645c60ad0c6f792c503be14b99ecd1db,1,296.0024169879034
scidocs,cosine_float,Cosine (float),4cbd3754645c60ad0c6f792c503be14b99ecd1db,2,227.60362504050136
scidocs,cosine_float,Cosine (float),4cbd3754645c60ad0c6f792c503be14b99ecd1db,3,225.34970799461007
scidocs,cosine_float,Cosine (float),4cbd3754645c60ad0c6f792c503be14b99ecd1db,4,228.16770803183317
scidocs,cosine_float,Cosine (float),4cbd3754645c60ad0c6f792c503be14b99ecd1db,5,226.5175828943029
scidocs,cosine_float,Cosine (float),4cbd3754645c60ad0c6f792c503be14b99ecd1db,6,224.07983290031552
scidocs,cosine_float,Cosine (float),4cbd3754645c60ad0c6f792c503be14b99ecd1db,7,225.05766595713794
scidocs,cosine_float,Cosine (float),4cbd3754645c60ad0c6f792c503be14b99ecd1db,8,228.28437492717057
scidocs,cosine_float,Cosine (float),4cbd3754645c60ad0c6f792c503be14b99ecd1db,9,231.58362496178597
scidocs,cosine_float,Cosine (float),3f42c32316c50b4a03de8c4597159c68a8d07776,0,226.57262498978525
scidocs,cosine_float,Cosine (float),3f42c32316c50b4a03de8c4597159c68a8d07776,1,222.38549997564405
scidocs,cosine_float,Cosine (float),3f42c32316c50b4a03de8c4597159c68a8d07776,2,221.87137498985976
scidocs,cosine_float,Cosine (float),3f42c32316c50b4a03de8c4597159c68a8d07776,3,225.4545419709757
scidocs,cosine_float,Cosine (float),3f42c32316c50b4a03de8c4597159c68a8d07776,4,224.92791700642556
scidocs,cosine_float,Cosine (float),3f42c32316c50b4a03de8c4597159c68a8d07776,5,225.9505830006674
scidocs,cosine_float,Cosine (float),3f42c32316c50b4a03de8c4597159c68a8d07776,6,225.32237495761365
scidocs,cosine_float,Cosine (float),3f42c32316c50b4a03de8c4597159c68a8d07776,7,225.1609170343727
scidocs,cosine_float,Cosine (float),3f42c32316c50b4a03de8c4597159c68a8d07776,8,233.4105420159176
scidocs,cosine_float,Cosine (float),3f42c32316c50b4a03de8c4597159c68a8d07776,9,225.19420902244747
scidocs,cosine_float,Cosine (float),240cd5f1b47a68c9dcc04b3921e69093c9a55b02,0,228.11066592112184
scidocs,cosine_float,Cosine (float),240cd5f1b47a68c9dcc04b3921e69093c9a55b02,1,235.59774993918836
scidocs,cosine_float,Cosine (float),240cd5f1b47a68c9dcc04b3921e69093c9a55b02,2,228.6390420049429
scidocs,cosine_float,Cosine (float),240cd5f1b47a68c9dcc04b3921e69093c9a55b02,3,229.71754206810147
scidocs,cosine_float,Cosine (float),240cd5f1b47a68c9dcc04b3921e69093c9a55b02,4,226.72641708049923
scidocs,cosine_float,Cosine (float),240cd5f1b47a68c9dcc04b3921e69093c9a55b02,5,233.6760830366984
scidocs,cosine_float,Cosine (float),240cd5f1b47a68c9dcc04b3921e69093c9a55b02,6,238.25379204936326
scidocs,cosine_float,Cosine (float),240cd5f1b47a68c9dcc04b3921e69093c9a55b02,7,231.6666250117123
scidocs,cosine_float,Cosine (float),240cd5f1b47a68c9dcc04b3921e69093c9a55b02,8,224.0316669922322
scidocs,cosine_float,Cosine (float),240cd5f1b47a68c9dcc04b3921e69093c9a55b02,9,225.11987492907792
scidocs,cosine_float,Cosine (float),30ef88ee401f70cf43b330b475d30f7f5e722630,0,226.10987501684576
scidocs,cosine_float,Cosine (float),30ef88ee401f70cf43b330b475d30f7f5e722630,1,225.56820802856237
scidocs,cosine_float,Cosine (float),30ef88ee401f70cf43b330b475d30f7f5e722630,2,224.05504202470183
scidocs,cosine_float,Cosine (float),30ef88ee401f70cf43b330b475d30f7f5e722630,3,231.14654200617224
scidocs,cosine_float,Cosine (float),30ef88ee401f70cf43b330b475d30f7f5e722630,4,238.5437919292599
scidocs,cosine_float,Cosine (float),30ef88ee401f70cf43b330b475d30f7f5e722630,5,226.7935830168426
scidocs,cosine_float,Cosine (float),30ef88ee401f70cf43b330b475d30f7f5e722630,6,225.56020796764642
scidocs,cosine_float,Cosine (float),30ef88ee401f70cf43b330b475d30f7f5e722630,7,227.14179195463657
scidocs,cosine_float,Cosine (float),30ef88ee401f70cf43b330b475d30f7f5e722630,8,225.4862500121817
scidocs,cosine_float,Cosine (float),30ef88ee401f70cf43b330b475d30f7f5e722630,9,222.61170798446983
scidocs,cosine_float,Cosine (float),fa3894d83f83d7d05f54b2c87158dc7a2288dc1c,0,229.07574998680502
scidocs,cosine_float,Cosine (float),fa3894d83f83d7d05f54b2c87158dc7a2288dc1c,1,302.17391590122133
scidocs,cosine_float,Cosine (float),fa3894d83f83d7d05f54b2c87158dc7a2288dc1c,2,236.59549991134554
scidocs,cosine_float,Cosine (float),fa3894d83f83d7d05f54b2c87158dc7a2288dc1c,3,229.4635419966653
scidocs,cosine_float,Cosine (float),fa3894d83f83d7d05f54b2c87158dc7a2288dc1c,4,226.46941698621958
scidocs,cosine_float,Cosine (float),fa3894d83f83d7d05f54b2c87158dc7a2288dc1c,5,225.46429198700935
scidocs,cosine_float,Cosine (float),fa3894d83f83d7d05f54b2c87158dc7a2288dc1c,6,231.29108303692192
scidocs,cosine_float,Cosine (float),fa3894d83f83d7d05f54b2c87158dc7a2288dc1c,7,230.01183394808322
scidocs,cosine_float,Cosine (float),fa3894d83f83d7d05f54b2c87158dc7a2288dc1c,8,225.21137492731214
scidocs,cosine_float,Cosine (float),fa3894d83f83d7d05f54b2c87158dc7a2288dc1c,9,225.6196669768542
scidocs,cosine_float,Cosine (float),bd034b87414c58fc731c193fdd37f59b3db883fa,0,224.82758306432515
scidocs,cosine_float,Cosine (float),bd034b87414c58fc731c193fdd37f59b3db883fa,1,226.75129200797528
scidocs,cosine_float,Cosine (float),bd034b87414c58fc731c193fdd37f59b3db883fa,2,224.6239579981193
scidocs,cosine_float,Cosine (float),bd034b87414c58fc731c193fdd37f59b3db883fa,3,225.46837502159178
scidocs,cosine_float,Cosine (float),bd034b87414c58fc731c193fdd37f59b3db883fa,4,226.7591659910977
scidocs,cosine_float,Cosine (float),bd034b87414c58fc731c193fdd37f59b3db883fa,5,226.13216703757644
scidocs,cosine_float,Cosine (float),bd034b87414c58fc731c193fdd37f59b3db883fa,6,227.46666695456952
scidocs,cosine_float,Cosine (float),bd034b87414c58fc731c193fdd37f59b3db883fa,7,224.92274991236627
scidocs,cosine_float,Cosine (float),bd034b87414c58fc731c193fdd37f59b3db883fa,8,238.44691703561693
scidocs,cosine_float,Cosine (float),bd034b87414c58fc731c193fdd37f59b3db883fa,9,235.63795909285545
scidocs,cosine_float,Cosine (float),4b96b327c8c128e07266f4059b76d1bc98d08a3a,0,222.11916698142886
scidocs,cosine_float,Cosine (float),4b96b327c8c128e07266f4059b76d1bc98d08a3a,1,233.42191707342863
scidocs,cosine_float,Cosine (float),4b96b327c8c128e07266f4059b76d1bc98d08a3a,2,232.4200829025358
scidocs,cosine_float,Cosine (float),4b96b327c8c128e07266f4059b76d1bc98d08a3a,3,228.0011250404641
scidocs,cosine_float,Cosine (float),4b96b327c8c128e07266f4059b76d1bc98d08a3a,4,225.3468750277534
scidocs,cosine_float,Cosine (float),4b96b327c8c128e07266f4059b76d1bc98d08a3a,5,225.47733399551362
scidocs,cosine_float,Cosine (float),4b96b327c8c128e07266f4059b76d1bc98d08a3a,6,306.52025004383177
scidocs,cosine_float,Cosine (float),4b96b327c8c128e07266f4059b76d1bc98d08a3a,7,224.25845894031227
scidocs,cosine_float,Cosine (float),4b96b327c8c128e07266f4059b76d1bc98d08a3a,8,226.5410419786349
scidocs,cosine_float,Cosine (float),4b96b327c8c128e07266f4059b76d1bc98d08a3a,9,224.562791059725
scidocs,cosine_float,Cosine (float),19115f66f6ac1c02568bbb38eceedfa3521a8cc2,0,222.90791606064886
scidocs,cosine_float,Cosine (float),19115f66f6ac1c02568bbb38eceedfa3521a8cc2,1,220.33841698430479
scidocs,cosine_float,Cosine (float),19115f66f6ac1c02568bbb38eceedfa3521a8cc2,2,226.27316694706678
scidocs,cosine_float,Cosine (float),19115f66f6ac1c02568bbb38eceedfa3521a8cc2,3,223.1837920844555
scidocs,cosine_float,Cosine (float),19115f66f6ac1c02568bbb38eceedfa3521a8cc2,4,225.6937079364434
scidocs,cosine_float,Cosine (float),19115f66f6ac1c02568bbb38eceedfa3521a8cc2,5,225.62695806846023
scidocs,cosine_float,Cosine (float),19115f66f6ac1c02568bbb38eceedfa3521a8cc2,6,222.11308300029486
scidocs,cosine_float,Cosine (float),19115f66f6ac1c02568bbb38eceedfa3521a8cc2,7,225.2061249455437
scidocs,cosine_float,Cosine (float),19115f66f6ac1c02568bbb38eceedfa3521a8cc2,8,226.82874999009073
scidocs,cosine_float,Cosine (float),19115f66f6ac1c02568bbb38eceedfa3521a8cc2,9,225.82570801023394
scidocs,cosine_float,Cosine (float),16a8e0646724f730eb52216f9bc1284ddb630fd6,0,227.21591696608812
scidocs,cosine_float,Cosine (float),16a8e0646724f730eb52216f9bc1284ddb630fd6,1,222.5001249462366
scidocs,cosine_float,Cosine (float),16a8e0646724f730eb52216f9bc1284ddb630fd6,2,237.77808307204396
scidocs,cosine_float,Cosine (float),16a8e0646724f730eb52216f9bc1284ddb630fd6,3,230.95604206901044
scidocs,cosine_float,Cosine (float),16a8e0646724f730eb52216f9bc1284ddb630fd6,4,222.7595419390127
scidocs,cosine_float,Cosine (float),16a8e0646724f730eb52216f9bc1284ddb630fd6,5,223.19620905909687
scidocs,cosine_float,Cosine (float),16a8e0646724f730eb52216f9bc1284ddb630fd6,6,221.09687502961606
scidocs,cosine_float,Cosine (float),16a8e0646724f730eb52216f9bc1284ddb630fd6,7,222.5358330179006
scidocs,cosine_float,Cosine (float),16a8e0646724f730eb52216f9bc1284ddb630fd6,8,220.77541600447148
scidocs,cosine_float,Cosine (float),16a8e0646724f730eb52216f9bc1284ddb630fd6,9,220.74474999681115
scidocs,cosine_float,Cosine (float),54cd8bfbe670a2fd787ff079bdeb11244a2609e8,0,247.93987500015646
scidocs,cosine_float,Cosine (float),54cd8bfbe670a2fd787ff079bdeb11244a2609e8,1,240.53304200060666
scidocs,cosine_float,Cosine (float),54cd8bfbe670a2fd787ff079bdeb11244a2609e8,2,232.1780420606956
scidocs,cosine_float,Cosine (float),54cd8bfbe670a2fd787ff079bdeb11244a2609e8,3,235.07145897019655
scidocs,cosine_float,Cosine (float),54cd8bfbe670a2fd787ff079bdeb11244a2609e8,4,224.8242920031771
scidocs,cosine_float,Cosine (float),54cd8bfbe670a2fd787ff079bdeb11244a2609e8,5,237.03712492715567
scidocs,cosine_float,Cosine (float),54cd8bfbe670a2fd787ff079bdeb11244a2609e8,6,231.72099993098527
scidocs,cosine_float,Cosine (float),54cd8bfbe670a2fd787ff079bdeb11244a2609e8,7,344.0189999528229
scidocs,cosine_float,Cosine (float),54cd8bfbe670a2fd787ff079bdeb11244a2609e8,8,241.0067500313744
scidocs,cosine_float,Cosine (float),54cd8bfbe670a2fd787ff079bdeb11244a2609e8,9,229.95274991262704
scidocs,rrf_hamming,RRF (BM25 + Hamming),4cbd3754645c60ad0c6f792c503be14b99ecd1db,0,43.308750027790666
scidocs,rrf_hamming,RRF (BM25 + Hamming),4cbd3754645c60ad0c6f792c503be14b99ecd1db,1,43.110999977216125
scidocs,rrf_hamming,RRF (BM25 + Hamming),4cbd3754645c60ad0c6f792c503be14b99ecd1db,2,43.08420803863555
scidocs,rrf_hamming,RRF (BM25 + Hamming),4cbd3754645c60ad0c6f792c503be14b99ecd1db,3,42.6622920203954
scidocs,rrf_hamming,RRF (BM25 + Hamming),4cbd3754645c60ad0c6f792c503be14b99ecd1db,4,42.893582955002785
scidocs,rrf_hamming,RRF (BM25 + Hamming),4cbd3754645c60ad0c6f792c503be14b99ecd1db,5,42.56520792841911
scidocs,rrf_hamming,RRF (BM25 + Hamming),4cbd3754645c60ad0c6f792c503be14b99ecd1db,6,43.406540993601084
scidocs,rrf_hamming,RRF (BM25 + Hamming),4cbd3754645c60ad0c6f792c503be14b99ecd1db,7,42.66454209573567
scidocs,rrf_hamming,RRF (BM25 + Hamming),4cbd3754645c60ad0c6f792c503be14b99ecd1db,8,45.169458957389
scidocs,rrf_hamming,RRF (BM25 + Hamming),4cbd3754645c60ad0c6f792c503be14b99ecd1db,9,66.04012497700751
scidocs,rrf_hamming,RRF (BM25 + Hamming),3f42c32316c50b4a03de8c4597159c68a8d07776,0,38.47529191989452
scidocs,rrf_hamming,RRF (BM25 + Hamming),3f42c32316c50b4a03de8c4597159c68a8d07776,1,36.30887495819479
scidocs,rrf_hamming,RRF (BM25 + Hamming),3f42c32316c50b4a03de8c4597159c68a8d07776,2,35.60833295341581
scidocs,rrf_hamming,RRF (BM25 + Hamming),3f42c32316c50b4a03de8c4597159c68a8d07776,3,33.791374997235835
scidocs,rrf_hamming,RRF (BM25 + Hamming),3f42c32316c50b4a03de8c4597159c68a8d07776,4,33.62908307462931
scidocs,rrf_hamming,RRF (BM25 + Hamming),3f42c32316c50b4a03de8c4597159c68a8d07776,5,33.243375015445054
scidocs,rrf_hamming,RRF (BM25 + Hamming),3f42c32316c50b4a03de8c4597159c68a8d07776,6,33.15324999857694
scidocs,rrf_hamming,RRF (BM25 + Hamming),3f42c32316c50b4a03de8c4597159c68a8d07776,7,33.158249920234084
scidocs,rrf_hamming,RRF (BM25 + Hamming),3f42c32316c50b4a03de8c4597159c68a8d07776,8,33.06129097472876
scidocs,rrf_hamming,RRF (BM25 + Hamming),3f42c32316c50b4a03de8c4597159c68a8d07776,9,34.30325002409518
scidocs,rrf_hamming,RRF (BM25 + Hamming),240cd5f1b47a68c9dcc04b3921e69093c9a55b02,0,43.65916701499373
scidocs,rrf_hamming,RRF (BM25 + Hamming),240cd5f1b47a68c9dcc04b3921e69093c9a55b02,1,40.97266704775393
scidocs,rrf_hamming,RRF (BM25 + Hamming),240cd5f1b47a68c9dcc04b3921e69093c9a55b02,2,40.15237500425428
scidocs,rrf_hamming,RRF (BM25 + Hamming),240cd5f1b47a68c9dcc04b3921e69093c9a55b02,3,39.71983294468373
scidocs,rrf_hamming,RRF (BM25 + Hamming),240cd5f1b47a68c9dcc04b3921e69093c9a55b02,4,39.87416694872081
scidocs,rrf_hamming,RRF (BM25 + Hamming),240cd5f1b47a68c9dcc04b3921e69093c9a55b02,5,39.692083024419844
scidocs,rrf_hamming,RRF (BM25 + Hamming),240cd5f1b47a68c9dcc04b3921e69093c9a55b02,6,40.15045892447233
scidocs,rrf_hamming,RRF (BM25 + Hamming),240cd5f1b47a68c9dcc04b3921e69093c9a55b02,7,39.9122079834342
scidocs,rrf_hamming,RRF (BM25 + Hamming),240cd5f1b47a68c9dcc04b3921e69093c9a55b02,8,39.32479105424136
scidocs,rrf_hamming,RRF (BM25 + Hamming),240cd5f1b47a68c9dcc04b3921e69093c9a55b02,9,39.2768329475075
scidocs,rrf_hamming,RRF (BM25 + Hamming),30ef88ee401f70cf43b330b475d30f7f5e722630,0,36.04591696057469
scidocs,rrf_hamming,RRF (BM25 + Hamming),30ef88ee401f70cf43b330b475d30f7f5e722630,1,36.32125002332032
scidocs,rrf_hamming,RRF (BM25 + Hamming),30ef88ee401f70cf43b330b475d30f7f5e722630,2,35.338666988536716
scidocs,rrf_hamming,RRF (BM25 + Hamming),30ef88ee401f70cf43b330b475d30f7f5e722630,3,34.7562909591943
scidocs,rrf_hamming,RRF (BM25 + Hamming),30ef88ee401f70cf43b330b475d30f7f5e722630,4,35.139249986968935
scidocs,rrf_hamming,RRF (BM25 + Hamming),30ef88ee401f70cf43b330b475d30f7f5e722630,5,35.48891597893089
scidocs,rrf_hamming,RRF (BM25 + Hamming),30ef88ee401f70cf43b330b475d30f7f5e722630,6,35.46870907302946
scidocs,rrf_hamming,RRF (BM25 + Hamming),30ef88ee401f70cf43b330b475d30f7f5e722630,7,37.15087496675551
scidocs,rrf_hamming,RRF (BM25 + Hamming),30ef88ee401f70cf43b330b475d30f7f5e722630,8,44.67137507162988
scidocs,rrf_hamming,RRF (BM25 + Hamming),30ef88ee401f70cf43b330b475d30f7f5e722630,9,37.85470803268254
scidocs,rrf_hamming,RRF (BM25 + Hamming),fa3894d83f83d7d05f54b2c87158dc7a2288dc1c,0,58.6132500320673
scidocs,rrf_hamming,RRF (BM25 + Hamming),fa3894d83f83d7d05f54b2c87158dc7a2288dc1c,1,54.56745903939009
scidocs,rrf_hamming,RRF (BM25 + Hamming),fa3894d83f83d7d05f54b2c87158dc7a2288dc1c,2,54.903959040530026
scidocs,rrf_hamming,RRF (BM25 + Hamming),fa3894d83f83d7d05f54b2c87158dc7a2288dc1c,3,53.695500013418496
scidocs,rrf_hamming,RRF (BM25 + Hamming),fa3894d83f83d7d05f54b2c87158dc7a2288dc1c,4,88.34350004326552
scidocs,rrf_hamming,RRF (BM25 + Hamming),fa3894d83f83d7d05f54b2c87158dc7a2288dc1c,5,55.01983396243304
scidocs,rrf_hamming,RRF (BM25 + Hamming),fa3894d83f83d7d05f54b2c87158dc7a2288dc1c,6,55.745292105712
scidocs,rrf_hamming,RRF (BM25 + Hamming),fa3894d83f83d7d05f54b2c87158dc7a2288dc1c,7,55.38770800922066
scidocs,rrf_hamming,RRF (BM25 + Hamming),fa3894d83f83d7d05f54b2c87158dc7a2288dc1c,8,54.660749970935285
scidocs,rrf_hamming,RRF (BM25 + Hamming),fa3894d83f83d7d05f54b2c87158dc7a2288dc1c,9,54.69175009056926
scidocs,rrf_hamming,RRF (BM25 + Hamming),bd034b87414c58fc731c193fdd37f59b3db883fa,0,35.643709008581936
scidocs,rrf_hamming,RRF (BM25 + Hamming),bd034b87414c58fc731c193fdd37f59b3db883fa,1,35.476458026096225
scidocs,rrf_hamming,RRF (BM25 + Hamming),bd034b87414c58fc731c193fdd37f59b3db883fa,2,35.74874997138977
scidocs,rrf_hamming,RRF (BM25 + Hamming),bd034b87414c58fc731c193fdd37f59b3db883fa,3,35.60962504707277
scidocs,rrf_hamming,RRF (BM25 + Hamming),bd034b87414c58fc731c193fdd37f59b3db883fa,4,35.42570909485221
scidocs,rrf_hamming,RRF (BM25 + Hamming),bd034b87414c58fc731c193fdd37f59b3db883fa,5,35.515291965566576
scidocs,rrf_hamming,RRF (BM25 + Hamming),bd034b87414c58fc731c193fdd37f59b3db883fa,6,35.621457966044545
scidocs,rrf_hamming,RRF (BM25 + Hamming),bd034b87414c58fc731c193fdd37f59b3db883fa,7,36.10345907509327
scidocs,rrf_hamming,RRF (BM25 + Hamming),bd034b87414c58fc731c193fdd37f59b3db883fa,8,34.24429101869464
scidocs,rrf_hamming,RRF (BM25 + Hamming),bd034b87414c58fc731c193fdd37f59b3db883fa,9,34.57579098176211
scidocs,rrf_hamming,RRF (BM25 + Hamming),4b96b327c8c128e07266f4059b76d1bc98d08a3a,0,48.41508297249675
scidocs,rrf_hamming,RRF (BM25 + Hamming),4b96b327c8c128e07266f4059b76d1bc98d08a3a,1,48.771083005703986
scidocs,rrf_hamming,RRF (BM25 + Hamming),4b96b327c8c128e07266f4059b76d1bc98d08a3a,2,48.17645903676748
scidocs,rrf_hamming,RRF (BM25 + Hamming),4b96b327c8c128e07266f4059b76d1bc98d08a3a,3,49.29295799229294
scidocs,rrf_hamming,RRF (BM25 + Hamming),4b96b327c8c128e07266f4059b76d1bc98d08a3a,4,48.475916031748056
scidocs,rrf_hamming,RRF (BM25 + Hamming),4b96b327c8c128e07266f4059b76d1bc98d08a3a,5,48.11741691082716
scidocs,rrf_hamming,RRF (BM25 + Hamming),4b96b327c8c128e07266f4059b76d1bc98d08a3a,6,47.910792054608464
scidocs,rrf_hamming,RRF (BM25 + Hamming),4b96b327c8c128e07266f4059b76d1bc98d08a3a,7,48.61970792990178
scidocs,rrf_hamming,RRF (BM25 + Hamming),4b96b327c8c128e07266f4059b76d1bc98d08a3a,8,47.89220809470862
scidocs,rrf_hamming,RRF (BM25 + Hamming),4b96b327c8c128e07266f4059b76d1bc98d08a3a,9,54.17658295482397
scidocs,rrf_hamming,RRF (BM25 + Hamming),19115f66f6ac1c02568bbb38eceedfa3521a8cc2,0,36.58570803236216
scidocs,rrf_hamming,RRF (BM25 + Hamming),19115f66f6ac1c02568bbb38eceedfa3521a8cc2,1,36.61891689989716
scidocs,rrf_hamming,RRF (BM25 + Hamming),19115f66f6ac1c02568bbb38eceedfa3521a8cc2,2,37.031207932159305
scidocs,rrf_hamming,RRF (BM25 + Hamming),19115f66f6ac1c02568bbb38eceedfa3521a8cc2,3,36.34574997704476
scidocs,rrf_hamming,RRF (BM25 + Hamming),19115f66f6ac1c02568bbb38eceedfa3521a8cc2,4,34.96474993880838
scidocs,rrf_hamming,RRF (BM25 + Hamming),19115f66f6ac1c02568bbb38eceedfa3521a8cc2,5,37.19912492670119
scidocs,rrf_hamming,RRF (BM25 + Hamming),19115f66f6ac1c02568bbb38eceedfa3521a8cc2,6,36.924708052538335
scidocs,rrf_hamming,RRF (BM25 + Hamming),19115f66f6ac1c02568bbb38eceedfa3521a8cc2,7,34.883958054706454
scidocs,rrf_hamming,RRF (BM25 + Hamming),19115f66f6ac1c02568bbb38eceedfa3521a8cc2,8,48.14054106827825
scidocs,rrf_hamming,RRF (BM25 + Hamming),19115f66f6ac1c02568bbb38eceedfa3521a8cc2,9,39.0485409880057
scidocs,rrf_hamming,RRF (BM25 + Hamming),16a8e0646724f730eb52216f9bc1284ddb630fd6,0,42.176874936558306
scidocs,rrf_hamming,RRF (BM25 + Hamming),16a8e0646724f730eb52216f9bc1284ddb630fd6,1,42.06687503028661
scidocs,rrf_hamming,RRF (BM25 + Hamming),16a8e0646724f730eb52216f9bc1284ddb630fd6,2,47.7910409681499
scidocs,rrf_hamming,RRF (BM25 + Hamming),16a8e0646724f730eb52216f9bc1284ddb630fd6,3,42.26733394898474
scidocs,rrf_hamming,RRF (BM25 + Hamming),16a8e0646724f730eb52216f9bc1284ddb630fd6,4,42.308000032790005
scidocs,rrf_hamming,RRF (BM25 + Hamming),16a8e0646724f730eb52216f9bc1284ddb630fd6,5,42.70683298818767
scidocs,rrf_hamming,RRF (BM25 + Hamming),16a8e0646724f730eb52216f9bc1284ddb630fd6,6,42.34258399810642
scidocs,rrf_hamming,RRF (BM25 + Hamming),16a8e0646724f730eb52216f9bc1284ddb630fd6,7,41.984833078458905
scidocs,rrf_hamming,RRF (BM25 + Hamming),16a8e0646724f730eb52216f9bc1284ddb630fd6,8,41.93087504245341
scidocs,rrf_hamming,RRF (BM25 + Hamming),16a8e0646724f730eb52216f9bc1284ddb630fd6,9,42.76958398986608
scidocs,rrf_hamming,RRF (BM25 + Hamming),54cd8bfbe670a2fd787ff079bdeb11244a2609e8,0,47.04995802603662
scidocs,rrf_hamming,RRF (BM25 + Hamming),54cd8bfbe670a2fd787ff079bdeb11244a2609e8,1,46.940291998907924
scidocs,rrf_hamming,RRF (BM25 + Hamming),54cd8bfbe670a2fd787ff079bdeb11244a2609e8,2,46.14720807876438
scidocs,rrf_hamming,RRF (BM25 + Hamming),54cd8bfbe670a2fd787ff079bdeb11244a2609e8,3,45.3175000147894
scidocs,rrf_hamming,RRF (BM25 + Hamming),54cd8bfbe670a2fd787ff079bdeb11244a2609e8,4,45.117000001482666
scidocs,rrf_hamming,RRF (BM25 + Hamming),54cd8bfbe670a2fd787ff079bdeb11244a2609e8,5,44.85654202289879
scidocs,rrf_hamming,RRF (BM25 + Hamming),54cd8bfbe670a2fd787ff079bdeb11244a2609e8,6,44.86533300951123
scidocs,rrf_hamming,RRF (BM25 + Hamming),54cd8bfbe670a2fd787ff079bdeb11244a2609e8,7,45.631624991074204
scidocs,rrf_hamming,RRF (BM25 + Hamming),54cd8bfbe670a2fd787ff079bdeb11244a2609e8,8,47.46045800857246
scidocs,rrf_hamming,RRF (BM25 + Hamming),54cd8bfbe670a2fd787ff079bdeb11244a2609e8,9,45.73524999432266
scidocs,rrf_cosine_int8,RRF (BM25 + Cosine (int8)),4cbd3754645c60ad0c6f792c503be14b99ecd1db,0,190.7246659975499
scidocs,rrf_cosine_int8,RRF (BM25 + Cosine (int8)),4cbd3754645c60ad0c6f792c503be14b99ecd1db,1,215.86979203857481
scidocs,rrf_cosine_int8,RRF (BM25 + Cosine (int8)),4cbd3754645c60ad0c6f792c503be14b99ecd1db,2,249.11183398216963
scidocs,rrf_cosine_int8,RRF (BM25 + Cosine (int8)),4cbd3754645c60ad0c6f792c503be14b99ecd1db,3,227.4503749795258
scidocs,rrf_cosine_int8,RRF (BM25 + Cosine (int8)),4cbd3754645c60ad0c6f792c503be14b99ecd1db,4,227.31824999209493
scidocs,rrf_cosine_int8,RRF (BM25 + Cosine (int8)),4cbd3754645c60ad0c6f792c503be14b99ecd1db,5,206.97312499396503
scidocs,rrf_cosine_int8,RRF (BM25 + Cosine (int8)),4cbd3754645c60ad0c6f792c503be14b99ecd1db,6,204.56529210787266
scidocs,rrf_cosine_int8,RRF (BM25 + Cosine (int8)),4cbd3754645c60ad0c6f792c503be14b99ecd1db,7,191.63058302365243
scidocs,rrf_cosine_int8,RRF (BM25 + Cosine (int8)),4cbd3754645c60ad0c6f792c503be14b99ecd1db,8,185.1398750441149
scidocs,rrf_cosine_int8,RRF (BM25 + Cosine (int8)),4cbd3754645c60ad0c6f792c503be14b99ecd1db,9,189.9522909661755
scidocs,rrf_cosine_int8,RRF (BM25 + Cosine (int8)),3f42c32316c50b4a03de8c4597159c68a8d07776,0,175.5484159803018
scidocs,rrf_cosine_int8,RRF (BM25 + Cosine (int8)),3f42c32316c50b4a03de8c4597159c68a8d07776,1,174.26662507932633
scidocs,rrf_cosine_int8,RRF (BM25 + Cosine (int8)),3f42c32316c50b4a03de8c4597159c68a8d07776,2,177.96391702722758
scidocs,rrf_cosine_int8,RRF (BM25 + Cosine (int8)),3f42c32316c50b4a03de8c4597159c68a8d07776,3,182.16666707303375
scidocs,rrf_cosine_int8,RRF (BM25 + Cosine (int8)),3f42c32316c50b4a03de8c4597159c68a8d07776,4,173.19316696375608
scidocs,rrf_cosine_int8,RRF (BM25 + Cosine (int8)),3f42c32316c50b4a03de8c4597159c68a8d07776,5,176.39404197689146
scidocs,rrf_cosine_int8,RRF (BM25 + Cosine (int8)),3f42c32316c50b4a03de8c4597159c68a8d07776,6,170.7884999923408
scidocs,rrf_cosine_int8,RRF (BM25 + Cosine (int8)),3f42c32316c50b4a03de8c4597159c68a8d07776,7,177.64041700866073
scidocs,rrf_cosine_int8,RRF (BM25 + Cosine (int8)),3f42c32316c50b4a03de8c4597159c68a8d07776,8,166.88908298965544
scidocs,rrf_cosine_int8,RRF (BM25 + Cosine (int8)),3f42c32316c50b4a03de8c4597159c68a8d07776,9,173.47879195585847
scidocs,rrf_cosine_int8,RRF (BM25 + Cosine (int8)),240cd5f1b47a68c9dcc04b3921e69093c9a55b02,0,171.89354193396866
scidocs,rrf_cosine_int8,RRF (BM25 + Cosine (int8)),240cd5f1b47a68c9dcc04b3921e69093c9a55b02,1,171.96262499783188
scidocs,rrf_cosine_int8,RRF (BM25 + Cosine (int8)),240cd5f1b47a68c9dcc04b3921e69093c9a55b02,2,180.74620910920203
scidocs,rrf_cosine_int8,RRF (BM25 + Cosine (int8)),240cd5f1b47a68c9dcc04b3921e69093c9a55b02,3,187.20958393532783
scidocs,rrf_cosine_int8,RRF (BM25 + Cosine (int8)),240cd5f1b47a68c9dcc04b3921e69093c9a55b02,4,188.963207998313
scidocs,rrf_cosine_int8,RRF (BM25 + Cosine (int8)),240cd5f1b47a68c9dcc04b3921e69093c9a55b02,5,231.6001660656184
scidocs,rrf_cosine_int8,RRF (BM25 + Cosine (int8)),240cd5f1b47a68c9dcc04b3921e69093c9a55b02,6,181.72649992629886
scidocs,rrf_cosine_int8,RRF (BM25 + Cosine (int8)),240cd5f1b47a68c9dcc04b3921e69093c9a55b02,7,182.47508397325873
scidocs,rrf_cosine_int8,RRF (BM25 + Cosine (int8)),240cd5f1b47a68c9dcc04b3921e69093c9a55b02,8,179.1068339953199
scidocs,rrf_cosine_int8,RRF (BM25 + Cosine (int8)),240cd5f1b47a68c9dcc04b3921e69093c9a55b02,9,171.79304093588144
scidocs,rrf_cosine_int8,RRF (BM25 + Cosine (int8)),30ef88ee401f70cf43b330b475d30f7f5e722630,0,196.829208987765
scidocs,rrf_cosine_int8,RRF (BM25 + Cosine (int8)),30ef88ee401f70cf43b330b475d30f7f5e722630,1,177.9808329883963
scidocs,rrf_cosine_int8,RRF (BM25 + Cosine (int8)),30ef88ee401f70cf43b330b475d30f7f5e722630,2,175.58350006584078
scidocs,rrf_cosine_int8,RRF (BM25 + Cosine (int8)),30ef88ee401f70cf43b330b475d30f7f5e722630,3,169.1332090413198
scidocs,rrf_cosine_int8,RRF (BM25 + Cosine (int8)),30ef88ee401f70cf43b330b475d30f7f5e722630,4,188.0920419935137
scidocs,rrf_cosine_int8,RRF (BM25 + Cosine (int8)),30ef88ee401f70cf43b330b475d30f7f5e722630,5,170.2430419391021
scidocs,rrf_cosine_int8,RRF (BM25 + Cosine (int8)),30ef88ee401f70cf43b330b475d30f7f5e722630,6,169.2073750309646
scidocs,rrf_cosine_int8,RRF (BM25 + Cosine (int8)),30ef88ee401f70cf43b330b475d30f7f5e722630,7,172.82266693655401
scidocs,rrf_cosine_int8,RRF (BM25 + Cosine (int8)),30ef88ee401f70cf43b330b475d30f7f5e722630,8,169.90041709505022
scidocs,rrf_cosine_int8,RRF (BM25 + Cosine (int8)),30ef88ee401f70cf43b330b475d30f7f5e722630,9,168.4017920633778
scidocs,rrf_cosine_int8,RRF (BM25 + Cosine (int8)),fa3894d83f83d7d05f54b2c87158dc7a2288dc1c,0,197.27045902982354
scidocs,rrf_cosine_int8,RRF (BM25 + Cosine (int8)),fa3894d83f83d7d05f54b2c87158dc7a2288dc1c,1,205.7745420606807
scidocs,rrf_cosine_int8,RRF (BM25 + Cosine (int8)),fa3894d83f83d7d05f54b2c87158dc7a2288dc1c,2,218.3087089797482
scidocs,rrf_cosine_int8,RRF (BM25 + Cosine (int8)),fa3894d83f83d7d05f54b2c87158dc7a2288dc1c,3,215.23087506648153
scidocs,rrf_cosine_int8,RRF (BM25 + Cosine (int8)),fa3894d83f83d7d05f54b2c87158dc7a2288dc1c,4,200.2463749377057
scidocs,rrf_cosine_int8,RRF (BM25 + Cosine (int8)),fa3894d83f83d7d05f54b2c87158dc7a2288dc1c,5,193.99316690396518
scidocs,rrf_cosine_int8,RRF (BM25 + Cosine (int8)),fa3894d83f83d7d05f54b2c87158dc7a2288dc1c,6,185.46158296521753
scidocs,rrf_cosine_int8,RRF (BM25 + Cosine (int8)),fa3894d83f83d7d05f54b2c87158dc7a2288dc1c,7,184.23945805989206
scidocs,rrf_cosine_int8,RRF (BM25 + Cosine (int8)),fa3894d83f83d7d05f54b2c87158dc7a2288dc1c,8,187.2872089734301
scidocs,rrf_cosine_int8,RRF (BM25 + Cosine (int8)),fa3894d83f83d7d05f54b2c87158dc7a2288dc1c,9,184.15720795746893
scidocs,rrf_cosine_int8,RRF (BM25 + Cosine (int8)),bd034b87414c58fc731c193fdd37f59b3db883fa,0,168.10783301480114
scidocs,rrf_cosine_int8,RRF (BM25 + Cosine (int8)),bd034b87414c58fc731c193fdd37f59b3db883fa,1,166.03908396791667
scidocs,rrf_cosine_int8,RRF (BM25 + Cosine (int8)),bd034b87414c58fc731c193fdd37f59b3db883fa,2,166.7696669464931
scidocs,rrf_cosine_int8,RRF (BM25 + Cosine (int8)),bd034b87414c58fc731c193fdd37f59b3db883fa,3,166.18691594339907
scidocs,rrf_cosine_int8,RRF (BM25 + Cosine (int8)),bd034b87414c58fc731c193fdd37f59b3db883fa,4,176.43904103897512
scidocs,rrf_cosine_int8,RRF (BM25 + Cosine (int8)),bd034b87414c58fc731c193fdd37f59b3db883fa,5,170.82500003743917
scidocs,rrf_cosine_int8,RRF (BM25 + Cosine (int8)),bd034b87414c58fc731c193fdd37f59b3db883fa,6,167.163125006482
scidocs,rrf_cosine_int8,RRF (BM25 + Cosine (int8)),bd034b87414c58fc731c193fdd37f59b3db883fa,7,166.24087502714247
scidocs,rrf_cosine_int8,RRF (BM25 + Cosine (int8)),bd034b87414c58fc731c193fdd37f59b3db883fa,8,166.15325002931058
scidocs,rrf_cosine_int8,RRF (BM25 + Cosine (int8)),bd034b87414c58fc731c193fdd37f59b3db883fa,9,165.67874990869313
scidocs,rrf_cosine_int8,RRF (BM25 + Cosine (int8)),4b96b327c8c128e07266f4059b76d1bc98d08a3a,0,179.35574997682124
scidocs,rrf_cosine_int8,RRF (BM25 + Cosine (int8)),4b96b327c8c128e07266f4059b76d1bc98d08a3a,1,192.2414159635082
scidocs,rrf_cosine_int8,RRF (BM25 + Cosine (int8)),4b96b327c8c128e07266f4059b76d1bc98d08a3a,2,191.56829197891057
scidocs,rrf_cosine_int8,RRF (BM25 + Cosine (int8)),4b96b327c8c128e07266f4059b76d1bc98d08a3a,3,198.30012507736683
scidocs,rrf_cosine_int8,RRF (BM25 + Cosine (int8)),4b96b327c8c128e07266f4059b76d1bc98d08a3a,4,208.78250000532717
scidocs,rrf_cosine_int8,RRF (BM25 + Cosine (int8)),4b96b327c8c128e07266f4059b76d1bc98d08a3a,5,219.04095902573317
scidocs,rrf_cosine_int8,RRF (BM25 + Cosine (int8)),4b96b327c8c128e07266f4059b76d1bc98d08a3a,6,205.57625009678304
scidocs,rrf_cosine_int8,RRF (BM25 + Cosine (int8)),4b96b327c8c128e07266f4059b76d1bc98d08a3a,7,199.63845796883106
scidocs,rrf_cosine_int8,RRF (BM25 + Cosine (int8)),4b96b327c8c128e07266f4059b76d1bc98d08a3a,8,189.69929206650704
scidocs,rrf_cosine_int8,RRF (BM25 + Cosine (int8)),4b96b327c8c128e07266f4059b76d1bc98d08a3a,9,179.80074998922646
scidocs,rrf_cosine_int8,RRF (BM25 + Cosine (int8)),19115f66f6ac1c02568bbb38eceedfa3521a8cc2,0,164.54462497495115
scidocs,rrf_cosine_int8,RRF (BM25 + Cosine (int8)),19115f66f6ac1c02568bbb38eceedfa3521a8cc2,1,169.79533294215798
scidocs,rrf_cosine_int8,RRF (BM25 + Cosine (int8)),19115f66f6ac1c02568bbb38eceedfa3521a8cc2,2,176.63045797962695
scidocs,rrf_cosine_int8,RRF (BM25 + Cosine (int8)),19115f66f6ac1c02568bbb38eceedfa3521a8cc2,3,170.90183298569173
scidocs,rrf_cosine_int8,RRF (BM25 + Cosine (int8)),19115f66f6ac1c02568bbb38eceedfa3521a8cc2,4,168.874750030227
scidocs,rrf_cosine_int8,RRF (BM25 + Cosine (int8)),19115f66f6ac1c02568bbb38eceedfa3521a8cc2,5,173.23204199783504
scidocs,rrf_cosine_int8,RRF (BM25 + Cosine (int8)),19115f66f6ac1c02568bbb38eceedfa3521a8cc2,6,176.5563749941066
scidocs,rrf_cosine_int8,RRF (BM25 + Cosine (int8)),19115f66f6ac1c02568bbb38eceedfa3521a8cc2,7,178.31995896995068
scidocs,rrf_cosine_int8,RRF (BM25 + Cosine (int8)),19115f66f6ac1c02568bbb38eceedfa3521a8cc2,8,174.8961249832064
scidocs,rrf_cosine_int8,RRF (BM25 + Cosine (int8)),19115f66f6ac1c02568bbb38eceedfa3521a8cc2,9,169.22266699839383
scidocs,rrf_cosine_int8,RRF (BM25 + Cosine (int8)),16a8e0646724f730eb52216f9bc1284ddb630fd6,0,183.14041604753584
scidocs,rrf_cosine_int8,RRF (BM25 + Cosine (int8)),16a8e0646724f730eb52216f9bc1284ddb630fd6,1,176.59049993380904
scidocs,rrf_cosine_int8,RRF (BM25 + Cosine (int8)),16a8e0646724f730eb52216f9bc1284ddb630fd6,2,171.8663750216365
scidocs,rrf_cosine_int8,RRF (BM25 + Cosine (int8)),16a8e0646724f730eb52216f9bc1284ddb630fd6,3,172.00654093176126
scidocs,rrf_cosine_int8,RRF (BM25 + Cosine (int8)),16a8e0646724f730eb52216f9bc1284ddb630fd6,4,171.97004205081612
scidocs,rrf_cosine_int8,RRF (BM25 + Cosine (int8)),16a8e0646724f730eb52216f9bc1284ddb630fd6,5,181.10608297865838
scidocs,rrf_cosine_int8,RRF (BM25 + Cosine (int8)),16a8e0646724f730eb52216f9bc1284ddb630fd6,6,176.46941600833088
scidocs,rrf_cosine_int8,RRF (BM25 + Cosine (int8)),16a8e0646724f730eb52216f9bc1284ddb630fd6,7,186.5056250244379
scidocs,rrf_cosine_int8,RRF (BM25 + Cosine (int8)),16a8e0646724f730eb52216f9bc1284ddb630fd6,8,178.2331250142306
scidocs,rrf_cosine_int8,RRF (BM25 + Cosine (int8)),16a8e0646724f730eb52216f9bc1284ddb630fd6,9,189.31583291850984
scidocs,rrf_cosine_int8,RRF (BM25 + Cosine (int8)),54cd8bfbe670a2fd787ff079bdeb11244a2609e8,0,189.4389169756323
scidocs,rrf_cosine_int8,RRF (BM25 + Cosine (int8)),54cd8bfbe670a2fd787ff079bdeb11244a2609e8,1,188.44737496692687
scidocs,rrf_cosine_int8,RRF (BM25 + Cosine (int8)),54cd8bfbe670a2fd787ff079bdeb11244a2609e8,2,185.63025002367795
scidocs,rrf_cosine_int8,RRF (BM25 + Cosine (int8)),54cd8bfbe670a2fd787ff079bdeb11244a2609e8,3,201.72579202335328
scidocs,rrf_cosine_int8,RRF (BM25 + Cosine (int8)),54cd8bfbe670a2fd787ff079bdeb11244a2609e8,4,188.49320791196078
scidocs,rrf_cosine_int8,RRF (BM25 + Cosine (int8)),54cd8bfbe670a2fd787ff079bdeb11244a2609e8,5,206.61645801737905
scidocs,rrf_cosine_int8,RRF (BM25 + Cosine (int8)),54cd8bfbe670a2fd787ff079bdeb11244a2609e8,6,197.95404095202684
scidocs,rrf_cosine_int8,RRF (BM25 + Cosine (int8)),54cd8bfbe670a2fd787ff079bdeb11244a2609e8,7,202.25099998060614
scidocs,rrf_cosine_int8,RRF (BM25 + Cosine (int8)),54cd8bfbe670a2fd787ff079bdeb11244a2609e8,8,188.27020900789648
scidocs,rrf_cosine_int8,RRF (BM25 + Cosine (int8)),54cd8bfbe670a2fd787ff079bdeb11244a2609e8,9,188.98995802737772
scidocs,rrf_cosine_float,RRF (BM25 + Cosine (float)),4cbd3754645c60ad0c6f792c503be14b99ecd1db,0,274.35437496751547
scidocs,rrf_cosine_float,RRF (BM25 + Cosine (float)),4cbd3754645c60ad0c6f792c503be14b99ecd1db,1,268.3815419441089
scidocs,rrf_cosine_float,RRF (BM25 + Cosine (float)),4cbd3754645c60ad0c6f792c503be14b99ecd1db,2,277.3691669572145
scidocs,rrf_cosine_float,RRF (BM25 + Cosine (float)),4cbd3754645c60ad0c6f792c503be14b99ecd1db,3,298.868624959141
scidocs,rrf_cosine_float,RRF (BM25 + Cosine (float)),4cbd3754645c60ad0c6f792c503be14b99ecd1db,4,278.41700008139014
scidocs,rrf_cosine_float,RRF (BM25 + Cosine (float)),4cbd3754645c60ad0c6f792c503be14b99ecd1db,5,264.03358299285173
scidocs,rrf_cosine_float,RRF (BM25 + Cosine (float)),4cbd3754645c60ad0c6f792c503be14b99ecd1db,6,280.22900002542883
scidocs,rrf_cosine_float,RRF (BM25 + Cosine (float)),4cbd3754645c60ad0c6f792c503be14b99ecd1db,7,276.21133299544454
scidocs,rrf_cosine_float,RRF (BM25 + Cosine (float)),4cbd3754645c60ad0c6f792c503be14b99ecd1db,8,269.07645899336785
scidocs,rrf_cosine_float,RRF (BM25 + Cosine (float)),4cbd3754645c60ad0c6f792c503be14b99ecd1db,9,265.1740839937702
scidocs,rrf_cosine_float,RRF (BM25 + Cosine (float)),3f42c32316c50b4a03de8c4597159c68a8d07776,0,250.94662490300834
scidocs,rrf_cosine_float,RRF (BM25 + Cosine (float)),3f42c32316c50b4a03de8c4597159c68a8d07776,1,251.6582499956712
scidocs,rrf_cosine_float,RRF (BM25 + Cosine (float)),3f42c32316c50b4a03de8c4597159c68a8d07776,2,279.88216700032353
scidocs,rrf_cosine_float,RRF (BM25 + Cosine (float)),3f42c32316c50b4a03de8c4597159c68a8d07776,3,267.0594999799505
scidocs,rrf_cosine_float,RRF (BM25 + Cosine (float)),3f42c32316c50b4a03de8c4597159c68a8d07776,4,252.49312503729016
scidocs,rrf_cosine_float,RRF (BM25 + Cosine (float)),3f42c32316c50b4a03de8c4597159c68a8d07776,5,250.58229104615748
scidocs,rrf_cosine_float,RRF (BM25 + Cosine (float)),3f42c32316c50b4a03de8c4597159c68a8d07776,6,265.7844590721652
scidocs,rrf_cosine_float,RRF (BM25 + Cosine (float)),3f42c32316c50b4a03de8c4597159c68a8d07776,7,265.08562499657273
scidocs,rrf_cosine_float,RRF (BM25 + Cosine (float)),3f42c32316c50b4a03de8c4597159c68a8d07776,8,291.473374934867
scidocs,rrf_cosine_float,RRF (BM25 + Cosine (float)),3f42c32316c50b4a03de8c4597159c68a8d07776,9,266.2267090054229
scidocs,rrf_cosine_float,RRF (BM25 + Cosine (float)),240cd5f1b47a68c9dcc04b3921e69093c9a55b02,0,267.59099995251745
scidocs,rrf_cosine_float,RRF (BM25 + Cosine (float)),240cd5f1b47a68c9dcc04b3921e69093c9a55b02,1,314.2590840579942
scidocs,rrf_cosine_float,RRF (BM25 + Cosine (float)),240cd5f1b47a68c9dcc04b3921e69093c9a55b02,2,256.8543329834938
scidocs,rrf_cosine_float,RRF (BM25 + Cosine (float)),240cd5f1b47a68c9dcc04b3921e69093c9a55b02,3,254.65595803689212
scidocs,rrf_cosine_float,RRF (BM25 + Cosine (float)),240cd5f1b47a68c9dcc04b3921e69093c9a55b02,4,257.45795806869864
scidocs,rrf_cosine_float,RRF (BM25 + Cosine (float)),240cd5f1b47a68c9dcc04b3921e69093c9a55b02,5,254.92829107679427
scidocs,rrf_cosine_float,RRF (BM25 + Cosine (float)),240cd5f1b47a68c9dcc04b3921e69093c9a55b02,6,251.76904106047004
scidocs,rrf_cosine_float,RRF (BM25 + Cosine (float)),240cd5f1b47a68c9dcc04b3921e69093c9a55b02,7,251.00412510801107
scidocs,rrf_cosine_float,RRF (BM25 + Cosine (float)),240cd5f1b47a68c9dcc04b3921e69093c9a55b02,8,253.89004102908075
scidocs,rrf_cosine_float,RRF (BM25 + Cosine (float)),240cd5f1b47a68c9dcc04b3921e69093c9a55b02,9,252.15237506199628
scidocs,rrf_cosine_float,RRF (BM25 + Cosine (float)),30ef88ee401f70cf43b330b475d30f7f5e722630,0,248.5574590973556
scidocs,rrf_cosine_float,RRF (BM25 + Cosine (float)),30ef88ee401f70cf43b330b475d30f7f5e722630,1,255.01666706986725
scidocs,rrf_cosine_float,RRF (BM25 + Cosine (float)),30ef88ee401f70cf43b330b475d30f7f5e722630,2,255.03891706466675
scidocs,rrf_cosine_float,RRF (BM25 + Cosine (float)),30ef88ee401f70cf43b330b475d30f7f5e722630,3,248.83287504781038
scidocs,rrf_cosine_float,RRF (BM25 + Cosine (float)),30ef88ee401f70cf43b330b475d30f7f5e722630,4,247.10666597820818
scidocs,rrf_cosine_float,RRF (BM25 + Cosine (float)),30ef88ee401f70cf43b330b475d30f7f5e722630,5,249.17345796711743
scidocs,rrf_cosine_float,RRF (BM25 + Cosine (float)),30ef88ee401f70cf43b330b475d30f7f5e722630,6,250.66820799838752
scidocs,rrf_cosine_float,RRF (BM25 + Cosine (float)),30ef88ee401f70cf43b330b475d30f7f5e722630,7,248.73787490651011
scidocs,rrf_cosine_float,RRF (BM25 + Cosine (float)),30ef88ee401f70cf43b330b475d30f7f5e722630,8,247.83675000071526
scidocs,rrf_cosine_float,RRF (BM25 + Cosine (float)),30ef88ee401f70cf43b330b475d30f7f5e722630,9,257.38487497437745
scidocs,rrf_cosine_float,RRF (BM25 + Cosine (float)),fa3894d83f83d7d05f54b2c87158dc7a2288dc1c,0,263.7645419454202
scidocs,rrf_cosine_float,RRF (BM25 + Cosine (float)),fa3894d83f83d7d05f54b2c87158dc7a2288dc1c,1,264.38945799600333
scidocs,rrf_cosine_float,RRF (BM25 + Cosine (float)),fa3894d83f83d7d05f54b2c87158dc7a2288dc1c,2,263.843874912709
scidocs,rrf_cosine_float,RRF (BM25 + Cosine (float)),fa3894d83f83d7d05f54b2c87158dc7a2288dc1c,3,265.11824992485344
scidocs,rrf_cosine_float,RRF (BM25 + Cosine (float)),fa3894d83f83d7d05f54b2c87158dc7a2288dc1c,4,262.8021250711754
scidocs,rrf_cosine_float,RRF (BM25 + Cosine (float)),fa3894d83f83d7d05f54b2c87158dc7a2288dc1c,5,268.34937499370426
scidocs,rrf_cosine_float,RRF (BM25 + Cosine (float)),fa3894d83f83d7d05f54b2c87158dc7a2288dc1c,6,269.64970806147903
scidocs,rrf_cosine_float,RRF (BM25 + Cosine (float)),fa3894d83f83d7d05f54b2c87158dc7a2288dc1c,7,267.4085000762716
scidocs,rrf_cosine_float,RRF (BM25 + Cosine (float)),fa3894d83f83d7d05f54b2c87158dc7a2288dc1c,8,263.0685409530997
scidocs,rrf_cosine_float,RRF (BM25 + Cosine (float)),fa3894d83f83d7d05f54b2c87158dc7a2288dc1c,9,271.147417020984
scidocs,rrf_cosine_float,RRF (BM25 + Cosine (float)),bd034b87414c58fc731c193fdd37f59b3db883fa,0,253.26895795296878
scidocs,rrf_cosine_float,RRF (BM25 + Cosine (float)),bd034b87414c58fc731c193fdd37f59b3db883fa,1,245.79245899803936
scidocs,rrf_cosine_float,RRF (BM25 + Cosine (float)),bd034b87414c58fc731c193fdd37f59b3db883fa,2,255.22241601720452
scidocs,rrf_cosine_float,RRF (BM25 + Cosine (float)),bd034b87414c58fc731c193fdd37f59b3db883fa,3,257.3026659665629
scidocs,rrf_cosine_float,RRF (BM25 + Cosine (float)),bd034b87414c58fc731c193fdd37f59b3db883fa,4,254.81287494767457
scidocs,rrf_cosine_float,RRF (BM25 + Cosine (float)),bd034b87414c58fc731c193fdd37f59b3db883fa,5,292.00220794882625
scidocs,rrf_cosine_float,RRF (BM25 + Cosine (float)),bd034b87414c58fc731c193fdd37f59b3db883fa,6,262.55654206033796
scidocs,rrf_cosine_float,RRF (BM25 + Cosine (float)),bd034b87414c58fc731c193fdd37f59b3db883fa,7,255.45354199130088
scidocs,rrf_cosine_float,RRF (BM25 + Cosine (float)),bd034b87414c58fc731c193fdd37f59b3db883fa,8,254.58537496160716
scidocs,rrf_cosine_float,RRF (BM25 + Cosine (float)),bd034b87414c58fc731c193fdd37f59b3db883fa,9,251.07295799534768
scidocs,rrf_cosine_float,RRF (BM25 + Cosine (float)),4b96b327c8c128e07266f4059b76d1bc98d08a3a,0,277.79029204975814
scidocs,rrf_cosine_float,RRF (BM25 + Cosine (float)),4b96b327c8c128e07266f4059b76d1bc98d08a3a,1,270.01866698265076
scidocs,rrf_cosine_float,RRF (BM25 + Cosine (float)),4b96b327c8c128e07266f4059b76d1bc98d08a3a,2,329.67137498781085
scidocs,rrf_cosine_float,RRF (BM25 + Cosine (float)),4b96b327c8c128e07266f4059b76d1bc98d08a3a,3,292.6492920378223
scidocs,rrf_cosine_float,RRF (BM25 + Cosine (float)),4b96b327c8c128e07266f4059b76d1bc98d08a3a,4,314.60779206827283
scidocs,rrf_cosine_float,RRF (BM25 + Cosine (float)),4b96b327c8c128e07266f4059b76d1bc98d08a3a,5,273.78050005063415
scidocs,rrf_cosine_float,RRF (BM25 + Cosine (float)),4b96b327c8c128e07266f4059b76d1bc98d08a3a,6,277.9204580001533
scidocs,rrf_cosine_float,RRF (BM25 + Cosine (float)),4b96b327c8c128e07266f4059b76d1bc98d08a3a,7,267.44166703429073
scidocs,rrf_cosine_float,RRF (BM25 + Cosine (float)),4b96b327c8c128e07266f4059b76d1bc98d08a3a,8,274.35166598297656
scidocs,rrf_cosine_float,RRF (BM25 + Cosine (float)),4b96b327c8c128e07266f4059b76d1bc98d08a3a,9,265.77670802362263
scidocs,rrf_cosine_float,RRF (BM25 + Cosine (float)),19115f66f6ac1c02568bbb38eceedfa3521a8cc2,0,256.5677920356393
scidocs,rrf_cosine_float,RRF (BM25 + Cosine (float)),19115f66f6ac1c02568bbb38eceedfa3521a8cc2,1,247.2052499651909
scidocs,rrf_cosine_float,RRF (BM25 + Cosine (float)),19115f66f6ac1c02568bbb38eceedfa3521a8cc2,2,246.4236249215901
scidocs,rrf_cosine_float,RRF (BM25 + Cosine (float)),19115f66f6ac1c02568bbb38eceedfa3521a8cc2,3,252.92237498797476
scidocs,rrf_cosine_float,RRF (BM25 + Cosine (float)),19115f66f6ac1c02568bbb38eceedfa3521a8cc2,4,249.7112089768052
scidocs,rrf_cosine_float,RRF (BM25 + Cosine (float)),19115f66f6ac1c02568bbb38eceedfa3521a8cc2,5,245.26208301540464
scidocs,rrf_cosine_float,RRF (BM25 + Cosine (float)),19115f66f6ac1c02568bbb38eceedfa3521a8cc2,6,244.72862505353987
scidocs,rrf_cosine_float,RRF (BM25 + Cosine (float)),19115f66f6ac1c02568bbb38eceedfa3521a8cc2,7,243.90229198615998
scidocs,rrf_cosine_float,RRF (BM25 + Cosine (float)),19115f66f6ac1c02568bbb38eceedfa3521a8cc2,8,248.71900002472103
scidocs,rrf_cosine_float,RRF (BM25 + Cosine (float)),19115f66f6ac1c02568bbb38eceedfa3521a8cc2,9,251.66662503033876
scidocs,rrf_cosine_float,RRF (BM25 + Cosine (float)),16a8e0646724f730eb52216f9bc1284ddb630fd6,0,276.3337920187041
scidocs,rrf_cosine_float,RRF (BM25 + Cosine (float)),16a8e0646724f730eb52216f9bc1284ddb630fd6,1,258.87441693339497
scidocs,rrf_cosine_float,RRF (BM25 + Cosine (float)),16a8e0646724f730eb52216f9bc1284ddb630fd6,2,261.00104104261845
scidocs,rrf_cosine_float,RRF (BM25 + Cosine (float)),16a8e0646724f730eb52216f9bc1284ddb630fd6,3,253.90045798849314
scidocs,rrf_cosine_float,RRF (BM25 + Cosine (float)),16a8e0646724f730eb52216f9bc1284ddb630fd6,4,254.1507079731673
scidocs,rrf_cosine_float,RRF (BM25 + Cosine (float)),16a8e0646724f730eb52216f9bc1284ddb630fd6,5,265.936957905069
scidocs,rrf_cosine_float,RRF (BM25 + Cosine (float)),16a8e0646724f730eb52216f9bc1284ddb630fd6,6,268.756499979645
scidocs,rrf_cosine_float,RRF (BM25 + Cosine (float)),16a8e0646724f730eb52216f9bc1284ddb630fd6,7,257.306250045076
scidocs,rrf_cosine_float,RRF (BM25 + Cosine (float)),16a8e0646724f730eb52216f9bc1284ddb630fd6,8,275.4579590400681
scidocs,rrf_cosine_float,RRF (BM25 + Cosine (float)),16a8e0646724f730eb52216f9bc1284ddb630fd6,9,260.8747079502791
scidocs,rrf_cosine_float,RRF (BM25 + Cosine (float)),54cd8bfbe670a2fd787ff079bdeb11244a2609e8,0,261.7320000426844
scidocs,rrf_cosine_float,RRF (BM25 + Cosine (float)),54cd8bfbe670a2fd787ff079bdeb11244a2609e8,1,258.4967080038041
scidocs,rrf_cosine_float,RRF (BM25 + Cosine (float)),54cd8bfbe670a2fd787ff079bdeb11244a2609e8,2,257.37087498418987
scidocs,rrf_cosine_float,RRF (BM25 + Cosine (float)),54cd8bfbe670a2fd787ff079bdeb11244a2609e8,3,273.34683400113136
scidocs,rrf_cosine_float,RRF (BM25 + Cosine (float)),54cd8bfbe670a2fd787ff079bdeb11244a2609e8,4,269.7115840855986
scidocs,rrf_cosine_float,RRF (BM25 + Cosine (float)),54cd8bfbe670a2fd787ff079bdeb11244a2609e8,5,270.0434169964865
scidocs,rrf_cosine_float,RRF (BM25 + Cosine (float)),54cd8bfbe670a2fd787ff079bdeb11244a2609e8,6,291.62845807150006
scidocs,rrf_cosine_float,RRF (BM25 + Cosine (float)),54cd8bfbe670a2fd787ff079bdeb11244a2609e8,7,267.09149999078363
scidocs,rrf_cosine_float,RRF (BM25 + Cosine (float)),54cd8bfbe670a2fd787ff079bdeb11244a2609e8,8,335.6077080825344
scidocs,rrf_cosine_float,RRF (BM25 + Cosine (float)),54cd8bfbe670a2fd787ff079bdeb11244a2609e8,9,267.1542080352083
scifact,bm25,BM25,1228,0,7.4107920518144965
scifact,bm25,BM25,1228,1,7.437041960656643
scifact,bm25,BM25,1228,2,7.330500055104494
scifact,bm25,BM25,1228,3,7.317124982364476
scifact,bm25,BM25,1228,4,7.362833013758063
scifact,bm25,BM25,1228,5,7.337333052419126
scifact,bm25,BM25,1228,6,7.418749970383942
scifact,bm25,BM25,1228,7,7.361707976087928
scifact,bm25,BM25,1228,8,7.333124987781048
scifact,bm25,BM25,1228,9,7.308458094485104
scifact,bm25,BM25,574,0,5.3457500180229545
scifact,bm25,BM25,574,1,5.4743330692872405
scifact,bm25,BM25,574,2,5.365374963730574
scifact,bm25,BM25,574,3,5.323083023540676
scifact,bm25,BM25,574,4,5.33100008033216
scifact,bm25,BM25,574,5,5.320625030435622
scifact,bm25,BM25,574,6,5.301667028106749
scifact,bm25,BM25,574,7,5.345958052203059
scifact,bm25,BM25,574,8,5.34591602627188
scifact,bm25,BM25,574,9,5.323791992850602
scifact,bm25,BM25,540,0,3.96658293902874
scifact,bm25,BM25,540,1,3.9646250661462545
scifact,bm25,BM25,540,2,3.9815419586375356
scifact,bm25,BM25,540,3,3.9773330790922046
scifact,bm25,BM25,540,4,3.9554169634357095
scifact,bm25,BM25,540,5,3.950249985791743
scifact,bm25,BM25,540,6,3.9772919844835997
scifact,bm25,BM25,540,7,3.9842920377850533
scifact,bm25,BM25,540,8,3.958708024583757
scifact,bm25,BM25,540,9,3.957416978664696
scifact,bm25,BM25,354,0,7.455167011357844
scifact,bm25,BM25,354,1,7.410124992020428
scifact,bm25,BM25,354,2,7.384500000625849
scifact,bm25,BM25,354,3,7.429249933920801
scifact,bm25,BM25,354,4,7.380291004665196
scifact,bm25,BM25,354,5,7.826666929759085
scifact,bm25,BM25,354,6,7.8746669460088015
scifact,bm25,BM25,354,7,7.848041015677154
scifact,bm25,BM25,354,8,7.495666039176285
scifact,bm25,BM25,354,9,7.377833011560142
scifact,bm25,BM25,1104,0,19.83995793852955
scifact,bm25,BM25,1104,1,19.87070799805224
scifact,bm25,BM25,1104,2,19.816708052530885
scifact,bm25,BM25,1104,3,19.791292026638985
scifact,bm25,BM25,1104,4,19.79924994520843
scifact,bm25,BM25,1104,5,19.794999971054494
scifact,bm25,BM25,1104,6,19.856875063851476
scifact,bm25,BM25,1104,7,19.81049997266382
scifact,bm25,BM25,1104,8,20.091916085220873
scifact,bm25,BM25,1104,9,19.84887500293553
scifact,bm25,BM25,799,0,9.794458979740739
scifact,bm25,BM25,799,1,9.746334049850702
scifact,bm25,BM25,799,2,9.81104199308902
scifact,bm25,BM25,799,3,9.900541044771671
scifact,bm25,BM25,799,4,10.222666896879673
scifact,bm25,BM25,799,5,10.059958091005683
scifact,bm25,BM25,799,6,10.40204195305705
scifact,bm25,BM25,799,7,10.828749975189567
scifact,bm25,BM25,799,8,10.46266604680568
scifact,bm25,BM25,799,9,10.38391690235585
scifact,bm25,BM25,988,0,4.685707972384989
scifact,bm25,BM25,988,1,4.6337919775396585
scifact,bm25,BM25,988,2,4.6579999616369605
scifact,bm25,BM25,988,3,4.618042032234371
scifact,bm25,BM25,988,4,4.632542026229203
scifact,bm25,BM25,988,5,4.635249963030219
scifact,bm25,BM25,988,6,4.737708019092679
scifact,bm25,BM25,988,7,4.659165977500379
scifact,bm25,BM25,988,8,4.661165992729366
scifact,bm25,BM25,988,9,4.703916958533227
scifact,bm25,BM25,1294,0,6.901375018060207
scifact,bm25,BM25,1294,1,6.789624923840165
scifact,bm25,BM25,1294,2,6.770999985747039
scifact,bm25,BM25,1294,3,6.855083047412336
scifact,bm25,BM25,1294,4,6.784375058487058
scifact,bm25,BM25,1294,5,6.774125038646162
scifact,bm25,BM25,1294,6,6.721207988448441
scifact,bm25,BM25,1294,7,6.782458978705108
scifact,bm25,BM25,1294,8,6.744332960806787
scifact,bm25,BM25,1294,9,6.717083044350147
scifact,bm25,BM25,618,0,10.780917014926672
scifact,bm25,BM25,618,1,10.797915980219841
scifact,bm25,BM25,618,2,10.731957969255745
scifact,bm25,BM25,618,3,10.781040997244418
scifact,bm25,BM25,618,4,10.756999952718616
scifact,bm25,BM25,618,5,10.738625074736774
scifact,bm25,BM25,618,6,10.723249986767769
scifact,bm25,BM25,618,7,10.69179200567305
scifact,bm25,BM25,618,8,10.712374933063984
scifact,bm25,BM25,618,9,10.719458921812475
scifact,bm25,BM25,119,0,5.23333391174674
scifact,bm25,BM25,119,1,5.2035420667380095
scifact,bm25,BM25,119,2,5.190375028178096
scifact,bm25,BM25,119,3,5.286582978442311
scifact,bm25,BM25,119,4,5.200749961659312
scifact,bm25,BM25,119,5,5.187292001210153
scifact,bm25,BM25,119,6,5.279417033307254
scifact,bm25,BM25,119,7,5.23825001437217
scifact,bm25,BM25,119,8,5.216791993007064
scifact,bm25,BM25,119,9,5.195249919779599
scifact,bm25_hamming,BM25 + Hamming,1228,0,14.203125028871
scifact,bm25_hamming,BM25 + Hamming,1228,1,14.015124994330108
scifact,bm25_hamming,BM25 + Hamming,1228,2,14.01008409447968
scifact,bm25_hamming,BM25 + Hamming,1228,3,13.06154194753617
scifact,bm25_hamming,BM25 + Hamming,1228,4,13.113457942381501
scifact,bm25_hamming,BM25 + Hamming,1228,5,13.040582998655736
scifact,bm25_hamming,BM25 + Hamming,1228,6,13.02812504582107
scifact,bm25_hamming,BM25 + Hamming,1228,7,13.060125056654215
scifact,bm25_hamming,BM25 + Hamming,1228,8,13.240042026154697
scifact,bm25_hamming,BM25 + Hamming,1228,9,13.186917058192194
scifact,bm25_hamming,BM25 + Hamming,574,0,9.51045798137784
scifact,bm25_hamming,BM25 + Hamming,574,1,9.443707996979356
scifact,bm25_hamming,BM25 + Hamming,574,2,9.305000072345138
scifact,bm25_hamming,BM25 + Hamming,574,3,9.386333054862916
scifact,bm25_hamming,BM25 + Hamming,574,4,9.243124979548156
scifact,bm25_hamming,BM25 + Hamming,574,5,9.30395897012204
scifact,bm25_hamming,BM25 + Hamming,574,6,9.214999969117343
scifact,bm25_hamming,BM25 + Hamming,574,7,9.33549995534122
scifact,bm25_hamming,BM25 + Hamming,574,8,9.307874948717654
scifact,bm25_hamming,BM25 + Hamming,574,9,9.254207951016724
scifact,bm25_hamming,BM25 + Hamming,540,0,10.42429101653397
scifact,bm25_hamming,BM25 + Hamming,540,1,10.357791907154024
scifact,bm25_hamming,BM25 + Hamming,540,2,10.44633297715336
scifact,bm25_hamming,BM25 + Hamming,540,3,10.297333006747067
scifact,bm25_hamming,BM25 + Hamming,540,4,10.317749925889075
scifact,bm25_hamming,BM25 + Hamming,540,5,13.454250060021877
scifact,bm25_hamming,BM25 + Hamming,540,6,11.708665988408029
scifact,bm25_hamming,BM25 + Hamming,540,7,10.616707964800298
scifact,bm25_hamming,BM25 + Hamming,540,8,10.329832904972136
scifact,bm25_hamming,BM25 + Hamming,540,9,10.284957941621542
scifact,bm25_hamming,BM25 + Hamming,354,0,13.414417044259608
scifact,bm25_hamming,BM25 + Hamming,354,1,13.360415934585035
scifact,bm25_hamming,BM25 + Hamming,354,2,13.367124949581921
scifact,bm25_hamming,BM25 + Hamming,354,3,13.316749944351614
scifact,bm25_hamming,BM25 + Hamming,354,4,13.337749987840652
scifact,bm25_hamming,BM25 + Hamming,354,5,13.274542056024075
scifact,bm25_hamming,BM25 + Hamming,354,6,13.310207985341549
scifact,bm25_hamming,BM25 + Hamming,354,7,13.29975004773587
scifact,bm25_hamming,BM25 + Hamming,354,8,13.29845900181681
scifact,bm25_hamming,BM25 + Hamming,354,9,13.348084059543908
scifact,bm25_hamming,BM25 + Hamming,1104,0,22.972167003899813
scifact,bm25_hamming,BM25 + Hamming,1104,1,22.815166972577572
scifact,bm25_hamming,BM25 + Hamming,1104,2,22.745832917280495
scifact,bm25_hamming,BM25 + Hamming,1104,3,22.6979999570176
scifact,bm25_hamming,BM25 + Hamming,1104,4,22.651250008493662
scifact,bm25_hamming,BM25 + Hamming,1104,5,22.644000011496246
scifact,bm25_hamming,BM25 + Hamming,1104,6,22.661207942292094
scifact,bm25_hamming,BM25 + Hamming,1104,7,22.60050002951175
scifact,bm25_hamming,BM25 + Hamming,1104,8,22.559624980203807
scifact,bm25_hamming,BM25 + Hamming,1104,9,22.519874968566
scifact,bm25_hamming,BM25 + Hamming,799,0,14.41675005480647
scifact,bm25_hamming,BM25 + Hamming,799,1,14.307125005871058
scifact,bm25_hamming,BM25 + Hamming,799,2,14.176624943502247
scifact,bm25_hamming,BM25 + Hamming,799,3,14.153167023323476
scifact,bm25_hamming,BM25 + Hamming,799,4,14.16645897552371
scifact,bm25_hamming,BM25 + Hamming,799,5,14.113582903519273
scifact,bm25_hamming,BM25 + Hamming,799,6,14.132417039945722
scifact,bm25_hamming,BM25 + Hamming,799,7,14.276084024459124
scifact,bm25_hamming,BM25 + Hamming,799,8,14.217250049114227
scifact,bm25_hamming,BM25 + Hamming,799,9,14.227124978788197
scifact,bm25_hamming,BM25 + Hamming,988,0,9.12204198539257
scifact,bm25_hamming,BM25 + Hamming,988,1,9.08595893997699
scifact,bm25_hamming,BM25 + Hamming,988,2,9.281708975322545
scifact,bm25_hamming,BM25 + Hamming,988,3,9.267834015190601
scifact,bm25_hamming,BM25 + Hamming,988,4,9.276833035983145
scifact,bm25_hamming,BM25 + Hamming,988,5,9.229416027665138
scifact,bm25_hamming,BM25 + Hamming,988,6,9.183250018395483
scifact,bm25_hamming,BM25 + Hamming,988,7,9.111583000048995
scifact,bm25_hamming,BM25 + Hamming,988,8,8.950583986006677
scifact,bm25_hamming,BM25 + Hamming,988,9,9.008624940179288
scifact,bm25_hamming,BM25 + Hamming,1294,0,12.279791058972478
scifact,bm25_hamming,BM25 + Hamming,1294,1,12.174249975942075
scifact,bm25_hamming,BM25 + Hamming,1294,2,12.145375018008053
scifact,bm25_hamming,BM25 + Hamming,1294,3,12.11933302693069
scifact,bm25_hamming,BM25 + Hamming,1294,4,12.106999987736344
scifact,bm25_hamming,BM25 + Hamming,1294,5,12.146917055360973
scifact,bm25_hamming,BM25 + Hamming,1294,6,12.156374985352159
scifact,bm25_hamming,BM25 + Hamming,1294,7,12.084666988812387
scifact,bm25_hamming,BM25 + Hamming,1294,8,12.069790973328054
scifact,bm25_hamming,BM25 + Hamming,1294,9,12.11820903699845
scifact,bm25_hamming,BM25 + Hamming,618,0,14.807874918915331
scifact,bm25_hamming,BM25 + Hamming,618,1,14.756167074665427
scifact,bm25_hamming,BM25 + Hamming,618,2,14.69900005031377
scifact,bm25_hamming,BM25 + Hamming,618,3,14.767999993637204
scifact,bm25_hamming,BM25 + Hamming,618,4,14.768250053748488
scifact,bm25_hamming,BM25 + Hamming,618,5,14.73058306146413
scifact,bm25_hamming,BM25 + Hamming,618,6,14.704582979902625
scifact,bm25_hamming,BM25 + Hamming,618,7,14.70070902723819
scifact,bm25_hamming,BM25 + Hamming,618,8,14.701584004797041
scifact,bm25_hamming,BM25 + Hamming,618,9,14.66816698666662
scifact,bm25_hamming,BM25 + Hamming,119,0,8.177832933142781
scifact,bm25_hamming,BM25 + Hamming,119,1,8.027749950997531
scifact,bm25_hamming,BM25 + Hamming,119,2,7.979999994859099
scifact,bm25_hamming,BM25 + Hamming,119,3,7.973458035849035
scifact,bm25_hamming,BM25 + Hamming,119,4,7.949457969516516
scifact,bm25_hamming,BM25 + Hamming,119,5,7.943958044052124
scifact,bm25_hamming,BM25 + Hamming,119,6,7.937750080600381
scifact,bm25_hamming,BM25 + Hamming,119,7,7.947374950163066
scifact,bm25_hamming,BM25 + Hamming,119,8,7.941875024698675
scifact,bm25_hamming,BM25 + Hamming,119,9,7.955249981023371
scifact,bm25_cosine_int8,BM25 + Cosine (int8),1228,0,20.342416944913566
scifact,bm25_cosine_int8,BM25 + Cosine (int8),1228,1,19.66400002129376
scifact,bm25_cosine_int8,BM25 + Cosine (int8),1228,2,19.567833049222827
scifact,bm25_cosine_int8,BM25 + Cosine (int8),1228,3,19.560875021852553
scifact,bm25_cosine_int8,BM25 + Cosine (int8),1228,4,19.703540951013565
scifact,bm25_cosine_int8,BM25 + Cosine (int8),1228,5,19.601874984800816
scifact,bm25_cosine_int8,BM25 + Cosine (int8),1228,6,19.94604105129838
scifact,bm25_cosine_int8,BM25 + Cosine (int8),1228,7,32.126791891641915
scifact,bm25_cosine_int8,BM25 + Cosine (int8),1228,8,34.172166022472084
scifact,bm25_cosine_int8,BM25 + Cosine (int8),1228,9,31.05616697575897
scifact,bm25_cosine_int8,BM25 + Cosine (int8),574,0,20.938250003382564
scifact,bm25_cosine_int8,BM25 + Cosine (int8),574,1,18.54408299550414
scifact,bm25_cosine_int8,BM25 + Cosine (int8),574,2,20.618208101950586
scifact,bm25_cosine_int8,BM25 + Cosine (int8),574,3,20.503749954514205
scifact,bm25_cosine_int8,BM25 + Cosine (int8),574,4,16.185958054848015
scifact,bm25_cosine_int8,BM25 + Cosine (int8),574,5,15.8363749505952
scifact,bm25_cosine_int8,BM25 + Cosine (int8),574,6,15.872667077928782
scifact,bm25_cosine_int8,BM25 + Cosine (int8),574,7,15.934291062876582
scifact,bm25_cosine_int8,BM25 + Cosine (int8),574,8,15.92308294493705
scifact,bm25_cosine_int8,BM25 + Cosine (int8),574,9,17.174000036902726
scifact,bm25_cosine_int8,BM25 + Cosine (int8),540,0,19.079625024460256
scifact,bm25_cosine_int8,BM25 + Cosine (int8),540,1,18.872082931920886
scifact,bm25_cosine_int8,BM25 + Cosine (int8),540,2,20.35070792771876
scifact,bm25_cosine_int8,BM25 + Cosine (int8),540,3,19.813458085991442
scifact,bm25_cosine_int8,BM25 + Cosine (int8),540,4,19.77800007443875
scifact,bm25_cosine_int8,BM25 + Cosine (int8),540,5,19.51929193455726
scifact,bm25_cosine_int8,BM25 + Cosine (int8),540,6,19.649459049105644
scifact,bm25_cosine_int8,BM25 + Cosine (int8),540,7,23.615833022631705
scifact,bm25_cosine_int8,BM25 + Cosine (int8),540,8,20.465958979912102
scifact,bm25_cosine_int8,BM25 + Cosine (int8),540,9,20.205750013701618
scifact,bm25_cosine_int8,BM25 + Cosine (int8),354,0,23.982124985195696
scifact,bm25_cosine_int8,BM25 + Cosine (int8),354,1,24.733625003136694
scifact,bm25_cosine_int8,BM25 + Cosine (int8),354,2,24.359375005587935
scifact,bm25_cosine_int8,BM25 + Cosine (int8),354,3,21.405374980531633
scifact,bm25_cosine_int8,BM25 + Cosine (int8),354,4,21.250875084660947
scifact,bm25_cosine_int8,BM25 + Cosine (int8),354,5,21.037666010670364
scifact,bm25_cosine_int8,BM25 + Cosine (int8),354,6,21.015207981690764
scifact,bm25_cosine_int8,BM25 + Cosine (int8),354,7,22.16254104860127
scifact,bm25_cosine_int8,BM25 + Cosine (int8),354,8,21.019209059886634
scifact,bm25_cosine_int8,BM25 + Cosine (int8),354,9,20.98716690670699
scifact,bm25_cosine_int8,BM25 + Cosine (int8),1104,0,31.035875086672604
scifact,bm25_cosine_int8,BM25 + Cosine (int8),1104,1,29.657000093720853
scifact,bm25_cosine_int8,BM25 + Cosine (int8),1104,2,29.01699999347329
scifact,bm25_cosine_int8,BM25 + Cosine (int8),1104,3,28.890416026115417
scifact,bm25_cosine_int8,BM25 + Cosine (int8),1104,4,28.865416068583727
scifact,bm25_cosine_int8,BM25 + Cosine (int8),1104,5,28.807916911318898
scifact,bm25_cosine_int8,BM25 + Cosine (int8),1104,6,28.824832988902926
scifact,bm25_cosine_int8,BM25 + Cosine (int8),1104,7,29.28604104090482
scifact,bm25_cosine_int8,BM25 + Cosine (int8),1104,8,28.821166954003274
scifact,bm25_cosine_int8,BM25 + Cosine (int8),1104,9,28.850666945800185
scifact,bm25_cosine_int8,BM25 + Cosine (int8),799,0,21.07416605576873
scifact,bm25_cosine_int8,BM25 + Cosine (int8),799,1,20.93758399132639
scifact,bm25_cosine_int8,BM25 + Cosine (int8),799,2,20.995749975554645
scifact,bm25_cosine_int8,BM25 + Cosine (int8),799,3,20.41475009173155
scifact,bm25_cosine_int8,BM25 + Cosine (int8),799,4,20.245417021214962
scifact,bm25_cosine_int8,BM25 + Cosine (int8),799,5,20.21266589872539
scifact,bm25_cosine_int8,BM25 + Cosine (int8),799,6,20.116625004447997
scifact,bm25_cosine_int8,BM25 + Cosine (int8),799,7,20.247583044692874
scifact,bm25_cosine_int8,BM25 + Cosine (int8),799,8,20.078834029845893
scifact,bm25_cosine_int8,BM25 + Cosine (int8),799,9,20.11249994393438
scifact,bm25_cosine_int8,BM25 + Cosine (int8),988,0,14.955290942452848
scifact,bm25_cosine_int8,BM25 + Cosine (int8),988,1,14.987666974775493
scifact,bm25_cosine_int8,BM25 + Cosine (int8),988,2,15.987375052645802
scifact,bm25_cosine_int8,BM25 + Cosine (int8),988,3,15.784332994371653
scifact,bm25_cosine_int8,BM25 + Cosine (int8),988,4,15.617750003002584
scifact,bm25_cosine_int8,BM25 + Cosine (int8),988,5,15.249624964781106
scifact,bm25_cosine_int8,BM25 + Cosine (int8),988,6,15.172707964666188
scifact,bm25_cosine_int8,BM25 + Cosine (int8),988,7,15.125834033824503
scifact,bm25_cosine_int8,BM25 + Cosine (int8),988,8,15.0833340594545
scifact,bm25_cosine_int8,BM25 + Cosine (int8),988,9,14.969540992751718
scifact,bm25_cosine_int8,BM25 + Cosine (int8),1294,0,18.116582999937236
scifact,bm25_cosine_int8,BM25 + Cosine (int8),1294,1,18.158999970182776
scifact,bm25_cosine_int8,BM25 + Cosine (int8),1294,2,18.15708400681615
scifact,bm25_cosine_int8,BM25 + Cosine (int8),1294,3,18.099167034961283
scifact,bm25_cosine_int8,BM25 + Cosine (int8),1294,4,18.09045800473541
scifact,bm25_cosine_int8,BM25 + Cosine (int8),1294,5,18.041541101410985
scifact,bm25_cosine_int8,BM25 + Cosine (int8),1294,6,18.11012497637421
scifact,bm25_cosine_int8,BM25 + Cosine (int8),1294,7,18.180083017796278
scifact,bm25_cosine_int8,BM25 + Cosine (int8),1294,8,18.05212500039488
scifact,bm25_cosine_int8,BM25 + Cosine (int8),1294,9,18.00283300690353
scifact,bm25_cosine_int8,BM25 + Cosine (int8),618,0,20.786416018381715
scifact,bm25_cosine_int8,BM25 + Cosine (int8),618,1,20.80820791888982
scifact,bm25_cosine_int8,BM25 + Cosine (int8),618,2,20.649083075113595
scifact,bm25_cosine_int8,BM25 + Cosine (int8),618,3,20.73516696691513
scifact,bm25_cosine_int8,BM25 + Cosine (int8),618,4,20.776416058652103
scifact,bm25_cosine_int8,BM25 + Cosine (int8),618,5,20.729957963339984
scifact,bm25_cosine_int8,BM25 + Cosine (int8),618,6,20.643209107220173
scifact,bm25_cosine_int8,BM25 + Cosine (int8),618,7,21.375457989051938
scifact,bm25_cosine_int8,BM25 + Cosine (int8),618,8,21.474292036145926
scifact,bm25_cosine_int8,BM25 + Cosine (int8),618,9,20.69104090332985
scifact,bm25_cosine_int8,BM25 + Cosine (int8),119,0,13.602833962067962
scifact,bm25_cosine_int8,BM25 + Cosine (int8),119,1,13.81466700695455
scifact,bm25_cosine_int8,BM25 + Cosine (int8),119,2,13.884874992072582
scifact,bm25_cosine_int8,BM25 + Cosine (int8),119,3,13.534167082980275
scifact,bm25_cosine_int8,BM25 + Cosine (int8),119,4,13.124417047947645
scifact,bm25_cosine_int8,BM25 + Cosine (int8),119,5,13.536500046029687
scifact,bm25_cosine_int8,BM25 + Cosine (int8),119,6,13.581624953076243
scifact,bm25_cosine_int8,BM25 + Cosine (int8),119,7,13.509707991033792
scifact,bm25_cosine_int8,BM25 + Cosine (int8),119,8,13.482374954037368
scifact,bm25_cosine_int8,BM25 + Cosine (int8),119,9,13.090832973830402
scifact,bm25_cosine_float,BM25 + Cosine (float),1228,0,39.21229101251811
scifact,bm25_cosine_float,BM25 + Cosine (float),1228,1,39.04395806603134
scifact,bm25_cosine_float,BM25 + Cosine (float),1228,2,38.90462499111891
scifact,bm25_cosine_float,BM25 + Cosine (float),1228,3,39.284958969801664
scifact,bm25_cosine_float,BM25 + Cosine (float),1228,4,39.16041704360396
scifact,bm25_cosine_float,BM25 + Cosine (float),1228,5,39.11891707684845
scifact,bm25_cosine_float,BM25 + Cosine (float),1228,6,41.02416697423905
scifact,bm25_cosine_float,BM25 + Cosine (float),1228,7,38.87162508908659
scifact,bm25_cosine_float,BM25 + Cosine (float),1228,8,38.66945789195597
scifact,bm25_cosine_float,BM25 + Cosine (float),1228,9,38.117666030302644
scifact,bm25_cosine_float,BM25 + Cosine (float),574,0,34.97370902914554
scifact,bm25_cosine_float,BM25 + Cosine (float),574,1,34.5811250153929
scifact,bm25_cosine_float,BM25 + Cosine (float),574,2,35.112999961711466
scifact,bm25_cosine_float,BM25 + Cosine (float),574,3,34.66641705017537
scifact,bm25_cosine_float,BM25 + Cosine (float),574,4,35.025416989810765
scifact,bm25_cosine_float,BM25 + Cosine (float),574,5,34.7876250743866
scifact,bm25_cosine_float,BM25 + Cosine (float),574,6,34.641583915799856
scifact,bm25_cosine_float,BM25 + Cosine (float),574,7,34.83183297794312
scifact,bm25_cosine_float,BM25 + Cosine (float),574,8,35.6047919485718
scifact,bm25_cosine_float,BM25 + Cosine (float),574,9,34.78770796209574
scifact,bm25_cosine_float,BM25 + Cosine (float),540,0,35.534749971702695
scifact,bm25_cosine_float,BM25 + Cosine (float),540,1,35.96912499051541
scifact,bm25_cosine_float,BM25 + Cosine (float),540,2,35.57795798406005
scifact,bm25_cosine_float,BM25 + Cosine (float),540,3,35.924167023040354
scifact,bm25_cosine_float,BM25 + Cosine (float),540,4,35.50570807419717
scifact,bm25_cosine_float,BM25 + Cosine (float),540,5,35.82066693343222
scifact,bm25_cosine_float,BM25 + Cosine (float),540,6,35.556540940888226
scifact,bm25_cosine_float,BM25 + Cosine (float),540,7,35.72383406572044
scifact,bm25_cosine_float,BM25 + Cosine (float),540,8,35.60479206498712
scifact,bm25_cosine_float,BM25 + Cosine (float),540,9,35.739833023399115
scifact,bm25_cosine_float,BM25 + Cosine (float),354,0,40.54729198105633
scifact,bm25_cosine_float,BM25 + Cosine (float),354,1,40.75366700999439
scifact,bm25_cosine_float,BM25 + Cosine (float),354,2,39.62695796508342
scifact,bm25_cosine_float,BM25 + Cosine (float),354,3,39.57216709386557
scifact,bm25_cosine_float,BM25 + Cosine (float),354,4,39.746624999679625
scifact,bm25_cosine_float,BM25 + Cosine (float),354,5,39.577333023771644
scifact,bm25_cosine_float,BM25 + Cosine (float),354,6,39.4157919799909
scifact,bm25_cosine_float,BM25 + Cosine (float),354,7,38.64362498279661
scifact,bm25_cosine_float,BM25 + Cosine (float),354,8,39.012957946397364
scifact,bm25_cosine_float,BM25 + Cosine (float),354,9,38.85645803529769
scifact,bm25_cosine_float,BM25 + Cosine (float),1104,0,47.94299998320639
scifact,bm25_cosine_float,BM25 + Cosine (float),1104,1,49.41074992530048
scifact,bm25_cosine_float,BM25 + Cosine (float),1104,2,48.116917023435235
scifact,bm25_cosine_float,BM25 + Cosine (float),1104,3,49.22204092144966
scifact,bm25_cosine_float,BM25 + Cosine (float),1104,4,48.36612509097904
scifact,bm25_cosine_float,BM25 + Cosine (float),1104,5,49.700333969667554
scifact,bm25_cosine_float,BM25 + Cosine (float),1104,6,49.692625063471496
scifact,bm25_cosine_float,BM25 + Cosine (float),1104,7,52.988165989518166
scifact,bm25_cosine_float,BM25 + Cosine (float),1104,8,57.65483295544982
scifact,bm25_cosine_float,BM25 + Cosine (float),1104,9,48.899791087023914
scifact,bm25_cosine_float,BM25 + Cosine (float),799,0,40.92737496830523
scifact,bm25_cosine_float,BM25 + Cosine (float),799,1,40.78883398324251
scifact,bm25_cosine_float,BM25 + Cosine (float),799,2,40.86083301808685
scifact,bm25_cosine_float,BM25 + Cosine (float),799,3,40.696708019822836
scifact,bm25_cosine_float,BM25 + Cosine (float),799,4,40.54920899216086
scifact,bm25_cosine_float,BM25 + Cosine (float),799,5,40.59345799032599
scifact,bm25_cosine_float,BM25 + Cosine (float),799,6,40.59958294965327
scifact,bm25_cosine_float,BM25 + Cosine (float),799,7,40.56829202454537
scifact,bm25_cosine_float,BM25 + Cosine (float),799,8,40.642541949637234
scifact,bm25_cosine_float,BM25 + Cosine (float),799,9,40.57333304081112
scifact,bm25_cosine_float,BM25 + Cosine (float),988,0,35.64599994570017
scifact,bm25_cosine_float,BM25 + Cosine (float),988,1,43.72866591438651
scifact,bm25_cosine_float,BM25 + Cosine (float),988,2,35.71995790116489
scifact,bm25_cosine_float,BM25 + Cosine (float),988,3,35.92120797839016
scifact,bm25_cosine_float,BM25 + Cosine (float),988,4,40.78283300623298
scifact,bm25_cosine_float,BM25 + Cosine (float),988,5,37.57341695018113
scifact,bm25_cosine_float,BM25 + Cosine (float),988,6,36.768457968719304
scifact,bm25_cosine_float,BM25 + Cosine (float),988,7,35.25241697207093
scifact,bm25_cosine_float,BM25 + Cosine (float),988,8,35.10579199064523
scifact,bm25_cosine_float,BM25 + Cosine (float),988,9,34.973957925103605
scifact,bm25_cosine_float,BM25 + Cosine (float),1294,0,38.04879100061953
scifact,bm25_cosine_float,BM25 + Cosine (float),1294,1,37.644875003024936
scifact,bm25_cosine_float,BM25 + Cosine (float),1294,2,38.06966601405293
scifact,bm25_cosine_float,BM25 + Cosine (float),1294,3,38.038124912418425
scifact,bm25_cosine_float,BM25 + Cosine (float),1294,4,37.70945896394551
scifact,bm25_cosine_float,BM25 + Cosine (float),1294,5,38.17962494213134
scifact,bm25_cosine_float,BM25 + Cosine (float),1294,6,38.805624935775995
scifact,bm25_cosine_float,BM25 + Cosine (float),1294,7,118.71616693679243
scifact,bm25_cosine_float,BM25 + Cosine (float),1294,8,114.44495804607868
scifact,bm25_cosine_float,BM25 + Cosine (float),1294,9,42.79166692867875
scifact,bm25_cosine_float,BM25 + Cosine (float),618,0,43.35058305878192
scifact,bm25_cosine_float,BM25 + Cosine (float),618,1,41.477082995697856
scifact,bm25_cosine_float,BM25 + Cosine (float),618,2,41.24433302786201
scifact,bm25_cosine_float,BM25 + Cosine (float),618,3,41.346290963701904
scifact,bm25_cosine_float,BM25 + Cosine (float),618,4,41.256041964516044
scifact,bm25_cosine_float,BM25 + Cosine (float),618,5,41.243124986067414
scifact,bm25_cosine_float,BM25 + Cosine (float),618,6,41.29404097329825
scifact,bm25_cosine_float,BM25 + Cosine (float),618,7,41.328374994918704
scifact,bm25_cosine_float,BM25 + Cosine (float),618,8,41.25679098069668
scifact,bm25_cosine_float,BM25 + Cosine (float),618,9,41.393041028641164
scifact,bm25_cosine_float,BM25 + Cosine (float),119,0,36.5344169549644
scifact,bm25_cosine_float,BM25 + Cosine (float),119,1,34.63608305901289
scifact,bm25_cosine_float,BM25 + Cosine (float),119,2,34.358875011093915
scifact,bm25_cosine_float,BM25 + Cosine (float),119,3,34.31879205163568
scifact,bm25_cosine_float,BM25 + Cosine (float),119,4,34.516833955422044
scifact,bm25_cosine_float,BM25 + Cosine (float),119,5,34.370541921816766
scifact,bm25_cosine_float,BM25 + Cosine (float),119,6,34.25725002307445
scifact,bm25_cosine_float,BM25 + Cosine (float),119,7,34.40250002313405
scifact,bm25_cosine_float,BM25 + Cosine (float),119,8,34.669291926547885
scifact,bm25_cosine_float,BM25 + Cosine (float),119,9,36.156084039248526
scifact,hamming,Hamming,1228,0,5.215583019889891
scifact,hamming,Hamming,1228,1,4.064584034495056
scifact,hamming,Hamming,1228,2,3.7328751059249043
scifact,hamming,Hamming,1228,3,4.5251669362187386
scifact,hamming,Hamming,1228,4,5.7168330531567335
scifact,hamming,Hamming,1228,5,5.326207960024476
scifact,hamming,Hamming,1228,6,5.040874937549233
scifact,hamming,Hamming,1228,7,4.509125021286309
scifact,hamming,Hamming,1228,8,4.162749974057078
scifact,hamming,Hamming,1228,9,4.179291077889502
scifact,hamming,Hamming,574,0,2.5030840188264847
scifact,hamming,Hamming,574,1,2.6941249379888177
scifact,hamming,Hamming,574,2,2.358166966587305
scifact,hamming,Hamming,574,3,2.2178749786689878
scifact,hamming,Hamming,574,4,2.328124945051968
scifact,hamming,Hamming,574,5,2.543209004215896
scifact,hamming,Hamming,574,6,2.49858305323869
scifact,hamming,Hamming,574,7,2.3633339442312717
scifact,hamming,Hamming,574,8,2.47066596057266
scifact,hamming,Hamming,574,9,2.240082947537303
scifact,hamming,Hamming,540,0,5.640459014102817
scifact,hamming,Hamming,540,1,5.187917035073042
scifact,hamming,Hamming,540,2,4.8853750340640545
scifact,hamming,Hamming,540,3,6.247916026040912
scifact,hamming,Hamming,540,4,5.317291943356395
scifact,hamming,Hamming,540,5,4.851041012443602
scifact,hamming,Hamming,540,6,5.376750021241605
scifact,hamming,Hamming,540,7,5.032833083532751
scifact,hamming,Hamming,540,8,4.927082918584347
scifact,hamming,Hamming,540,9,5.0345000345259905
scifact,hamming,Hamming,354,0,5.050917039625347
scifact,hamming,Hamming,354,1,5.031666019931436
scifact,hamming,Hamming,354,2,4.704416962340474
scifact,hamming,Hamming,354,3,4.585332935675979
scifact,hamming,Hamming,354,4,4.431792069226503
scifact,hamming,Hamming,354,5,4.341625026427209
scifact,hamming,Hamming,354,6,4.380124970339239
scifact,hamming,Hamming,354,7,4.360959050245583
scifact,hamming,Hamming,354,8,4.372042021714151
scifact,hamming,Hamming,354,9,4.337167018093169
scifact,hamming,Hamming,1104,0,0.8653330150991678
scifact,hamming,Hamming,1104,1,0.8515419904142618
scifact,hamming,Hamming,1104,2,0.9436249965801835
scifact,hamming,Hamming,1104,3,0.8742919890210032
scifact,hamming,Hamming,1104,4,0.860749976709485
scifact,hamming,Hamming,1104,5,0.8429581066593528
scifact,hamming,Hamming,1104,6,0.8435829076915979
scifact,hamming,Hamming,1104,7,0.8402079110965133
scifact,hamming,Hamming,1104,8,0.8405839325860143
scifact,hamming,Hamming,1104,9,0.8397919591516256
scifact,hamming,Hamming,799,0,2.568832947872579
scifact,hamming,Hamming,799,1,2.5162920355796814
scifact,hamming,Hamming,799,2,2.5212500477209687
scifact,hamming,Hamming,799,3,2.5208330480381846
scifact,hamming,Hamming,799,4,2.4683340452611446
scifact,hamming,Hamming,799,5,2.5345419999212027
scifact,hamming,Hamming,799,6,2.59916705545038
scifact,hamming,Hamming,799,7,2.6634170208126307
scifact,hamming,Hamming,799,8,2.845625043846667
scifact,hamming,Hamming,799,9,2.8714590007439256
scifact,hamming,Hamming,988,0,3.610749961808324
scifact,hamming,Hamming,988,1,3.261541947722435
scifact,hamming,Hamming,988,2,3.297374933026731
scifact,hamming,Hamming,988,3,3.261459060013294
scifact,hamming,Hamming,988,4,3.23000003118068
scifact,hamming,Hamming,988,5,3.136125043965876
scifact,hamming,Hamming,988,6,3.1056669540703297
scifact,hamming,Hamming,988,7,3.048208076506853
scifact,hamming,Hamming,988,8,3.047041012905538
scifact,hamming,Hamming,988,9,3.0469170305877924
scifact,hamming,Hamming,1294,0,3.8026670226827264
scifact,hamming,Hamming,1294,1,3.7260829703882337
scifact,hamming,Hamming,1294,2,3.840541001409292
scifact,hamming,Hamming,1294,3,3.7287090672180057
scifact,hamming,Hamming,1294,4,3.7124159280210733
scifact,hamming,Hamming,1294,5,3.6365410778671503
scifact,hamming,Hamming,1294,6,3.5595839144662023
scifact,hamming,Hamming,1294,7,3.5307499347254634
scifact,hamming,Hamming,1294,8,3.6919580306857824
scifact,hamming,Hamming,1294,9,3.552790964022279
scifact,hamming,Hamming,618,0,2.128290943801403
scifact,hamming,Hamming,618,1,2.0704580238088965
scifact,hamming,Hamming,618,2,2.025041962042451
scifact,hamming,Hamming,618,3,2.0403750240802765
scifact,hamming,Hamming,618,4,2.028041984885931
scifact,hamming,Hamming,618,5,2.0193340023979545
scifact,hamming,Hamming,618,6,2.0140829728916287
scifact,hamming,Hamming,618,7,2.016291953623295
scifact,hamming,Hamming,618,8,2.060041995719075
scifact,hamming,Hamming,618,9,2.1763340337201953
scifact,hamming,Hamming,119,0,0.92224997933954
scifact,hamming,Hamming,119,1,0.9014999959617853
scifact,hamming,Hamming,119,2,0.9025000035762787
scifact,hamming,Hamming,119,3,0.9057910647243261
scifact,hamming,Hamming,119,4,0.9024169994518161
scifact,hamming,Hamming,119,5,0.9092090185731649
scifact,hamming,Hamming,119,6,0.9053329704329371
scifact,hamming,Hamming,119,7,0.898500089533627
scifact,hamming,Hamming,119,8,0.8966670138761401
scifact,hamming,Hamming,119,9,0.8673749398440123
scifact,hamming_cosine_int8,Hamming + Cosine (int8),1228,0,9.931374923326075
scifact,hamming_cosine_int8,Hamming + Cosine (int8),1228,1,11.02308405097574
scifact,hamming_cosine_int8,Hamming + Cosine (int8),1228,2,10.139417019672692
scifact,hamming_cosine_int8,Hamming + Cosine (int8),1228,3,10.03050000872463
scifact,hamming_cosine_int8,Hamming + Cosine (int8),1228,4,10.11679193470627
scifact,hamming_cosine_int8,Hamming + Cosine (int8),1228,5,10.691709001548588
scifact,hamming_cosine_int8,Hamming + Cosine (int8),1228,6,9.84929094556719
scifact,hamming_cosine_int8,Hamming + Cosine (int8),1228,7,9.849207941442728
scifact,hamming_cosine_int8,Hamming + Cosine (int8),1228,8,9.775707963854074
scifact,hamming_cosine_int8,Hamming + Cosine (int8),1228,9,9.763250011019409
scifact,hamming_cosine_int8,Hamming + Cosine (int8),574,0,8.21795896627009
scifact,hamming_cosine_int8,Hamming + Cosine (int8),574,1,8.305624942295253
scifact,hamming_cosine_int8,Hamming + Cosine (int8),574,2,8.263540919870138
scifact,hamming_cosine_int8,Hamming + Cosine (int8),574,3,8.289124933071434
scifact,hamming_cosine_int8,Hamming + Cosine (int8),574,4,8.33474996034056
scifact,hamming_cosine_int8,Hamming + Cosine (int8),574,5,8.231875021010637
scifact,hamming_cosine_int8,Hamming + Cosine (int8),574,6,8.772208937443793
scifact,hamming_cosine_int8,Hamming + Cosine (int8),574,7,8.360625011846423
scifact,hamming_cosine_int8,Hamming + Cosine (int8),574,8,8.90900008380413
scifact,hamming_cosine_int8,Hamming + Cosine (int8),574,9,8.54687497485429
scifact,hamming_cosine_int8,Hamming + Cosine (int8),540,0,10.894250008277595
scifact,hamming_cosine_int8,Hamming + Cosine (int8),540,1,10.69741602987051
scifact,hamming_cosine_int8,Hamming + Cosine (int8),540,2,10.911457939073443
scifact,hamming_cosine_int8,Hamming + Cosine (int8),540,3,10.909167001955211
scifact,hamming_cosine_int8,Hamming + Cosine (int8),540,4,10.821833973750472
scifact,hamming_cosine_int8,Hamming + Cosine (int8),540,5,10.772792040370405
scifact,hamming_cosine_int8,Hamming + Cosine (int8),540,6,10.859166039153934
scifact,hamming_cosine_int8,Hamming + Cosine (int8),540,7,10.887624928727746
scifact,hamming_cosine_int8,Hamming + Cosine (int8),540,8,10.948250070214272
scifact,hamming_cosine_int8,Hamming + Cosine (int8),540,9,10.987583082169294
scifact,hamming_cosine_int8,Hamming + Cosine (int8),354,0,10.903374990448356
scifact,hamming_cosine_int8,Hamming + Cosine (int8),354,1,10.804624995216727
scifact,hamming_cosine_int8,Hamming + Cosine (int8),354,2,10.825250064954162
scifact,hamming_cosine_int8,Hamming + Cosine (int8),354,3,10.743916034698486
scifact,hamming_cosine_int8,Hamming + Cosine (int8),354,4,10.785500053316355
scifact,hamming_cosine_int8,Hamming + Cosine (int8),354,5,10.865665972232819
scifact,hamming_cosine_int8,Hamming + Cosine (int8),354,6,10.785457910969853
scifact,hamming_cosine_int8,Hamming + Cosine (int8),354,7,10.807791957631707
scifact,hamming_cosine_int8,Hamming + Cosine (int8),354,8,10.81612496636808
scifact,hamming_cosine_int8,Hamming + Cosine (int8),354,9,10.90354099869728
scifact,hamming_cosine_int8,Hamming + Cosine (int8),1104,0,6.790457991883159
scifact,hamming_cosine_int8,Hamming + Cosine (int8),1104,1,6.649957969784737
scifact,hamming_cosine_int8,Hamming + Cosine (int8),1104,2,6.6154999658465385
scifact,hamming_cosine_int8,Hamming + Cosine (int8),1104,3,6.794834043830633
scifact,hamming_cosine_int8,Hamming + Cosine (int8),1104,4,6.769374944269657
scifact,hamming_cosine_int8,Hamming + Cosine (int8),1104,5,6.689750007353723
scifact,hamming_cosine_int8,Hamming + Cosine (int8),1104,6,6.536667002364993
scifact,hamming_cosine_int8,Hamming + Cosine (int8),1104,7,6.520499940961599
scifact,hamming_cosine_int8,Hamming + Cosine (int8),1104,8,6.668124930001795
scifact,hamming_cosine_int8,Hamming + Cosine (int8),1104,9,6.622249959036708
scifact,hamming_cosine_int8,Hamming + Cosine (int8),799,0,9.334125090390444
scifact,hamming_cosine_int8,Hamming + Cosine (int8),799,1,9.20037494506687
scifact,hamming_cosine_int8,Hamming + Cosine (int8),799,2,9.248165995813906
scifact,hamming_cosine_int8,Hamming + Cosine (int8),799,3,9.434332954697311
scifact,hamming_cosine_int8,Hamming + Cosine (int8),799,4,9.609750006347895
scifact,hamming_cosine_int8,Hamming + Cosine (int8),799,5,9.336584014818072
scifact,hamming_cosine_int8,Hamming + Cosine (int8),799,6,9.441541973501444
scifact,hamming_cosine_int8,Hamming + Cosine (int8),799,7,9.417833061888814
scifact,hamming_cosine_int8,Hamming + Cosine (int8),799,8,9.398875059559941
scifact,hamming_cosine_int8,Hamming + Cosine (int8),799,9,9.338208008557558
scifact,hamming_cosine_int8,Hamming + Cosine (int8),988,0,9.868874913081527
scifact,hamming_cosine_int8,Hamming + Cosine (int8),988,1,9.75349999498576
scifact,hamming_cosine_int8,Hamming + Cosine (int8),988,2,10.026957956142724
scifact,hamming_cosine_int8,Hamming + Cosine (int8),988,3,9.92637500166893
scifact,hamming_cosine_int8,Hamming + Cosine (int8),988,4,9.830833063460886
scifact,hamming_cosine_int8,Hamming + Cosine (int8),988,5,9.790834039449692
scifact,hamming_cosine_int8,Hamming + Cosine (int8),988,6,9.744292008690536
scifact,hamming_cosine_int8,Hamming + Cosine (int8),988,7,9.881832986138761
scifact,hamming_cosine_int8,Hamming + Cosine (int8),988,8,9.83816699590534
scifact,hamming_cosine_int8,Hamming + Cosine (int8),988,9,9.764957940205932
scifact,hamming_cosine_int8,Hamming + Cosine (int8),1294,0,10.785749997012317
scifact,hamming_cosine_int8,Hamming + Cosine (int8),1294,1,11.043582926504314
scifact,hamming_cosine_int8,Hamming + Cosine (int8),1294,2,11.06737507507205
scifact,hamming_cosine_int8,Hamming + Cosine (int8),1294,3,10.667582973837852
scifact,hamming_cosine_int8,Hamming + Cosine (int8),1294,4,10.539499926380813
scifact,hamming_cosine_int8,Hamming + Cosine (int8),1294,5,10.596874984912574
scifact,hamming_cosine_int8,Hamming + Cosine (int8),1294,6,10.805916972458363
scifact,hamming_cosine_int8,Hamming + Cosine (int8),1294,7,11.005708016455173
scifact,hamming_cosine_int8,Hamming + Cosine (int8),1294,8,10.84304100368172
scifact,hamming_cosine_int8,Hamming + Cosine (int8),1294,9,11.100083007477224
scifact,hamming_cosine_int8,Hamming + Cosine (int8),618,0,9.282666957005858
scifact,hamming_cosine_int8,Hamming + Cosine (int8),618,1,9.579167002812028
scifact,hamming_cosine_int8,Hamming + Cosine (int8),618,2,9.39816702157259
scifact,hamming_cosine_int8,Hamming + Cosine (int8),618,3,9.389916900545359
scifact,hamming_cosine_int8,Hamming + Cosine (int8),618,4,9.506375063210726
scifact,hamming_cosine_int8,Hamming + Cosine (int8),618,5,9.683500044047832
scifact,hamming_cosine_int8,Hamming + Cosine (int8),618,6,9.416416985914111
scifact,hamming_cosine_int8,Hamming + Cosine (int8),618,7,9.201958077028394
scifact,hamming_cosine_int8,Hamming + Cosine (int8),618,8,9.492167038843036
scifact,hamming_cosine_int8,Hamming + Cosine (int8),618,9,9.281249949708581
scifact,hamming_cosine_int8,Hamming + Cosine (int8),119,0,7.405041018500924
scifact,hamming_cosine_int8,Hamming + Cosine (int8),119,1,7.4874169658869505
scifact,hamming_cosine_int8,Hamming + Cosine (int8),119,2,7.236500037834048
scifact,hamming_cosine_int8,Hamming + Cosine (int8),119,3,7.498749997466803
scifact,hamming_cosine_int8,Hamming + Cosine (int8),119,4,7.485583075322211
scifact,hamming_cosine_int8,Hamming + Cosine (int8),119,5,8.777457987889647
scifact,hamming_cosine_int8,Hamming + Cosine (int8),119,6,7.758624968118966
scifact,hamming_cosine_int8,Hamming + Cosine (int8),119,7,7.420790963806212
scifact,hamming_cosine_int8,Hamming + Cosine (int8),119,8,7.545208907686174
scifact,hamming_cosine_int8,Hamming + Cosine (int8),119,9,7.1157499914988875
scifact,hamming_cosine_float,Hamming + Cosine (float),1228,0,30.88537498842925
scifact,hamming_cosine_float,Hamming + Cosine (float),1228,1,30.630999943241477
scifact,hamming_cosine_float,Hamming + Cosine (float),1228,2,30.852916999720037
scifact,hamming_cosine_float,Hamming + Cosine (float),1228,3,30.811375007033348
scifact,hamming_cosine_float,Hamming + Cosine (float),1228,4,35.380750079639256
scifact,hamming_cosine_float,Hamming + Cosine (float),1228,5,32.65887498855591
scifact,hamming_cosine_float,Hamming + Cosine (float),1228,6,30.800499953329563
scifact,hamming_cosine_float,Hamming + Cosine (float),1228,7,30.878250021487474
scifact,hamming_cosine_float,Hamming + Cosine (float),1228,8,32.7051670756191
scifact,hamming_cosine_float,Hamming + Cosine (float),1228,9,33.01816596649587
scifact,hamming_cosine_float,Hamming + Cosine (float),574,0,30.138125061057508
scifact,hamming_cosine_float,Hamming + Cosine (float),574,1,29.47283408138901
scifact,hamming_cosine_float,Hamming + Cosine (float),574,2,30.453459010459483
scifact,hamming_cosine_float,Hamming + Cosine (float),574,3,30.396874994039536
scifact,hamming_cosine_float,Hamming + Cosine (float),574,4,30.242374981753528
scifact,hamming_cosine_float,Hamming + Cosine (float),574,5,30.09462496265769
scifact,hamming_cosine_float,Hamming + Cosine (float),574,6,29.850332997739315
scifact,hamming_cosine_float,Hamming + Cosine (float),574,7,29.218750074505806
scifact,hamming_cosine_float,Hamming + Cosine (float),574,8,29.098083963617682
scifact,hamming_cosine_float,Hamming + Cosine (float),574,9,29.002041090279818
scifact,hamming_cosine_float,Hamming + Cosine (float),540,0,31.51487500872463
scifact,hamming_cosine_float,Hamming + Cosine (float),540,1,31.65695897769183
scifact,hamming_cosine_float,Hamming + Cosine (float),540,2,34.09800003282726
scifact,hamming_cosine_float,Hamming + Cosine (float),540,3,31.669000047259033
scifact,hamming_cosine_float,Hamming + Cosine (float),540,4,31.560709001496434
scifact,hamming_cosine_float,Hamming + Cosine (float),540,5,31.495749950408936
scifact,hamming_cosine_float,Hamming + Cosine (float),540,6,31.768667045980692
scifact,hamming_cosine_float,Hamming + Cosine (float),540,7,31.65583300869912
scifact,hamming_cosine_float,Hamming + Cosine (float),540,8,31.955542042851448
scifact,hamming_cosine_float,Hamming + Cosine (float),540,9,32.27049997076392
scifact,hamming_cosine_float,Hamming + Cosine (float),354,0,31.85470902826637
scifact,hamming_cosine_float,Hamming + Cosine (float),354,1,32.08637493662536
scifact,hamming_cosine_float,Hamming + Cosine (float),354,2,32.064958941191435
scifact,hamming_cosine_float,Hamming + Cosine (float),354,3,32.497292035259306
scifact,hamming_cosine_float,Hamming + Cosine (float),354,4,32.26870798971504
scifact,hamming_cosine_float,Hamming + Cosine (float),354,5,31.962334061972797
scifact,hamming_cosine_float,Hamming + Cosine (float),354,6,31.602708040736616
scifact,hamming_cosine_float,Hamming + Cosine (float),354,7,32.56454202346504
scifact,hamming_cosine_float,Hamming + Cosine (float),354,8,31.72924998216331
scifact,hamming_cosine_float,Hamming + Cosine (float),354,9,32.51049993559718
scifact,hamming_cosine_float,Hamming + Cosine (float),1104,0,27.484624995850027
scifact,hamming_cosine_float,Hamming + Cosine (float),1104,1,27.49687503091991
scifact,hamming_cosine_float,Hamming + Cosine (float),1104,2,27.881041984073818
scifact,hamming_cosine_float,Hamming + Cosine (float),1104,3,29.200959019362926
scifact,hamming_cosine_float,Hamming + Cosine (float),1104,4,27.472374960780144
scifact,hamming_cosine_float,Hamming + Cosine (float),1104,5,27.445124927908182
scifact,hamming_cosine_float,Hamming + Cosine (float),1104,6,27.42370800115168
scifact,hamming_cosine_float,Hamming + Cosine (float),1104,7,27.784625068306923
scifact,hamming_cosine_float,Hamming + Cosine (float),1104,8,27.51350007019937
scifact,hamming_cosine_float,Hamming + Cosine (float),1104,9,27.35954208765179
scifact,hamming_cosine_float,Hamming + Cosine (float),799,0,29.25304207019508
scifact,hamming_cosine_float,Hamming + Cosine (float),799,1,29.303416959010065
scifact,hamming_cosine_float,Hamming + Cosine (float),799,2,29.274959000758827
scifact,hamming_cosine_float,Hamming + Cosine (float),799,3,29.24645901657641
scifact,hamming_cosine_float,Hamming + Cosine (float),799,4,29.237542068585753
scifact,hamming_cosine_float,Hamming + Cosine (float),799,5,29.396374942734838
scifact,hamming_cosine_float,Hamming + Cosine (float),799,6,29.230166925117373
scifact,hamming_cosine_float,Hamming + Cosine (float),799,7,29.202583013102412
scifact,hamming_cosine_float,Hamming + Cosine (float),799,8,29.264708049595356
scifact,hamming_cosine_float,Hamming + Cosine (float),799,9,29.64550000615418
scifact,hamming_cosine_float,Hamming + Cosine (float),988,0,29.294249950908124
scifact,hamming_cosine_float,Hamming + Cosine (float),988,1,29.321667039766908
scifact,hamming_cosine_float,Hamming + Cosine (float),988,2,29.44058401044458
scifact,hamming_cosine_float,Hamming + Cosine (float),988,3,29.47279205545783
scifact,hamming_cosine_float,Hamming + Cosine (float),988,4,29.401582898572087
scifact,hamming_cosine_float,Hamming + Cosine (float),988,5,29.342583031393588
scifact,hamming_cosine_float,Hamming + Cosine (float),988,6,29.389958013780415
scifact,hamming_cosine_float,Hamming + Cosine (float),988,7,29.376290971413255
scifact,hamming_cosine_float,Hamming + Cosine (float),988,8,29.511042055673897
scifact,hamming_cosine_float,Hamming + Cosine (float),988,9,29.432915966026485
scifact,hamming_cosine_float,Hamming + Cosine (float),1294,0,37.290874985046685
scifact,hamming_cosine_float,Hamming + Cosine (float),1294,1,32.68254199065268
scifact,hamming_cosine_float,Hamming + Cosine (float),1294,2,30.455707921646535
scifact,hamming_cosine_float,Hamming + Cosine (float),1294,3,30.394041910767555
scifact,hamming_cosine_float,Hamming + Cosine (float),1294,4,30.372290988452733
scifact,hamming_cosine_float,Hamming + Cosine (float),1294,5,30.63187492080033
scifact,hamming_cosine_float,Hamming + Cosine (float),1294,6,30.39320802781731
scifact,hamming_cosine_float,Hamming + Cosine (float),1294,7,30.383292003534734
scifact,hamming_cosine_float,Hamming + Cosine (float),1294,8,30.490542063489556
scifact,hamming_cosine_float,Hamming + Cosine (float),1294,9,30.292334035038948
scifact,hamming_cosine_float,Hamming + Cosine (float),618,0,28.89225003309548
scifact,hamming_cosine_float,Hamming + Cosine (float),618,1,28.806791990064085
scifact,hamming_cosine_float,Hamming + Cosine (float),618,2,28.83500000461936
scifact,hamming_cosine_float,Hamming + Cosine (float),618,3,28.935542097315192
scifact,hamming_cosine_float,Hamming + Cosine (float),618,4,28.81012496072799
scifact,hamming_cosine_float,Hamming + Cosine (float),618,5,28.78279099240899
scifact,hamming_cosine_float,Hamming + Cosine (float),618,6,28.81708403583616
scifact,hamming_cosine_float,Hamming + Cosine (float),618,7,28.798207989893854
scifact,hamming_cosine_float,Hamming + Cosine (float),618,8,28.78387493547052
scifact,hamming_cosine_float,Hamming + Cosine (float),618,9,29.325000010430813
scifact,hamming_cosine_float,Hamming + Cosine (float),119,0,27.215083013288677
scifact,hamming_cosine_float,Hamming + Cosine (float),119,1,27.2514580283314
scifact,hamming_cosine_float,Hamming + Cosine (float),119,2,27.445417013950646
scifact,hamming_cosine_float,Hamming + Cosine (float),119,3,27.170749963261187
scifact,hamming_cosine_float,Hamming + Cosine (float),119,4,27.090958086773753
scifact,hamming_cosine_float,Hamming + Cosine (float),119,5,27.18733297660947
scifact,hamming_cosine_float,Hamming + Cosine (float),119,6,27.708624955266714
scifact,hamming_cosine_float,Hamming + Cosine (float),119,7,27.993874973617494
scifact,hamming_cosine_float,Hamming + Cosine (float),119,8,33.07104203850031
scifact,hamming_cosine_float,Hamming + Cosine (float),119,9,27.538249967619777
scifact,cosine_int8,Cosine (int8),1228,0,31.33920906111598
scifact,cosine_int8,Cosine (int8),1228,1,31.45766700617969
scifact,cosine_int8,Cosine (int8),1228,2,31.398249906487763
scifact,cosine_int8,Cosine (int8),1228,3,32.207374926656485
scifact,cosine_int8,Cosine (int8),1228,4,32.065249979496
scifact,cosine_int8,Cosine (int8),1228,5,32.06958307418972
scifact,cosine_int8,Cosine (int8),1228,6,31.960958964191377
scifact,cosine_int8,Cosine (int8),1228,7,31.801832956261933
scifact,cosine_int8,Cosine (int8),1228,8,32.159166992641985
scifact,cosine_int8,Cosine (int8),1228,9,34.86445907037705
scifact,cosine_int8,Cosine (int8),574,0,30.2687908988446
scifact,cosine_int8,Cosine (int8),574,1,30.17070796340704
scifact,cosine_int8,Cosine (int8),574,2,30.477458029054105
scifact,cosine_int8,Cosine (int8),574,3,30.174334067851305
scifact,cosine_int8,Cosine (int8),574,4,30.30370909254998
scifact,cosine_int8,Cosine (int8),574,5,30.401957919821143
scifact,cosine_int8,Cosine (int8),574,6,30.342667014338076
scifact,cosine_int8,Cosine (int8),574,7,30.307583045214415
scifact,cosine_int8,Cosine (int8),574,8,30.49087501130998
scifact,cosine_int8,Cosine (int8),574,9,30.331792077049613
scifact,cosine_int8,Cosine (int8),540,0,32.6809169491753
scifact,cosine_int8,Cosine (int8),540,1,32.69212495069951
scifact,cosine_int8,Cosine (int8),540,2,36.36879101395607
scifact,cosine_int8,Cosine (int8),540,3,33.60174992121756
scifact,cosine_int8,Cosine (int8),540,4,32.859375001862645
scifact,cosine_int8,Cosine (int8),540,5,32.73374994751066
scifact,cosine_int8,Cosine (int8),540,6,32.93837502133101
scifact,cosine_int8,Cosine (int8),540,7,32.83912502229214
scifact,cosine_int8,Cosine (int8),540,8,32.918165903538465
scifact,cosine_int8,Cosine (int8),540,9,32.76233293581754
scifact,cosine_int8,Cosine (int8),354,0,37.179249920882285
scifact,cosine_int8,Cosine (int8),354,1,34.361875033937395
scifact,cosine_int8,Cosine (int8),354,2,33.708417089655995
scifact,cosine_int8,Cosine (int8),354,3,33.917709020897746
scifact,cosine_int8,Cosine (int8),354,4,33.67366699967533
scifact,cosine_int8,Cosine (int8),354,5,33.719750004820526
scifact,cosine_int8,Cosine (int8),354,6,33.69716589804739
scifact,cosine_int8,Cosine (int8),354,7,33.631165977567434
scifact,cosine_int8,Cosine (int8),354,8,32.31041692197323
scifact,cosine_int8,Cosine (int8),354,9,32.4406250147149
scifact,cosine_int8,Cosine (int8),1104,0,28.501582914032042
scifact,cosine_int8,Cosine (int8),1104,1,28.624208993278444
scifact,cosine_int8,Cosine (int8),1104,2,28.611874906346202
scifact,cosine_int8,Cosine (int8),1104,3,27.98062504734844
scifact,cosine_int8,Cosine (int8),1104,4,28.598708915524185
scifact,cosine_int8,Cosine (int8),1104,5,28.639875003136694
scifact,cosine_int8,Cosine (int8),1104,6,27.937832986935973
scifact,cosine_int8,Cosine (int8),1104,7,28.766792034730315
scifact,cosine_int8,Cosine (int8),1104,8,28.167624957859516
scifact,cosine_int8,Cosine (int8),1104,9,28.431499958969653
scifact,cosine_int8,Cosine (int8),799,0,30.261875013820827
scifact,cosine_int8,Cosine (int8),799,1,30.940541997551918
scifact,cosine_int8,Cosine (int8),799,2,30.257166014052927
scifact,cosine_int8,Cosine (int8),799,3,30.961249954998493
scifact,cosine_int8,Cosine (int8),799,4,30.836792080663145
scifact,cosine_int8,Cosine (int8),799,5,30.603209044784307
scifact,cosine_int8,Cosine (int8),799,6,30.999750015325844
scifact,cosine_int8,Cosine (int8),799,7,30.92770802322775
scifact,cosine_int8,Cosine (int8),799,8,30.316750053316355
scifact,cosine_int8,Cosine (int8),799,9,30.78391693998128
scifact,cosine_int8,Cosine (int8),988,0,33.23308296967298
scifact,cosine_int8,Cosine (int8),988,1,32.78812498319894
scifact,cosine_int8,Cosine (int8),988,2,32.37000002991408
scifact,cosine_int8,Cosine (int8),988,3,30.93283297494054
scifact,cosine_int8,Cosine (int8),988,4,31.267834012396634
scifact,cosine_int8,Cosine (int8),988,5,31.238500028848648
scifact,cosine_int8,Cosine (int8),988,6,30.569000053219497
scifact,cosine_int8,Cosine (int8),988,7,31.274792039766908
scifact,cosine_int8,Cosine (int8),988,8,31.17149998433888
scifact,cosine_int8,Cosine (int8),988,9,30.71804193314165
scifact,cosine_int8,Cosine (int8),1294,0,31.269291997887194
scifact,cosine_int8,Cosine (int8),1294,1,31.923791975714266
scifact,cosine_int8,Cosine (int8),1294,2,31.28691704478115
scifact,cosine_int8,Cosine (int8),1294,3,31.937291962094605
scifact,cosine_int8,Cosine (int8),1294,4,31.281250063329935
scifact,cosine_int8,Cosine (int8),1294,5,31.74725000280887
scifact,cosine_int8,Cosine (int8),1294,6,31.539374962449074
scifact,cosine_int8,Cosine (int8),1294,7,33.552875043824315
scifact,cosine_int8,Cosine (int8),1294,8,31.618708977475762
scifact,cosine_int8,Cosine (int8),1294,9,32.03479200601578
scifact,cosine_int8,Cosine (int8),618,0,45.71283399127424
scifact,cosine_int8,Cosine (int8),618,1,36.026749992743134
scifact,cosine_int8,Cosine (int8),618,2,42.116374941542745
scifact,cosine_int8,Cosine (int8),618,3,36.24383301939815
scifact,cosine_int8,Cosine (int8),618,4,38.602708955295384
scifact,cosine_int8,Cosine (int8),618,5,35.20312497857958
scifact,cosine_int8,Cosine (int8),618,6,33.30624999944121
scifact,cosine_int8,Cosine (int8),618,7,33.20708405226469
scifact,cosine_int8,Cosine (int8),618,8,35.29587492812425
scifact,cosine_int8,Cosine (int8),618,9,38.24554197490215
scifact,cosine_int8,Cosine (int8),119,0,30.903790961019695
scifact,cosine_int8,Cosine (int8),119,1,29.765999992378056
scifact,cosine_int8,Cosine (int8),119,2,29.969834024086595
scifact,cosine_int8,Cosine (int8),119,3,29.69300001859665
scifact,cosine_int8,Cosine (int8),119,4,29.810791951604187
scifact,cosine_int8,Cosine (int8),119,5,29.764374950900674
scifact,cosine_int8,Cosine (int8),119,6,29.678416904062033
scifact,cosine_int8,Cosine (int8),119,7,29.657915933057666
scifact,cosine_int8,Cosine (int8),119,8,29.652416007593274
scifact,cosine_int8,Cosine (int8),119,9,29.59958289284259
scifact,cosine_int8_float,Cosine (int8) + Cosine (float),1228,0,65.15858299098909
scifact,cosine_int8_float,Cosine (int8) + Cosine (float),1228,1,63.932874938473105
scifact,cosine_int8_float,Cosine (int8) + Cosine (float),1228,2,59.025792055763304
scifact,cosine_int8_float,Cosine (int8) + Cosine (float),1228,3,57.72916693240404
scifact,cosine_int8_float,Cosine (int8) + Cosine (float),1228,4,58.63012501504272
scifact,cosine_int8_float,Cosine (int8) + Cosine (float),1228,5,58.020333060994744
scifact,cosine_int8_float,Cosine (int8) + Cosine (float),1228,6,59.7774590132758
scifact,cosine_int8_float,Cosine (int8) + Cosine (float),1228,7,58.24383394792676
scifact,cosine_int8_float,Cosine (int8) + Cosine (float),1228,8,58.08045796584338
scifact,cosine_int8_float,Cosine (int8) + Cosine (float),1228,9,58.8366249576211
scifact,cosine_int8_float,Cosine (int8) + Cosine (float),574,0,56.67570803780109
scifact,cosine_int8_float,Cosine (int8) + Cosine (float),574,1,57.1994170313701
scifact,cosine_int8_float,Cosine (int8) + Cosine (float),574,2,56.684916955418885
scifact,cosine_int8_float,Cosine (int8) + Cosine (float),574,3,56.705208029598
scifact,cosine_int8_float,Cosine (int8) + Cosine (float),574,4,57.273708982393146
scifact,cosine_int8_float,Cosine (int8) + Cosine (float),574,5,56.75745802000165
scifact,cosine_int8_float,Cosine (int8) + Cosine (float),574,6,57.09799996111542
scifact,cosine_int8_float,Cosine (int8) + Cosine (float),574,7,57.26445803884417
scifact,cosine_int8_float,Cosine (int8) + Cosine (float),574,8,56.97333300486207
scifact,cosine_int8_float,Cosine (int8) + Cosine (float),574,9,56.60841695498675
scifact,cosine_int8_float,Cosine (int8) + Cosine (float),540,0,58.96470893640071
scifact,cosine_int8_float,Cosine (int8) + Cosine (float),540,1,58.79741709213704
scifact,cosine_int8_float,Cosine (int8) + Cosine (float),540,2,58.515083976089954
scifact,cosine_int8_float,Cosine (int8) + Cosine (float),540,3,58.67604096420109
scifact,cosine_int8_float,Cosine (int8) + Cosine (float),540,4,58.61666600685567
scifact,cosine_int8_float,Cosine (int8) + Cosine (float),540,5,66.98366603814065
scifact,cosine_int8_float,Cosine (int8) + Cosine (float),540,6,66.86495896428823
scifact,cosine_int8_float,Cosine (int8) + Cosine (float),540,7,64.07120800577104
scifact,cosine_int8_float,Cosine (int8) + Cosine (float),540,8,65.20125002134591
scifact,cosine_int8_float,Cosine (int8) + Cosine (float),540,9,61.62595807109028
scifact,cosine_int8_float,Cosine (int8) + Cosine (float),354,0,63.407332985661924
scifact,cosine_int8_float,Cosine (int8) + Cosine (float),354,1,67.3364590620622
scifact,cosine_int8_float,Cosine (int8) + Cosine (float),354,2,66.1393339978531
scifact,cosine_int8_float,Cosine (int8) + Cosine (float),354,3,66.38525007292628
scifact,cosine_int8_float,Cosine (int8) + Cosine (float),354,4,68.13391589093953
scifact,cosine_int8_float,Cosine (int8) + Cosine (float),354,5,68.67499998770654
scifact,cosine_int8_float,Cosine (int8) + Cosine (float),354,6,61.13670801278204
scifact,cosine_int8_float,Cosine (int8) + Cosine (float),354,7,60.883832979016006
scifact,cosine_int8_float,Cosine (int8) + Cosine (float),354,8,61.06762494891882
scifact,cosine_int8_float,Cosine (int8) + Cosine (float),354,9,60.90733292512596
scifact,cosine_int8_float,Cosine (int8) + Cosine (float),1104,0,54.922709008678794
scifact,cosine_int8_float,Cosine (int8) + Cosine (float),1104,1,55.901958025060594
scifact,cosine_int8_float,Cosine (int8) + Cosine (float),1104,2,54.98970905318856
scifact,cosine_int8_float,Cosine (int8) + Cosine (float),1104,3,54.80824992991984
scifact,cosine_int8_float,Cosine (int8) + Cosine (float),1104,4,54.86100004054606
scifact,cosine_int8_float,Cosine (int8) + Cosine (float),1104,5,54.69804198946804
scifact,cosine_int8_float,Cosine (int8) + Cosine (float),1104,6,54.749084054492414
scifact,cosine_int8_float,Cosine (int8) + Cosine (float),1104,7,55.12645898852497
scifact,cosine_int8_float,Cosine (int8) + Cosine (float),1104,8,54.946458083577454
scifact,cosine_int8_float,Cosine (int8) + Cosine (float),1104,9,54.90487499628216
scifact,cosine_int8_float,Cosine (int8) + Cosine (float),799,0,56.96783296298236
scifact,cosine_int8_float,Cosine (int8) + Cosine (float),799,1,57.04604205675423
scifact,cosine_int8_float,Cosine (int8) + Cosine (float),799,2,56.78341700695455
scifact,cosine_int8_float,Cosine (int8) + Cosine (float),799,3,56.82479206006974
scifact,cosine_int8_float,Cosine (int8) + Cosine (float),799,4,57.50574998091906
scifact,cosine_int8_float,Cosine (int8) + Cosine (float),799,5,57.781374896876514
scifact,cosine_int8_float,Cosine (int8) + Cosine (float),799,6,57.8798750648275
scifact,cosine_int8_float,Cosine (int8) + Cosine (float),799,7,61.61970808170736
scifact,cosine_int8_float,Cosine (int8) + Cosine (float),799,8,59.81645896099508
scifact,cosine_int8_float,Cosine (int8) + Cosine (float),799,9,59.285165974870324
scifact,cosine_int8_float,Cosine (int8) + Cosine (float),988,0,57.283791014924645
scifact,cosine_int8_float,Cosine (int8) + Cosine (float),988,1,57.24579200614244
scifact,cosine_int8_float,Cosine (int8) + Cosine (float),988,2,57.57266690488905
scifact,cosine_int8_float,Cosine (int8) + Cosine (float),988,3,57.457457995042205
scifact,cosine_int8_float,Cosine (int8) + Cosine (float),988,4,57.12891696020961
scifact,cosine_int8_float,Cosine (int8) + Cosine (float),988,5,57.26562498603016
scifact,cosine_int8_float,Cosine (int8) + Cosine (float),988,6,58.348292019218206
scifact,cosine_int8_float,Cosine (int8) + Cosine (float),988,7,57.42329196073115
scifact,cosine_int8_float,Cosine (int8) + Cosine (float),988,8,57.28762492071837
scifact,cosine_int8_float,Cosine (int8) + Cosine (float),988,9,57.247874909080565
scifact,cosine_int8_float,Cosine (int8) + Cosine (float),1294,0,57.95979197137058
scifact,cosine_int8_float,Cosine (int8) + Cosine (float),1294,1,57.829458033666015
scifact,cosine_int8_float,Cosine (int8) + Cosine (float),1294,2,57.79770796652883
scifact,cosine_int8_float,Cosine (int8) + Cosine (float),1294,3,59.425333980470896
scifact,cosine_int8_float,Cosine (int8) + Cosine (float),1294,4,58.07662499137223
scifact,cosine_int8_float,Cosine (int8) + Cosine (float),1294,5,57.815125095658004
scifact,cosine_int8_float,Cosine (int8) + Cosine (float),1294,6,57.80958407558501
scifact,cosine_int8_float,Cosine (int8) + Cosine (float),1294,7,57.874292018823326
scifact,cosine_int8_float,Cosine (int8) + Cosine (float),1294,8,57.77262500487268
scifact,cosine_int8_float,Cosine (int8) + Cosine (float),1294,9,57.89925006683916
scifact,cosine_int8_float,Cosine (int8) + Cosine (float),618,0,56.42037501093
scifact,cosine_int8_float,Cosine (int8) + Cosine (float),618,1,56.696124956943095
scifact,cosine_int8_float,Cosine (int8) + Cosine (float),618,2,56.57508294098079
scifact,cosine_int8_float,Cosine (int8) + Cosine (float),618,3,56.58462503924966
scifact,cosine_int8_float,Cosine (int8) + Cosine (float),618,4,56.370874983258545
scifact,cosine_int8_float,Cosine (int8) + Cosine (float),618,5,56.43979099113494
scifact,cosine_int8_float,Cosine (int8) + Cosine (float),618,6,56.5486669074744
scifact,cosine_int8_float,Cosine (int8) + Cosine (float),618,7,56.82724993675947
scifact,cosine_int8_float,Cosine (int8) + Cosine (float),618,8,56.455083074979484
scifact,cosine_int8_float,Cosine (int8) + Cosine (float),618,9,58.22108394932002
scifact,cosine_int8_float,Cosine (int8) + Cosine (float),119,0,55.357292061671615
scifact,cosine_int8_float,Cosine (int8) + Cosine (float),119,1,55.17341697122902
scifact,cosine_int8_float,Cosine (int8) + Cosine (float),119,2,54.9941670615226
scifact,cosine_int8_float,Cosine (int8) + Cosine (float),119,3,55.05620804615319
scifact,cosine_int8_float,Cosine (int8) + Cosine (float),119,4,126.69304199516773
scifact,cosine_int8_float,Cosine (int8) + Cosine (float),119,5,59.42562501877546
scifact,cosine_int8_float,Cosine (int8) + Cosine (float),119,6,56.9725000532344
scifact,cosine_int8_float,Cosine (int8) + Cosine (float),119,7,55.11633295100182
scifact,cosine_int8_float,Cosine (int8) + Cosine (float),119,8,54.86170796211809
scifact,cosine_int8_float,Cosine (int8) + Cosine (float),119,9,54.813917027786374
scifact,cosine_float,Cosine (float),1228,0,51.35237507056445
scifact,cosine_float,Cosine (float),1228,1,54.11199992522597
scifact,cosine_float,Cosine (float),1228,2,53.44583303667605
scifact,cosine_float,Cosine (float),1228,3,54.163417080417275
scifact,cosine_float,Cosine (float),1228,4,52.738290978595614
scifact,cosine_float,Cosine (float),1228,5,51.987500046379864
scifact,cosine_float,Cosine (float),1228,6,51.02591693866998
scifact,cosine_float,Cosine (float),1228,7,50.90670892968774
scifact,cosine_float,Cosine (float),1228,8,50.94645905774087
scifact,cosine_float,Cosine (float),1228,9,51.20375007390976
scifact,cosine_float,Cosine (float),574,0,49.62687497027218
scifact,cosine_float,Cosine (float),574,1,49.86416595056653
scifact,cosine_float,Cosine (float),574,2,50.52258295472711
scifact,cosine_float,Cosine (float),574,3,51.51504196692258
scifact,cosine_float,Cosine (float),574,4,50.64437503460795
scifact,cosine_float,Cosine (float),574,5,50.755125004798174
scifact,cosine_float,Cosine (float),574,6,48.89004200231284
scifact,cosine_float,Cosine (float),574,7,49.830749980174005
scifact,cosine_float,Cosine (float),574,8,50.97808293066919
scifact,cosine_float,Cosine (float),574,9,49.573583994060755
scifact,cosine_float,Cosine (float),540,0,52.20029200427234
scifact,cosine_float,Cosine (float),540,1,51.76133289933205
scifact,cosine_float,Cosine (float),540,2,52.07787500694394
scifact,cosine_float,Cosine (float),540,3,55.291709024459124
scifact,cosine_float,Cosine (float),540,4,51.970416912809014
scifact,cosine_float,Cosine (float),540,5,51.79016699548811
scifact,cosine_float,Cosine (float),540,6,51.85945890843868
scifact,cosine_float,Cosine (float),540,7,51.77420796826482
scifact,cosine_float,Cosine (float),540,8,52.050957921892405
scifact,cosine_float,Cosine (float),540,9,52.7568330289796
scifact,cosine_float,Cosine (float),354,0,51.72645905986428
scifact,cosine_float,Cosine (float),354,1,51.582083106040955
scifact,cosine_float,Cosine (float),354,2,51.64624995086342
scifact,cosine_float,Cosine (float),354,3,51.59241706132889
scifact,cosine_float,Cosine (float),354,4,53.36000001989305
scifact,cosine_float,Cosine (float),354,5,52.41816688794643
scifact,cosine_float,Cosine (float),354,6,51.94412497803569
scifact,cosine_float,Cosine (float),354,7,53.57016692869365
scifact,cosine_float,Cosine (float),354,8,51.625375053845346
scifact,cosine_float,Cosine (float),354,9,52.3753329180181
scifact,cosine_float,Cosine (float),1104,0,48.068834003061056
scifact,cosine_float,Cosine (float),1104,1,47.42162500042468
scifact,cosine_float,Cosine (float),1104,2,47.189375036396086
scifact,cosine_float,Cosine (float),1104,3,50.11216702405363
scifact,cosine_float,Cosine (float),1104,4,47.72370797581971
scifact,cosine_float,Cosine (float),1104,5,47.60483291465789
scifact,cosine_float,Cosine (float),1104,6,49.40708295907825
scifact,cosine_float,Cosine (float),1104,7,47.90204099845141
scifact,cosine_float,Cosine (float),1104,8,47.504208981990814
scifact,cosine_float,Cosine (float),1104,9,47.74362500756979
scifact,cosine_float,Cosine (float),799,0,49.50591700617224
scifact,cosine_float,Cosine (float),799,1,51.64087493903935
scifact,cosine_float,Cosine (float),799,2,49.909833003766835
scifact,cosine_float,Cosine (float),799,3,51.478832960128784
scifact,cosine_float,Cosine (float),799,4,53.08324994985014
scifact,cosine_float,Cosine (float),799,5,52.35616595018655
scifact,cosine_float,Cosine (float),799,6,50.50733301322907
scifact,cosine_float,Cosine (float),799,7,51.76791700068861
scifact,cosine_float,Cosine (float),799,8,50.34479207824916
scifact,cosine_float,Cosine (float),799,9,50.28712505009025
scifact,cosine_float,Cosine (float),988,0,53.79462498240173
scifact,cosine_float,Cosine (float),988,1,52.55054193548858
scifact,cosine_float,Cosine (float),988,2,50.718832993879914
scifact,cosine_float,Cosine (float),988,3,51.00079195108265
scifact,cosine_float,Cosine (float),988,4,51.50425003375858
scifact,cosine_float,Cosine (float),988,5,51.69450002722442
scifact,cosine_float,Cosine (float),988,6,51.24699999578297
scifact,cosine_float,Cosine (float),988,7,55.76670810114592
scifact,cosine_float,Cosine (float),988,8,50.73929100763053
scifact,cosine_float,Cosine (float),988,9,50.570458988659084
scifact,cosine_float,Cosine (float),1294,0,52.60612501297146
scifact,cosine_float,Cosine (float),1294,1,51.859459024854004
scifact,cosine_float,Cosine (float),1294,2,52.15474998112768
scifact,cosine_float,Cosine (float),1294,3,52.304500015452504
scifact,cosine_float,Cosine (float),1294,4,52.295041969046
scifact,cosine_float,Cosine (float),1294,5,51.869124989025295
scifact,cosine_float,Cosine (float),1294,6,52.804999984800816
scifact,cosine_float,Cosine (float),1294,7,51.42662499565631
scifact,cosine_float,Cosine (float),1294,8,51.151333027519286
scifact,cosine_float,Cosine (float),1294,9,51.09766707755625
scifact,cosine_float,Cosine (float),618,0,51.042124978266656
scifact,cosine_float,Cosine (float),618,1,58.44745796639472
scifact,cosine_float,Cosine (float),618,2,53.291624994017184
scifact,cosine_float,Cosine (float),618,3,52.15237499214709
scifact,cosine_float,Cosine (float),618,4,53.551791002973914
scifact,cosine_float,Cosine (float),618,5,52.01587500050664
scifact,cosine_float,Cosine (float),618,6,50.865374971181154
scifact,cosine_float,Cosine (float),618,7,49.78362494148314
scifact,cosine_float,Cosine (float),618,8,49.66100002638996
scifact,cosine_float,Cosine (float),618,9,49.955249996855855
scifact,cosine_float,Cosine (float),119,0,51.08362506143749
scifact,cosine_float,Cosine (float),119,1,51.05437501333654
scifact,cosine_float,Cosine (float),119,2,48.94208302721381
scifact,cosine_float,Cosine (float),119,3,48.252124921418726
scifact,cosine_float,Cosine (float),119,4,48.43320802319795
scifact,cosine_float,Cosine (float),119,5,52.16337495949119
scifact,cosine_float,Cosine (float),119,6,53.214333951473236
scifact,cosine_float,Cosine (float),119,7,52.46383394114673
scifact,cosine_float,Cosine (float),119,8,51.63104098755866
scifact,cosine_float,Cosine (float),119,9,52.681999979540706
scifact,rrf_hamming,RRF (BM25 + Hamming),1228,0,14.075124985538423
scifact,rrf_hamming,RRF (BM25 + Hamming),1228,1,13.704707962460816
scifact,rrf_hamming,RRF (BM25 + Hamming),1228,2,13.715000008232892
scifact,rrf_hamming,RRF (BM25 + Hamming),1228,3,12.871915940195322
scifact,rrf_hamming,RRF (BM25 + Hamming),1228,4,13.034582952968776
scifact,rrf_hamming,RRF (BM25 + Hamming),1228,5,13.447584002278745
scifact,rrf_hamming,RRF (BM25 + Hamming),1228,6,13.87495908420533
scifact,rrf_hamming,RRF (BM25 + Hamming),1228,7,13.726125005632639
scifact,rrf_hamming,RRF (BM25 + Hamming),1228,8,13.106750091537833
scifact,rrf_hamming,RRF (BM25 + Hamming),1228,9,12.667292030528188
scifact,rrf_hamming,RRF (BM25 + Hamming),574,0,9.337291005067527
scifact,rrf_hamming,RRF (BM25 + Hamming),574,1,9.093208936974406
scifact,rrf_hamming,RRF (BM25 + Hamming),574,2,9.25320794340223
scifact,rrf_hamming,RRF (BM25 + Hamming),574,3,9.532000054605305
scifact,rrf_hamming,RRF (BM25 + Hamming),574,4,8.977125049568713
scifact,rrf_hamming,RRF (BM25 + Hamming),574,5,9.338291944004595
scifact,rrf_hamming,RRF (BM25 + Hamming),574,6,9.10987495444715
scifact,rrf_hamming,RRF (BM25 + Hamming),574,7,9.031792054884136
scifact,rrf_hamming,RRF (BM25 + Hamming),574,8,9.394625085406005
scifact,rrf_hamming,RRF (BM25 + Hamming),574,9,9.05820808839053
scifact,rrf_hamming,RRF (BM25 + Hamming),540,0,10.441291960887611
scifact,rrf_hamming,RRF (BM25 + Hamming),540,1,10.666166082955897
scifact,rrf_hamming,RRF (BM25 + Hamming),540,2,10.173457907512784
scifact,rrf_hamming,RRF (BM25 + Hamming),540,3,10.53537498228252
scifact,rrf_hamming,RRF (BM25 + Hamming),540,4,10.200583026744425
scifact,rrf_hamming,RRF (BM25 + Hamming),540,5,10.06745791528374
scifact,rrf_hamming,RRF (BM25 + Hamming),540,6,10.430625057779253
scifact,rrf_hamming,RRF (BM25 + Hamming),540,7,10.76120906509459
scifact,rrf_hamming,RRF (BM25 + Hamming),540,8,10.874708066694438
scifact,rrf_hamming,RRF (BM25 + Hamming),540,9,10.056374943815172
scifact,rrf_hamming,RRF (BM25 + Hamming),354,0,13.686708058230579
scifact,rrf_hamming,RRF (BM25 + Hamming),354,1,13.18050001282245
scifact,rrf_hamming,RRF (BM25 + Hamming),354,2,13.158000074326992
scifact,rrf_hamming,RRF (BM25 + Hamming),354,3,13.623750070109963
scifact,rrf_hamming,RRF (BM25 + Hamming),354,4,13.208916992880404
scifact,rrf_hamming,RRF (BM25 + Hamming),354,5,13.755499967373908
scifact,rrf_hamming,RRF (BM25 + Hamming),354,6,13.169999932870269
scifact,rrf_hamming,RRF (BM25 + Hamming),354,7,13.770749908871949
scifact,rrf_hamming,RRF (BM25 + Hamming),354,8,15.25770896114409
scifact,rrf_hamming,RRF (BM25 + Hamming),354,9,14.587000012397766
scifact,rrf_hamming,RRF (BM25 + Hamming),1104,0,23.26462499331683
scifact,rrf_hamming,RRF (BM25 + Hamming),1104,1,23.838542052544653
scifact,rrf_hamming,RRF (BM25 + Hamming),1104,2,22.85199996549636
scifact,rrf_hamming,RRF (BM25 + Hamming),1104,3,23.202541982755065
scifact,rrf_hamming,RRF (BM25 + Hamming),1104,4,22.58404192980379
scifact,rrf_hamming,RRF (BM25 + Hamming),1104,5,23.071667063049972
scifact,rrf_hamming,RRF (BM25 + Hamming),1104,6,23.145541083067656
scifact,rrf_hamming,RRF (BM25 + Hamming),1104,7,24.611459113657475
scifact,rrf_hamming,RRF (BM25 + Hamming),1104,8,23.429416003637016
scifact,rrf_hamming,RRF (BM25 + Hamming),1104,9,22.956166067160666
scifact,rrf_hamming,RRF (BM25 + Hamming),799,0,14.74650006275624
scifact,rrf_hamming,RRF (BM25 + Hamming),799,1,15.578332939185202
scifact,rrf_hamming,RRF (BM25 + Hamming),799,2,14.795167022384703
scifact,rrf_hamming,RRF (BM25 + Hamming),799,3,15.250750002451241
scifact,rrf_hamming,RRF (BM25 + Hamming),799,4,15.24699991568923
scifact,rrf_hamming,RRF (BM25 + Hamming),799,5,14.86270793247968
scifact,rrf_hamming,RRF (BM25 + Hamming),799,6,14.385333051905036
scifact,rrf_hamming,RRF (BM25 + Hamming),799,7,14.900250011123717
scifact,rrf_hamming,RRF (BM25 + Hamming),799,8,14.187375083565712
scifact,rrf_hamming,RRF (BM25 + Hamming),799,9,14.577417052350938
scifact,rrf_hamming,RRF (BM25 + Hamming),988,0,10.244374978356063
scifact,rrf_hamming,RRF (BM25 + Hamming),988,1,10.595249943435192
scifact,rrf_hamming,RRF (BM25 + Hamming),988,2,10.281749884597957
scifact,rrf_hamming,RRF (BM25 + Hamming),988,3,10.503083933144808
scifact,rrf_hamming,RRF (BM25 + Hamming),988,4,10.21774997934699
scifact,rrf_hamming,RRF (BM25 + Hamming),988,5,9.82004206161946
scifact,rrf_hamming,RRF (BM25 + Hamming),988,6,10.29541704338044
scifact,rrf_hamming,RRF (BM25 + Hamming),988,7,10.242374963127077
scifact,rrf_hamming,RRF (BM25 + Hamming),988,8,9.739124914631248
scifact,rrf_hamming,RRF (BM25 + Hamming),988,9,9.684582939371467
scifact,rrf_hamming,RRF (BM25 + Hamming),1294,0,12.991458061151206
scifact,rrf_hamming,RRF (BM25 + Hamming),1294,1,12.863290961831808
scifact,rrf_hamming,RRF (BM25 + Hamming),1294,2,13.03245802409947
scifact,rrf_hamming,RRF (BM25 + Hamming),1294,3,12.316792039200664
scifact,rrf_hamming,RRF (BM25 + Hamming),1294,4,12.895124964416027
scifact,rrf_hamming,RRF (BM25 + Hamming),1294,5,12.177125085145235
scifact,rrf_hamming,RRF (BM25 + Hamming),1294,6,12.228625011630356
scifact,rrf_hamming,RRF (BM25 + Hamming),1294,7,12.87737488746643
scifact,rrf_hamming,RRF (BM25 + Hamming),1294,8,12.331458972766995
scifact,rrf_hamming,RRF (BM25 + Hamming),1294,9,12.799707939848304
scifact,rrf_hamming,RRF (BM25 + Hamming),618,0,14.863541000522673
scifact,rrf_hamming,RRF (BM25 + Hamming),618,1,14.819458010606468
scifact,rrf_hamming,RRF (BM25 + Hamming),618,2,15.386625076644123
scifact,rrf_hamming,RRF (BM25 + Hamming),618,3,15.01362503040582
scifact,rrf_hamming,RRF (BM25 + Hamming),618,4,14.92849993519485
scifact,rrf_hamming,RRF (BM25 + Hamming),618,5,15.342290978878736
scifact,rrf_hamming,RRF (BM25 + Hamming),618,6,14.633041922934353
scifact,rrf_hamming,RRF (BM25 + Hamming),618,7,14.581167022697628
scifact,rrf_hamming,RRF (BM25 + Hamming),618,8,14.550624997355044
scifact,rrf_hamming,RRF (BM25 + Hamming),618,9,15.327250002883375
scifact,rrf_hamming,RRF (BM25 + Hamming),119,0,7.996125030331314
scifact,rrf_hamming,RRF (BM25 + Hamming),119,1,7.915250025689602
scifact,rrf_hamming,RRF (BM25 + Hamming),119,2,8.120334008708596
scifact,rrf_hamming,RRF (BM25 + Hamming),119,3,8.35154193919152
scifact,rrf_hamming,RRF (BM25 + Hamming),119,4,7.92141689453274
scifact,rrf_hamming,RRF (BM25 + Hamming),119,5,7.837333949282765
scifact,rrf_hamming,RRF (BM25 + Hamming),119,6,7.879583048634231
scifact,rrf_hamming,RRF (BM25 + Hamming),119,7,8.29529098700732
scifact,rrf_hamming,RRF (BM25 + Hamming),119,8,8.081291918642819
scifact,rrf_hamming,RRF (BM25 + Hamming),119,9,7.826916989870369
scifact,rrf_cosine_int8,RRF (BM25 + Cosine (int8)),1228,0,41.24783305451274
scifact,rrf_cosine_int8,RRF (BM25 + Cosine (int8)),1228,1,40.95650010276586
scifact,rrf_cosine_int8,RRF (BM25 + Cosine (int8)),1228,2,41.38658405281603
scifact,rrf_cosine_int8,RRF (BM25 + Cosine (int8)),1228,3,40.84412509109825
scifact,rrf_cosine_int8,RRF (BM25 + Cosine (int8)),1228,4,41.47383396048099
scifact,rrf_cosine_int8,RRF (BM25 + Cosine (int8)),1228,5,41.24137503094971
scifact,rrf_cosine_int8,RRF (BM25 + Cosine (int8)),1228,6,42.75791591499001
scifact,rrf_cosine_int8,RRF (BM25 + Cosine (int8)),1228,7,46.213833964429796
scifact,rrf_cosine_int8,RRF (BM25 + Cosine (int8)),1228,8,43.67720801383257
scifact,rrf_cosine_int8,RRF (BM25 + Cosine (int8)),1228,9,42.85970900673419
scifact,rrf_cosine_int8,RRF (BM25 + Cosine (int8)),574,0,39.164333953522146
scifact,rrf_cosine_int8,RRF (BM25 + Cosine (int8)),574,1,38.75329194124788
scifact,rrf_cosine_int8,RRF (BM25 + Cosine (int8)),574,2,38.850166951306164
scifact,rrf_cosine_int8,RRF (BM25 + Cosine (int8)),574,3,39.14670902304351
scifact,rrf_cosine_int8,RRF (BM25 + Cosine (int8)),574,4,37.90624998509884
scifact,rrf_cosine_int8,RRF (BM25 + Cosine (int8)),574,5,37.329541984945536
scifact,rrf_cosine_int8,RRF (BM25 + Cosine (int8)),574,6,37.75924991350621
scifact,rrf_cosine_int8,RRF (BM25 + Cosine (int8)),574,7,37.38854196853936
scifact,rrf_cosine_int8,RRF (BM25 + Cosine (int8)),574,8,37.36908291466534
scifact,rrf_cosine_int8,RRF (BM25 + Cosine (int8)),574,9,37.332375068217516
scifact,rrf_cosine_int8,RRF (BM25 + Cosine (int8)),540,0,38.879666943103075
scifact,rrf_cosine_int8,RRF (BM25 + Cosine (int8)),540,1,38.333707954734564
scifact,rrf_cosine_int8,RRF (BM25 + Cosine (int8)),540,2,38.259249995462596
scifact,rrf_cosine_int8,RRF (BM25 + Cosine (int8)),540,3,39.35808397363871
scifact,rrf_cosine_int8,RRF (BM25 + Cosine (int8)),540,4,39.747208007611334
scifact,rrf_cosine_int8,RRF (BM25 + Cosine (int8)),540,5,38.66895800456405
scifact,rrf_cosine_int8,RRF (BM25 + Cosine (int8)),540,6,38.26608299277723
scifact,rrf_cosine_int8,RRF (BM25 + Cosine (int8)),540,7,39.000999997369945
scifact,rrf_cosine_int8,RRF (BM25 + Cosine (int8)),540,8,40.16654100269079
scifact,rrf_cosine_int8,RRF (BM25 + Cosine (int8)),540,9,38.343084044754505
scifact,rrf_cosine_int8,RRF (BM25 + Cosine (int8)),354,0,41.69774998445064
scifact,rrf_cosine_int8,RRF (BM25 + Cosine (int8)),354,1,41.55650001484901
scifact,rrf_cosine_int8,RRF (BM25 + Cosine (int8)),354,2,41.536750039085746
scifact,rrf_cosine_int8,RRF (BM25 + Cosine (int8)),354,3,41.52420803438872
scifact,rrf_cosine_int8,RRF (BM25 + Cosine (int8)),354,4,41.54104192275554
scifact,rrf_cosine_int8,RRF (BM25 + Cosine (int8)),354,5,42.53683297429234
scifact,rrf_cosine_int8,RRF (BM25 + Cosine (int8)),354,6,42.042542016133666
scifact,rrf_cosine_int8,RRF (BM25 + Cosine (int8)),354,7,43.48650004249066
scifact,rrf_cosine_int8,RRF (BM25 + Cosine (int8)),354,8,41.56658297870308
scifact,rrf_cosine_int8,RRF (BM25 + Cosine (int8)),354,9,41.49220802355558
scifact,rrf_cosine_int8,RRF (BM25 + Cosine (int8)),1104,0,54.02416689321399
scifact,rrf_cosine_int8,RRF (BM25 + Cosine (int8)),1104,1,52.395832957699895
scifact,rrf_cosine_int8,RRF (BM25 + Cosine (int8)),1104,2,50.20458297803998
scifact,rrf_cosine_int8,RRF (BM25 + Cosine (int8)),1104,3,50.67658401094377
scifact,rrf_cosine_int8,RRF (BM25 + Cosine (int8)),1104,4,51.08058301266283
scifact,rrf_cosine_int8,RRF (BM25 + Cosine (int8)),1104,5,50.59058393817395
scifact,rrf_cosine_int8,RRF (BM25 + Cosine (int8)),1104,6,50.11433293111622
scifact,rrf_cosine_int8,RRF (BM25 + Cosine (int8)),1104,7,50.72837497573346
scifact,rrf_cosine_int8,RRF (BM25 + Cosine (int8)),1104,8,50.483291037380695
scifact,rrf_cosine_int8,RRF (BM25 + Cosine (int8)),1104,9,49.983083037659526
scifact,rrf_cosine_int8,RRF (BM25 + Cosine (int8)),799,0,47.74145898409188
scifact,rrf_cosine_int8,RRF (BM25 + Cosine (int8)),799,1,45.208041090518236
scifact,rrf_cosine_int8,RRF (BM25 + Cosine (int8)),799,2,44.329042080789804
scifact,rrf_cosine_int8,RRF (BM25 + Cosine (int8)),799,3,44.17237499728799
scifact,rrf_cosine_int8,RRF (BM25 + Cosine (int8)),799,4,45.14125001151115
scifact,rrf_cosine_int8,RRF (BM25 + Cosine (int8)),799,5,44.24250009469688
scifact,rrf_cosine_int8,RRF (BM25 + Cosine (int8)),799,6,42.46600007172674
scifact,rrf_cosine_int8,RRF (BM25 + Cosine (int8)),799,7,42.534624924883246
scifact,rrf_cosine_int8,RRF (BM25 + Cosine (int8)),799,8,42.68700000829995
scifact,rrf_cosine_int8,RRF (BM25 + Cosine (int8)),799,9,42.43691696319729
scifact,rrf_cosine_int8,RRF (BM25 + Cosine (int8)),988,0,37.678541033528745
scifact,rrf_cosine_int8,RRF (BM25 + Cosine (int8)),988,1,37.46804199181497
scifact,rrf_cosine_int8,RRF (BM25 + Cosine (int8)),988,2,38.34483306854963
scifact,rrf_cosine_int8,RRF (BM25 + Cosine (int8)),988,3,37.88004198577255
scifact,rrf_cosine_int8,RRF (BM25 + Cosine (int8)),988,4,37.481124978512526
scifact,rrf_cosine_int8,RRF (BM25 + Cosine (int8)),988,5,37.407040945254266
scifact,rrf_cosine_int8,RRF (BM25 + Cosine (int8)),988,6,37.361082970164716
scifact,rrf_cosine_int8,RRF (BM25 + Cosine (int8)),988,7,37.285625003278255
scifact,rrf_cosine_int8,RRF (BM25 + Cosine (int8)),988,8,37.50020789448172
scifact,rrf_cosine_int8,RRF (BM25 + Cosine (int8)),988,9,37.61524998117238
scifact,rrf_cosine_int8,RRF (BM25 + Cosine (int8)),1294,0,40.46383302193135
scifact,rrf_cosine_int8,RRF (BM25 + Cosine (int8)),1294,1,40.537083987146616
scifact,rrf_cosine_int8,RRF (BM25 + Cosine (int8)),1294,2,40.801500086672604
scifact,rrf_cosine_int8,RRF (BM25 + Cosine (int8)),1294,3,40.656791999936104
scifact,rrf_cosine_int8,RRF (BM25 + Cosine (int8)),1294,4,40.00425001140684
scifact,rrf_cosine_int8,RRF (BM25 + Cosine (int8)),1294,5,41.10187501646578
scifact,rrf_cosine_int8,RRF (BM25 + Cosine (int8)),1294,6,40.48654204234481
scifact,rrf_cosine_int8,RRF (BM25 + Cosine (int8)),1294,7,40.34595796838403
scifact,rrf_cosine_int8,RRF (BM25 + Cosine (int8)),1294,8,40.36445904057473
scifact,rrf_cosine_int8,RRF (BM25 + Cosine (int8)),1294,9,40.2777079725638
scifact,rrf_cosine_int8,RRF (BM25 + Cosine (int8)),618,0,47.26362507790327
scifact,rrf_cosine_int8,RRF (BM25 + Cosine (int8)),618,1,44.88425003364682
scifact,rrf_cosine_int8,RRF (BM25 + Cosine (int8)),618,2,43.252874980680645
scifact,rrf_cosine_int8,RRF (BM25 + Cosine (int8)),618,3,43.58587495516986
scifact,rrf_cosine_int8,RRF (BM25 + Cosine (int8)),618,4,44.826958095654845
scifact,rrf_cosine_int8,RRF (BM25 + Cosine (int8)),618,5,42.962583946064115
scifact,rrf_cosine_int8,RRF (BM25 + Cosine (int8)),618,6,42.612291988916695
scifact,rrf_cosine_int8,RRF (BM25 + Cosine (int8)),618,7,43.77079103142023
scifact,rrf_cosine_int8,RRF (BM25 + Cosine (int8)),618,8,43.45187498256564
scifact,rrf_cosine_int8,RRF (BM25 + Cosine (int8)),618,9,42.82745800446719
scifact,rrf_cosine_int8,RRF (BM25 + Cosine (int8)),119,0,36.98929201345891
scifact,rrf_cosine_int8,RRF (BM25 + Cosine (int8)),119,1,36.10166592989117
scifact,rrf_cosine_int8,RRF (BM25 + Cosine (int8)),119,2,36.158000002615154
scifact,rrf_cosine_int8,RRF (BM25 + Cosine (int8)),119,3,35.419374937191606
scifact,rrf_cosine_int8,RRF (BM25 + Cosine (int8)),119,4,96.58329200465232
scifact,rrf_cosine_int8,RRF (BM25 + Cosine (int8)),119,5,42.16779209673405
scifact,rrf_cosine_int8,RRF (BM25 + Cosine (int8)),119,6,39.239417063072324
scifact,rrf_cosine_int8,RRF (BM25 + Cosine (int8)),119,7,37.90062491316348
scifact,rrf_cosine_int8,RRF (BM25 + Cosine (int8)),119,8,37.72841696627438
scifact,rrf_cosine_int8,RRF (BM25 + Cosine (int8)),119,9,39.23645801842213
scifact,rrf_cosine_float,RRF (BM25 + Cosine (float)),1228,0,64.9910420179367
scifact,rrf_cosine_float,RRF (BM25 + Cosine (float)),1228,1,61.76212499849498
scifact,rrf_cosine_float,RRF (BM25 + Cosine (float)),1228,2,60.33654196653515
scifact,rrf_cosine_float,RRF (BM25 + Cosine (float)),1228,3,60.16333296429366
scifact,rrf_cosine_float,RRF (BM25 + Cosine (float)),1228,4,60.17575005535036
scifact,rrf_cosine_float,RRF (BM25 + Cosine (float)),1228,5,61.89925002399832
scifact,rrf_cosine_float,RRF (BM25 + Cosine (float)),1228,6,60.63162500504404
scifact,rrf_cosine_float,RRF (BM25 + Cosine (float)),1228,7,61.78829190321267
scifact,rrf_cosine_float,RRF (BM25 + Cosine (float)),1228,8,61.589584103785455
scifact,rrf_cosine_float,RRF (BM25 + Cosine (float)),1228,9,62.47354194056243
scifact,rrf_cosine_float,RRF (BM25 + Cosine (float)),574,0,58.95541701465845
scifact,rrf_cosine_float,RRF (BM25 + Cosine (float)),574,1,57.64350004028529
scifact,rrf_cosine_float,RRF (BM25 + Cosine (float)),574,2,57.751832995563745
scifact,rrf_cosine_float,RRF (BM25 + Cosine (float)),574,3,57.915583020076156
scifact,rrf_cosine_float,RRF (BM25 + Cosine (float)),574,4,58.58091707341373
scifact,rrf_cosine_float,RRF (BM25 + Cosine (float)),574,5,58.413167018443346
scifact,rrf_cosine_float,RRF (BM25 + Cosine (float)),574,6,58.773749973624945
scifact,rrf_cosine_float,RRF (BM25 + Cosine (float)),574,7,59.97850000858307
scifact,rrf_cosine_float,RRF (BM25 + Cosine (float)),574,8,57.7363750198856
scifact,rrf_cosine_float,RRF (BM25 + Cosine (float)),574,9,58.51216695737094
scifact,rrf_cosine_float,RRF (BM25 + Cosine (float)),540,0,60.93987496569753
scifact,rrf_cosine_float,RRF (BM25 + Cosine (float)),540,1,58.20950004272163
scifact,rrf_cosine_float,RRF (BM25 + Cosine (float)),540,2,57.762167067267
scifact,rrf_cosine_float,RRF (BM25 + Cosine (float)),540,3,57.53995792474598
scifact,rrf_cosine_float,RRF (BM25 + Cosine (float)),540,4,57.17904190532863
scifact,rrf_cosine_float,RRF (BM25 + Cosine (float)),540,5,57.645666995085776
scifact,rrf_cosine_float,RRF (BM25 + Cosine (float)),540,6,57.69662500824779
scifact,rrf_cosine_float,RRF (BM25 + Cosine (float)),540,7,57.842500042170286
scifact,rrf_cosine_float,RRF (BM25 + Cosine (float)),540,8,64.2760000191629
scifact,rrf_cosine_float,RRF (BM25 + Cosine (float)),540,9,60.587040963582695
scifact,rrf_cosine_float,RRF (BM25 + Cosine (float)),354,0,62.171790981665254
scifact,rrf_cosine_float,RRF (BM25 + Cosine (float)),354,1,61.31866597570479
scifact,rrf_cosine_float,RRF (BM25 + Cosine (float)),354,2,61.098207952454686
scifact,rrf_cosine_float,RRF (BM25 + Cosine (float)),354,3,60.93016709201038
scifact,rrf_cosine_float,RRF (BM25 + Cosine (float)),354,4,60.833250056020916
scifact,rrf_cosine_float,RRF (BM25 + Cosine (float)),354,5,60.89495797641575
scifact,rrf_cosine_float,RRF (BM25 + Cosine (float)),354,6,60.8080840902403
scifact,rrf_cosine_float,RRF (BM25 + Cosine (float)),354,7,61.03108392562717
scifact,rrf_cosine_float,RRF (BM25 + Cosine (float)),354,8,61.17583403829485
scifact,rrf_cosine_float,RRF (BM25 + Cosine (float)),354,9,62.34870897606015
scifact,rrf_cosine_float,RRF (BM25 + Cosine (float)),1104,0,70.08416694588959
scifact,rrf_cosine_float,RRF (BM25 + Cosine (float)),1104,1,70.13729203026742
scifact,rrf_cosine_float,RRF (BM25 + Cosine (float)),1104,2,70.16008300706744
scifact,rrf_cosine_float,RRF (BM25 + Cosine (float)),1104,3,70.29512501321733
scifact,rrf_cosine_float,RRF (BM25 + Cosine (float)),1104,4,69.90704196505249
scifact,rrf_cosine_float,RRF (BM25 + Cosine (float)),1104,5,72.15070794336498
scifact,rrf_cosine_float,RRF (BM25 + Cosine (float)),1104,6,70.42912498582155
scifact,rrf_cosine_float,RRF (BM25 + Cosine (float)),1104,7,69.09629190340638
scifact,rrf_cosine_float,RRF (BM25 + Cosine (float)),1104,8,69.00333298835903
scifact,rrf_cosine_float,RRF (BM25 + Cosine (float)),1104,9,69.26408293657005
scifact,rrf_cosine_float,RRF (BM25 + Cosine (float)),799,0,60.71812508162111
scifact,rrf_cosine_float,RRF (BM25 + Cosine (float)),799,1,61.948791961185634
scifact,rrf_cosine_float,RRF (BM25 + Cosine (float)),799,2,61.48200004827231
scifact,rrf_cosine_float,RRF (BM25 + Cosine (float)),799,3,61.09320803079754
scifact,rrf_cosine_float,RRF (BM25 + Cosine (float)),799,4,61.02612498216331
scifact,rrf_cosine_float,RRF (BM25 + Cosine (float)),799,5,61.57199991866946
scifact,rrf_cosine_float,RRF (BM25 + Cosine (float)),799,6,63.4360839612782
scifact,rrf_cosine_float,RRF (BM25 + Cosine (float)),799,7,64.48233395349234
scifact,rrf_cosine_float,RRF (BM25 + Cosine (float)),799,8,61.96412502322346
scifact,rrf_cosine_float,RRF (BM25 + Cosine (float)),799,9,62.623374979011714
scifact,rrf_cosine_float,RRF (BM25 + Cosine (float)),988,0,56.37208302505314
scifact,rrf_cosine_float,RRF (BM25 + Cosine (float)),988,1,56.785083026625216
scifact,rrf_cosine_float,RRF (BM25 + Cosine (float)),988,2,56.81812495458871
scifact,rrf_cosine_float,RRF (BM25 + Cosine (float)),988,3,56.59179203212261
scifact,rrf_cosine_float,RRF (BM25 + Cosine (float)),988,4,56.60533392801881
scifact,rrf_cosine_float,RRF (BM25 + Cosine (float)),988,5,56.54775002039969
scifact,rrf_cosine_float,RRF (BM25 + Cosine (float)),988,6,56.52224994264543
scifact,rrf_cosine_float,RRF (BM25 + Cosine (float)),988,7,57.49795795418322
scifact,rrf_cosine_float,RRF (BM25 + Cosine (float)),988,8,56.772249983623624
scifact,rrf_cosine_float,RRF (BM25 + Cosine (float)),988,9,56.37579201720655
scifact,rrf_cosine_float,RRF (BM25 + Cosine (float)),1294,0,60.17745891585946
scifact,rrf_cosine_float,RRF (BM25 + Cosine (float)),1294,1,60.35541696473956
scifact,rrf_cosine_float,RRF (BM25 + Cosine (float)),1294,2,59.74079202860594
scifact,rrf_cosine_float,RRF (BM25 + Cosine (float)),1294,3,59.67200000304729
scifact,rrf_cosine_float,RRF (BM25 + Cosine (float)),1294,4,60.206750058569014
scifact,rrf_cosine_float,RRF (BM25 + Cosine (float)),1294,5,60.04825001582503
scifact,rrf_cosine_float,RRF (BM25 + Cosine (float)),1294,6,59.356250101700425
scifact,rrf_cosine_float,RRF (BM25 + Cosine (float)),1294,7,59.81804197654128
scifact,rrf_cosine_float,RRF (BM25 + Cosine (float)),1294,8,59.69333404209465
scifact,rrf_cosine_float,RRF (BM25 + Cosine (float)),1294,9,60.81799999810755
scifact,rrf_cosine_float,RRF (BM25 + Cosine (float)),618,0,63.279832946136594
scifact,rrf_cosine_float,RRF (BM25 + Cosine (float)),618,1,63.2941669318825
scifact,rrf_cosine_float,RRF (BM25 + Cosine (float)),618,2,63.366916961967945
scifact,rrf_cosine_float,RRF (BM25 + Cosine (float)),618,3,62.282458995468915
scifact,rrf_cosine_float,RRF (BM25 + Cosine (float)),618,4,62.42079194635153
scifact,rrf_cosine_float,RRF (BM25 + Cosine (float)),618,5,62.532333889976144
scifact,rrf_cosine_float,RRF (BM25 + Cosine (float)),618,6,63.08108300436288
scifact,rrf_cosine_float,RRF (BM25 + Cosine (float)),618,7,62.25270894356072
scifact,rrf_cosine_float,RRF (BM25 + Cosine (float)),618,8,66.25487504061311
scifact,rrf_cosine_float,RRF (BM25 + Cosine (float)),618,9,62.65916593838483
scifact,rrf_cosine_float,RRF (BM25 + Cosine (float)),119,0,55.568540934473276
scifact,rrf_cosine_float,RRF (BM25 + Cosine (float)),119,1,55.60900003183633
scifact,rrf_cosine_float,RRF (BM25 + Cosine (float)),119,2,55.97233306616545
scifact,rrf_cosine_float,RRF (BM25 + Cosine (float)),119,3,55.42641703505069
scifact,rrf_cosine_float,RRF (BM25 + Cosine (float)),119,4,55.48137496225536
scifact,rrf_cosine_float,RRF (BM25 + Cosine (float)),119,5,58.211166062392294
scifact,rrf_cosine_float,RRF (BM25 + Cosine (float)),119,6,57.164583005942404
scifact,rrf_cosine_float,RRF (BM25 + Cosine (float)),119,7,56.69100000523031
scifact,rrf_cosine_float,RRF (BM25 + Cosine (float)),119,8,55.774625041522086
scifact,rrf_cosine_float,RRF (BM25 + Cosine (float)),119,9,55.470499908551574
trec-covid,bm25,BM25,41,0,571.3685419177637
trec-covid,bm25,BM25,41,1,517.3970829928294
trec-covid,bm25,BM25,41,2,544.6327920071781
trec-covid,bm25,BM25,41,3,493.98229201324284
trec-covid,bm25,BM25,41,4,495.55616604629904
trec-covid,bm25,BM25,41,5,509.43404203280807
trec-covid,bm25,BM25,41,6,495.36758300382644
trec-covid,bm25,BM25,41,7,494.1215419676155
trec-covid,bm25,BM25,41,8,493.8491660868749
trec-covid,bm25,BM25,41,9,558.8513750117272
trec-covid,bm25,BM25,26,0,185.99962501320988
trec-covid,bm25,BM25,26,1,179.58137509413064
trec-covid,bm25,BM25,26,2,179.88833296112716
trec-covid,bm25,BM25,26,3,180.01158302649856
trec-covid,bm25,BM25,26,4,179.20141597278416
trec-covid,bm25,BM25,26,5,179.12170896306634
trec-covid,bm25,BM25,26,6,182.7412910060957
trec-covid,bm25,BM25,26,7,251.15945807192475
trec-covid,bm25,BM25,26,8,227.08458406850696
trec-covid,bm25,BM25,26,9,194.7011660085991
trec-covid,bm25,BM25,46,0,208.10287503991276
trec-covid,bm25,BM25,46,1,206.89599995967
trec-covid,bm25,BM25,46,2,209.0755000244826
trec-covid,bm25,BM25,46,3,208.77370797097683
trec-covid,bm25,BM25,46,4,210.20683401729912
trec-covid,bm25,BM25,46,5,214.69912503380328
trec-covid,bm25,BM25,46,6,275.7809170288965
trec-covid,bm25,BM25,46,7,229.50183390639722
trec-covid,bm25,BM25,46,8,229.1543330065906
trec-covid,bm25,BM25,46,9,217.2322920523584
trec-covid,bm25,BM25,45,0,156.84725006576627
trec-covid,bm25,BM25,45,1,154.72295798826963
trec-covid,bm25,BM25,45,2,164.4482499687001
trec-covid,bm25,BM25,45,3,157.6064999680966
trec-covid,bm25,BM25,45,4,155.6534169940278
trec-covid,bm25,BM25,45,5,174.59370801225305
trec-covid,bm25,BM25,45,6,166.25050001312047
trec-covid,bm25,BM25,45,7,159.30687496438622
trec-covid,bm25,BM25,45,8,155.61237500514835
trec-covid,bm25,BM25,45,9,155.60995799023658
trec-covid,bm25,BM25,30,0,145.30862495303154
trec-covid,bm25,BM25,30,1,143.31495808437467
trec-covid,bm25,BM25,30,2,145.2211249852553
trec-covid,bm25,BM25,30,3,156.01312497165054
trec-covid,bm25,BM25,30,4,148.56783393770456
trec-covid,bm25,BM25,30,5,141.92949992138892
trec-covid,bm25,BM25,30,6,142.08312495611608
trec-covid,bm25,BM25,30,7,144.15579207707196
trec-covid,bm25,BM25,30,8,150.72529099415988
trec-covid,bm25,BM25,30,9,142.30712491553277
trec-covid,bm25,BM25,42,0,138.11908301431686
trec-covid,bm25,BM25,42,1,137.892417027615
trec-covid,bm25,BM25,42,2,137.60800007730722
trec-covid,bm25,BM25,42,3,137.18141603749245
trec-covid,bm25,BM25,42,4,137.2513750102371
trec-covid,bm25,BM25,42,5,141.71533298213035
trec-covid,bm25,BM25,42,6,147.07770803943276
trec-covid,bm25,BM25,42,7,142.01483293436468
trec-covid,bm25,BM25,42,8,142.71937508601695
trec-covid,bm25,BM25,42,9,137.22749997396022
trec-covid,bm25,BM25,20,0,184.00920904241502
trec-covid,bm25,BM25,20,1,202.45116599835455
trec-covid,bm25,BM25,20,2,311.81670795194805
trec-covid,bm25,BM25,20,3,187.5535830622539
trec-covid,bm25,BM25,20,4,189.57649997901171
trec-covid,bm25,BM25,20,5,180.37329195067286
trec-covid,bm25,BM25,20,6,175.0951249850914
trec-covid,bm25,BM25,20,7,173.30350005067885
trec-covid,bm25,BM25,20,8,173.52787498384714
trec-covid,bm25,BM25,20,9,179.09595801029354
trec-covid,bm25,BM25,13,0,171.27754201646894
trec-covid,bm25,BM25,13,1,161.8491669651121
trec-covid,bm25,BM25,13,2,165.895750047639
trec-covid,bm25,BM25,13,3,162.1820000000298
trec-covid,bm25,BM25,13,4,164.6620830288157
trec-covid,bm25,BM25,13,5,163.76637492794544
trec-covid,bm25,BM25,13,6,159.84591597225517
trec-covid,bm25,BM25,13,7,164.34074996504933
trec-covid,bm25,BM25,13,8,163.27350004576147
trec-covid,bm25,BM25,13,9,162.89820801466703
trec-covid,bm25,BM25,11,0,226.23999998904765
trec-covid,bm25,BM25,11,1,241.83187494054437
trec-covid,bm25,BM25,11,2,205.70100005716085
trec-covid,bm25,BM25,11,3,195.68404206074774
trec-covid,bm25,BM25,11,4,201.04008307680488
trec-covid,bm25,BM25,11,5,195.27558307163417
trec-covid,bm25,BM25,11,6,196.6737910406664
trec-covid,bm25,BM25,11,7,195.8338749827817
trec-covid,bm25,BM25,11,8,208.6002080468461
trec-covid,bm25,BM25,11,9,213.09345902409405
trec-covid,bm25,BM25,22,0,168.46429195720702
trec-covid,bm25,BM25,22,1,165.1724160183221
trec-covid,bm25,BM25,22,2,165.54550000000745
trec-covid,bm25,BM25,22,3,172.64212504960597
trec-covid,bm25,BM25,22,4,166.16237501148134
trec-covid,bm25,BM25,22,5,165.1554579148069
trec-covid,bm25,BM25,22,6,172.9689169442281
trec-covid,bm25,BM25,22,7,177.5170419132337
trec-covid,bm25,BM25,22,8,173.2837080489844
trec-covid,bm25,BM25,22,9,169.7652080329135
trec-covid,bm25_hamming,BM25 + Hamming,41,0,525.0920000253245
trec-covid,bm25_hamming,BM25 + Hamming,41,1,534.2172499513254
trec-covid,bm25_hamming,BM25 + Hamming,41,2,534.1886670794338
trec-covid,bm25_hamming,BM25 + Hamming,41,3,527.9567500110716
trec-covid,bm25_hamming,BM25 + Hamming,41,4,523.7973750336096
trec-covid,bm25_hamming,BM25 + Hamming,41,5,574.5323749724776
trec-covid,bm25_hamming,BM25 + Hamming,41,6,542.5020839320496
trec-covid,bm25_hamming,BM25 + Hamming,41,7,531.4585419837385
trec-covid,bm25_hamming,BM25 + Hamming,41,8,538.1765419151634
trec-covid,bm25_hamming,BM25 + Hamming,41,9,568.2182089658454
trec-covid,bm25_hamming,BM25 + Hamming,26,0,232.29499999433756
trec-covid,bm25_hamming,BM25 + Hamming,26,1,223.34645793307573
trec-covid,bm25_hamming,BM25 + Hamming,26,2,224.37499999068677
trec-covid,bm25_hamming,BM25 + Hamming,26,3,223.29975001048297
trec-covid,bm25_hamming,BM25 + Hamming,26,4,223.38949993718415
trec-covid,bm25_hamming,BM25 + Hamming,26,5,229.29158399347216
trec-covid,bm25_hamming,BM25 + Hamming,26,6,234.54591596964747
trec-covid,bm25_hamming,BM25 + Hamming,26,7,247.84766708035022
trec-covid,bm25_hamming,BM25 + Hamming,26,8,245.50095794256777
trec-covid,bm25_hamming,BM25 + Hamming,26,9,243.19145898334682
trec-covid,bm25_hamming,BM25 + Hamming,46,0,250.17999997362494
trec-covid,bm25_hamming,BM25 + Hamming,46,1,252.99895799253136
trec-covid,bm25_hamming,BM25 + Hamming,46,2,258.8586660567671
trec-covid,bm25_hamming,BM25 + Hamming,46,3,275.7195830345154
trec-covid,bm25_hamming,BM25 + Hamming,46,4,293.5757500817999
trec-covid,bm25_hamming,BM25 + Hamming,46,5,284.63745897170156
trec-covid,bm25_hamming,BM25 + Hamming,46,6,271.09162497799844
trec-covid,bm25_hamming,BM25 + Hamming,46,7,255.62720792368054
trec-covid,bm25_hamming,BM25 + Hamming,46,8,260.60070807579905
trec-covid,bm25_hamming,BM25 + Hamming,46,9,251.9088750705123
trec-covid,bm25_hamming,BM25 + Hamming,45,0,197.7793329861015
trec-covid,bm25_hamming,BM25 + Hamming,45,1,203.43650004360825
trec-covid,bm25_hamming,BM25 + Hamming,45,2,200.28308301698416
trec-covid,bm25_hamming,BM25 + Hamming,45,3,204.77845799177885
trec-covid,bm25_hamming,BM25 + Hamming,45,4,200.31924999784678
trec-covid,bm25_hamming,BM25 + Hamming,45,5,207.2385409846902
trec-covid,bm25_hamming,BM25 + Hamming,45,6,241.78837495855987
trec-covid,bm25_hamming,BM25 + Hamming,45,7,207.44683290831745
trec-covid,bm25_hamming,BM25 + Hamming,45,8,200.0810420140624
trec-covid,bm25_hamming,BM25 + Hamming,45,9,203.35987501312047
trec-covid,bm25_hamming,BM25 + Hamming,30,0,198.68166709784418
trec-covid,bm25_hamming,BM25 + Hamming,30,1,183.4551669890061
trec-covid,bm25_hamming,BM25 + Hamming,30,2,184.06424997374415
trec-covid,bm25_hamming,BM25 + Hamming,30,3,187.25425004959106
trec-covid,bm25_hamming,BM25 + Hamming,30,4,184.42737497389317
trec-covid,bm25_hamming,BM25 + Hamming,30,5,185.02800003625453
trec-covid,bm25_hamming,BM25 + Hamming,30,6,185.14074990525842
trec-covid,bm25_hamming,BM25 + Hamming,30,7,185.61254104133695
trec-covid,bm25_hamming,BM25 + Hamming,30,8,190.20533293951303
trec-covid,bm25_hamming,BM25 + Hamming,30,9,188.20183398202062
trec-covid,bm25_hamming,BM25 + Hamming,42,0,189.8647090420127
trec-covid,bm25_hamming,BM25 + Hamming,42,1,185.60729105956852
trec-covid,bm25_hamming,BM25 + Hamming,42,2,182.33066599350423
trec-covid,bm25_hamming,BM25 + Hamming,42,3,180.70974992588162
trec-covid,bm25_hamming,BM25 + Hamming,42,4,183.7222499307245
trec-covid,bm25_hamming,BM25 + Hamming,42,5,179.6127080451697
trec-covid,bm25_hamming,BM25 + Hamming,42,6,182.45895800646394
trec-covid,bm25_hamming,BM25 + Hamming,42,7,180.56529096793383
trec-covid,bm25_hamming,BM25 + Hamming,42,8,182.96883290167898
trec-covid,bm25_hamming,BM25 + Hamming,42,9,180.05295796319842
trec-covid,bm25_hamming,BM25 + Hamming,20,0,216.1666249157861
trec-covid,bm25_hamming,BM25 + Hamming,20,1,216.21291700284928
trec-covid,bm25_hamming,BM25 + Hamming,20,2,215.2739999582991
trec-covid,bm25_hamming,BM25 + Hamming,20,3,211.6022080881521
trec-covid,bm25_hamming,BM25 + Hamming,20,4,211.7539580212906
trec-covid,bm25_hamming,BM25 + Hamming,20,5,211.95775002706796
trec-covid,bm25_hamming,BM25 + Hamming,20,6,212.7607089933008
trec-covid,bm25_hamming,BM25 + Hamming,20,7,212.46391697786748
trec-covid,bm25_hamming,BM25 + Hamming,20,8,211.73600002657622
trec-covid,bm25_hamming,BM25 + Hamming,20,9,215.7290419563651
trec-covid,bm25_hamming,BM25 + Hamming,13,0,201.30000007338822
trec-covid,bm25_hamming,BM25 + Hamming,13,1,199.60954203270376
trec-covid,bm25_hamming,BM25 + Hamming,13,2,202.81233300920576
trec-covid,bm25_hamming,BM25 + Hamming,13,3,202.9194999486208
trec-covid,bm25_hamming,BM25 + Hamming,13,4,202.7358750347048
trec-covid,bm25_hamming,BM25 + Hamming,13,5,200.30383300036192
trec-covid,bm25_hamming,BM25 + Hamming,13,6,199.0765839582309
trec-covid,bm25_hamming,BM25 + Hamming,13,7,199.90070792846382
trec-covid,bm25_hamming,BM25 + Hamming,13,8,203.55750003363937
trec-covid,bm25_hamming,BM25 + Hamming,13,9,202.55804096814245
trec-covid,bm25_hamming,BM25 + Hamming,11,0,234.3594169942662
trec-covid,bm25_hamming,BM25 + Hamming,11,1,273.05245806928724
trec-covid,bm25_hamming,BM25 + Hamming,11,2,247.026874916628
trec-covid,bm25_hamming,BM25 + Hamming,11,3,240.431374986656
trec-covid,bm25_hamming,BM25 + Hamming,11,4,306.16104102227837
trec-covid,bm25_hamming,BM25 + Hamming,11,5,379.11716697271913
trec-covid,bm25_hamming,BM25 + Hamming,11,6,275.66608297638595
trec-covid,bm25_hamming,BM25 + Hamming,11,7,243.6083749635145
trec-covid,bm25_hamming,BM25 + Hamming,11,8,249.66220906935632
trec-covid,bm25_hamming,BM25 + Hamming,11,9,243.051000055857
trec-covid,bm25_hamming,BM25 + Hamming,22,0,210.265125031583
trec-covid,bm25_hamming,BM25 + Hamming,22,1,209.85654194373637
trec-covid,bm25_hamming,BM25 + Hamming,22,2,235.71349994745106
trec-covid,bm25_hamming,BM25 + Hamming,22,3,246.20795797090977
trec-covid,bm25_hamming,BM25 + Hamming,22,4,259.0686669573188
trec-covid,bm25_hamming,BM25 + Hamming,22,5,242.3577499575913
trec-covid,bm25_hamming,BM25 + Hamming,22,6,226.53166600503027
trec-covid,bm25_hamming,BM25 + Hamming,22,7,240.63162493985146
trec-covid,bm25_hamming,BM25 + Hamming,22,8,237.77174996212125
trec-covid,bm25_hamming,BM25 + Hamming,22,9,238.25449997093529
trec-covid,bm25_cosine_int8,BM25 + Cosine (int8),41,0,879.2367919813842
trec-covid,bm25_cosine_int8,BM25 + Cosine (int8),41,1,734.4112909631804
trec-covid,bm25_cosine_int8,BM25 + Cosine (int8),41,2,686.4560000831261
trec-covid,bm25_cosine_int8,BM25 + Cosine (int8),41,3,674.1644160356373
trec-covid,bm25_cosine_int8,BM25 + Cosine (int8),41,4,669.2203329876065
trec-covid,bm25_cosine_int8,BM25 + Cosine (int8),41,5,662.0253749424592
trec-covid,bm25_cosine_int8,BM25 + Cosine (int8),41,6,684.4997910084203
trec-covid,bm25_cosine_int8,BM25 + Cosine (int8),41,7,689.6667910041288
trec-covid,bm25_cosine_int8,BM25 + Cosine (int8),41,8,713.517333031632
trec-covid,bm25_cosine_int8,BM25 + Cosine (int8),41,9,716.2658750312403
trec-covid,bm25_cosine_int8,BM25 + Cosine (int8),26,0,354.31287495885044
trec-covid,bm25_cosine_int8,BM25 + Cosine (int8),26,1,353.70445903390646
trec-covid,bm25_cosine_int8,BM25 + Cosine (int8),26,2,354.257833911106
trec-covid,bm25_cosine_int8,BM25 + Cosine (int8),26,3,364.6604169625789
trec-covid,bm25_cosine_int8,BM25 + Cosine (int8),26,4,355.18800001591444
trec-covid,bm25_cosine_int8,BM25 + Cosine (int8),26,5,354.1641249321401
trec-covid,bm25_cosine_int8,BM25 + Cosine (int8),26,6,355.2646670723334
trec-covid,bm25_cosine_int8,BM25 + Cosine (int8),26,7,367.38133302424103
trec-covid,bm25_cosine_int8,BM25 + Cosine (int8),26,8,354.3904171092436
trec-covid,bm25_cosine_int8,BM25 + Cosine (int8),26,9,364.67358306981623
trec-covid,bm25_cosine_int8,BM25 + Cosine (int8),46,0,377.58233305066824
trec-covid,bm25_cosine_int8,BM25 + Cosine (int8),46,1,380.87408302817494
trec-covid,bm25_cosine_int8,BM25 + Cosine (int8),46,2,380.78725000377744
trec-covid,bm25_cosine_int8,BM25 + Cosine (int8),46,3,388.1389159942046
trec-covid,bm25_cosine_int8,BM25 + Cosine (int8),46,4,387.32450001407415
trec-covid,bm25_cosine_int8,BM25 + Cosine (int8),46,5,420.2499591046944
trec-covid,bm25_cosine_int8,BM25 + Cosine (int8),46,6,392.1346669085324
trec-covid,bm25_cosine_int8,BM25 + Cosine (int8),46,7,380.2846670150757
trec-covid,bm25_cosine_int8,BM25 + Cosine (int8),46,8,397.9276670143008
trec-covid,bm25_cosine_int8,BM25 + Cosine (int8),46,9,381.9205000763759
trec-covid,bm25_cosine_int8,BM25 + Cosine (int8),45,0,558.7005000561476
trec-covid,bm25_cosine_int8,BM25 + Cosine (int8),45,1,356.15058394614607
trec-covid,bm25_cosine_int8,BM25 + Cosine (int8),45,2,349.34291697572917
trec-covid,bm25_cosine_int8,BM25 + Cosine (int8),45,3,330.3507079835981
trec-covid,bm25_cosine_int8,BM25 + Cosine (int8),45,4,367.97237501014024
trec-covid,bm25_cosine_int8,BM25 + Cosine (int8),45,5,341.2241250043735
trec-covid,bm25_cosine_int8,BM25 + Cosine (int8),45,6,320.84483304060996
trec-covid,bm25_cosine_int8,BM25 + Cosine (int8),45,7,332.6880829408765
trec-covid,bm25_cosine_int8,BM25 + Cosine (int8),45,8,359.5222079893574
trec-covid,bm25_cosine_int8,BM25 + Cosine (int8),45,9,335.27291694190353
trec-covid,bm25_cosine_int8,BM25 + Cosine (int8),30,0,302.96829203143716
trec-covid,bm25_cosine_int8,BM25 + Cosine (int8),30,1,344.5938330842182
trec-covid,bm25_cosine_int8,BM25 + Cosine (int8),30,2,342.0606250874698
trec-covid,bm25_cosine_int8,BM25 + Cosine (int8),30,3,328.82483303546906
trec-covid,bm25_cosine_int8,BM25 + Cosine (int8),30,4,334.0217500226572
trec-covid,bm25_cosine_int8,BM25 + Cosine (int8),30,5,320.8342909347266
trec-covid,bm25_cosine_int8,BM25 + Cosine (int8),30,6,313.1430000066757
trec-covid,bm25_cosine_int8,BM25 + Cosine (int8),30,7,311.3541250349954
trec-covid,bm25_cosine_int8,BM25 + Cosine (int8),30,8,348.24695892166346
trec-covid,bm25_cosine_int8,BM25 + Cosine (int8),30,9,330.4650839418173
trec-covid,bm25_cosine_int8,BM25 + Cosine (int8),42,0,330.0128330010921
trec-covid,bm25_cosine_int8,BM25 + Cosine (int8),42,1,305.0502499099821
trec-covid,bm25_cosine_int8,BM25 + Cosine (int8),42,2,319.24600002821535
trec-covid,bm25_cosine_int8,BM25 + Cosine (int8),42,3,322.2222909098491
trec-covid,bm25_cosine_int8,BM25 + Cosine (int8),42,4,313.4689580183476
trec-covid,bm25_cosine_int8,BM25 + Cosine (int8),42,5,337.98995800316334
trec-covid,bm25_cosine_int8,BM25 + Cosine (int8),42,6,339.38095800112933
trec-covid,bm25_cosine_int8,BM25 + Cosine (int8),42,7,310.95541699323803
trec-covid,bm25_cosine_int8,BM25 + Cosine (int8),42,8,339.4665839150548
trec-covid,bm25_cosine_int8,BM25 + Cosine (int8),42,9,303.47200005780905
trec-covid,bm25_cosine_int8,BM25 + Cosine (int8),20,0,361.18695803452283
trec-covid,bm25_cosine_int8,BM25 + Cosine (int8),20,1,336.56287495978177
trec-covid,bm25_cosine_int8,BM25 + Cosine (int8),20,2,334.07404099125415
trec-covid,bm25_cosine_int8,BM25 + Cosine (int8),20,3,337.5903330743313
trec-covid,bm25_cosine_int8,BM25 + Cosine (int8),20,4,344.3515420658514
trec-covid,bm25_cosine_int8,BM25 + Cosine (int8),20,5,334.88158392719924
trec-covid,bm25_cosine_int8,BM25 + Cosine (int8),20,6,386.7165419505909
trec-covid,bm25_cosine_int8,BM25 + Cosine (int8),20,7,357.3301669675857
trec-covid,bm25_cosine_int8,BM25 + Cosine (int8),20,8,347.85195905715227
trec-covid,bm25_cosine_int8,BM25 + Cosine (int8),20,9,377.9609580524266
trec-covid,bm25_cosine_int8,BM25 + Cosine (int8),13,0,353.1169999623671
trec-covid,bm25_cosine_int8,BM25 + Cosine (int8),13,1,354.75891700480133
trec-covid,bm25_cosine_int8,BM25 + Cosine (int8),13,2,340.91224998701364
trec-covid,bm25_cosine_int8,BM25 + Cosine (int8),13,3,322.29308399837464
trec-covid,bm25_cosine_int8,BM25 + Cosine (int8),13,4,324.6334579307586
trec-covid,bm25_cosine_int8,BM25 + Cosine (int8),13,5,374.97350003104657
trec-covid,bm25_cosine_int8,BM25 + Cosine (int8),13,6,368.73229197226465
trec-covid,bm25_cosine_int8,BM25 + Cosine (int8),13,7,330.6973329745233
trec-covid,bm25_cosine_int8,BM25 + Cosine (int8),13,8,333.11720890924335
trec-covid,bm25_cosine_int8,BM25 + Cosine (int8),13,9,323.3223750721663
trec-covid,bm25_cosine_int8,BM25 + Cosine (int8),11,0,368.9539999468252
trec-covid,bm25_cosine_int8,BM25 + Cosine (int8),11,1,420.2586669707671
trec-covid,bm25_cosine_int8,BM25 + Cosine (int8),11,2,393.036000081338
trec-covid,bm25_cosine_int8,BM25 + Cosine (int8),11,3,358.85170800611377
trec-covid,bm25_cosine_int8,BM25 + Cosine (int8),11,4,359.1699590906501
trec-covid,bm25_cosine_int8,BM25 + Cosine (int8),11,5,378.3139999723062
trec-covid,bm25_cosine_int8,BM25 + Cosine (int8),11,6,383.2089159404859
trec-covid,bm25_cosine_int8,BM25 + Cosine (int8),11,7,439.1401670873165
trec-covid,bm25_cosine_int8,BM25 + Cosine (int8),11,8,361.58074997365475
trec-covid,bm25_cosine_int8,BM25 + Cosine (int8),11,9,427.72262496873736
trec-covid,bm25_cosine_int8,BM25 + Cosine (int8),22,0,366.5152080357075
trec-covid,bm25_cosine_int8,BM25 + Cosine (int8),22,1,336.67920902371407
trec-covid,bm25_cosine_int8,BM25 + Cosine (int8),22,2,388.0014999303967
trec-covid,bm25_cosine_int8,BM25 + Cosine (int8),22,3,442.6161659648642
trec-covid,bm25_cosine_int8,BM25 + Cosine (int8),22,4,369.1087920451537
trec-covid,bm25_cosine_int8,BM25 + Cosine (int8),22,5,345.36570799537003
trec-covid,bm25_cosine_int8,BM25 + Cosine (int8),22,6,377.6908339932561
trec-covid,bm25_cosine_int8,BM25 + Cosine (int8),22,7,349.86120800022036
trec-covid,bm25_cosine_int8,BM25 + Cosine (int8),22,8,347.488374914974
trec-covid,bm25_cosine_int8,BM25 + Cosine (int8),22,9,338.49383296910673
trec-covid,bm25_cosine_float,BM25 + Cosine (float),41,0,1369.0501250093803
trec-covid,bm25_cosine_float,BM25 + Cosine (float),41,1,1289.8574160644785
trec-covid,bm25_cosine_float,BM25 + Cosine (float),41,2,1508.4243749734014
trec-covid,bm25_cosine_float,BM25 + Cosine (float),41,3,1313.4982909541577
trec-covid,bm25_cosine_float,BM25 + Cosine (float),41,4,1287.2685419861227
trec-covid,bm25_cosine_float,BM25 + Cosine (float),41,5,1334.8071250366047
trec-covid,bm25_cosine_float,BM25 + Cosine (float),41,6,1293.992083054036
trec-covid,bm25_cosine_float,BM25 + Cosine (float),41,7,1280.9240830829367
trec-covid,bm25_cosine_float,BM25 + Cosine (float),41,8,1336.827874998562
trec-covid,bm25_cosine_float,BM25 + Cosine (float),41,9,1267.1594589482993
trec-covid,bm25_cosine_float,BM25 + Cosine (float),26,0,947.596958023496
trec-covid,bm25_cosine_float,BM25 + Cosine (float),26,1,953.7662919610739
trec-covid,bm25_cosine_float,BM25 + Cosine (float),26,2,975.3474160097539
trec-covid,bm25_cosine_float,BM25 + Cosine (float),26,3,952.1453330526128
trec-covid,bm25_cosine_float,BM25 + Cosine (float),26,4,1033.456707955338
trec-covid,bm25_cosine_float,BM25 + Cosine (float),26,5,954.7603749670088
trec-covid,bm25_cosine_float,BM25 + Cosine (float),26,6,956.8939580349252
trec-covid,bm25_cosine_float,BM25 + Cosine (float),26,7,954.9418750684708
trec-covid,bm25_cosine_float,BM25 + Cosine (float),26,8,951.2673749122769
trec-covid,bm25_cosine_float,BM25 + Cosine (float),26,9,958.1873749848455
trec-covid,bm25_cosine_float,BM25 + Cosine (float),46,0,983.9128750609234
trec-covid,bm25_cosine_float,BM25 + Cosine (float),46,1,980.7472920510918
trec-covid,bm25_cosine_float,BM25 + Cosine (float),46,2,999.7067920630798
trec-covid,bm25_cosine_float,BM25 + Cosine (float),46,3,985.1066250121221
trec-covid,bm25_cosine_float,BM25 + Cosine (float),46,4,1056.8600000115111
trec-covid,bm25_cosine_float,BM25 + Cosine (float),46,5,997.977124992758
trec-covid,bm25_cosine_float,BM25 + Cosine (float),46,6,999.8710419749841
trec-covid,bm25_cosine_float,BM25 + Cosine (float),46,7,992.6764159463346
trec-covid,bm25_cosine_float,BM25 + Cosine (float),46,8,995.6721249036491
trec-covid,bm25_cosine_float,BM25 + Cosine (float),46,9,993.5238339239731
trec-covid,bm25_cosine_float,BM25 + Cosine (float),45,0,951.7642909195274
trec-covid,bm25_cosine_float,BM25 + Cosine (float),45,1,959.4219169812277
trec-covid,bm25_cosine_float,BM25 + Cosine (float),45,2,950.8062090026215
trec-covid,bm25_cosine_float,BM25 + Cosine (float),45,3,942.7025420591235
trec-covid,bm25_cosine_float,BM25 + Cosine (float),45,4,959.3983329832554
trec-covid,bm25_cosine_float,BM25 + Cosine (float),45,5,952.0642919233069
trec-covid,bm25_cosine_float,BM25 + Cosine (float),45,6,940.3632499743253
trec-covid,bm25_cosine_float,BM25 + Cosine (float),45,7,940.7710829982534
trec-covid,bm25_cosine_float,BM25 + Cosine (float),45,8,989.6445410558954
trec-covid,bm25_cosine_float,BM25 + Cosine (float),45,9,1142.1919169370085
trec-covid,bm25_cosine_float,BM25 + Cosine (float),30,0,932.4035840108991
trec-covid,bm25_cosine_float,BM25 + Cosine (float),30,1,945.6501249223948
trec-covid,bm25_cosine_float,BM25 + Cosine (float),30,2,922.4917920073494
trec-covid,bm25_cosine_float,BM25 + Cosine (float),30,3,940.7038340577856
trec-covid,bm25_cosine_float,BM25 + Cosine (float),30,4,925.9327909676358
trec-covid,bm25_cosine_float,BM25 + Cosine (float),30,5,992.6195830339566
trec-covid,bm25_cosine_float,BM25 + Cosine (float),30,6,927.2911250591278
trec-covid,bm25_cosine_float,BM25 + Cosine (float),30,7,929.3697499670088
trec-covid,bm25_cosine_float,BM25 + Cosine (float),30,8,937.1627910295501
trec-covid,bm25_cosine_float,BM25 + Cosine (float),30,9,926.4649170218036
trec-covid,bm25_cosine_float,BM25 + Cosine (float),42,0,936.4518750226125
trec-covid,bm25_cosine_float,BM25 + Cosine (float),42,1,922.33899992425
trec-covid,bm25_cosine_float,BM25 + Cosine (float),42,2,921.84354190249
trec-covid,bm25_cosine_float,BM25 + Cosine (float),42,3,920.5785000231117
trec-covid,bm25_cosine_float,BM25 + Cosine (float),42,4,918.6615840299055
trec-covid,bm25_cosine_float,BM25 + Cosine (float),42,5,942.1106660738587
trec-covid,bm25_cosine_float,BM25 + Cosine (float),42,6,940.9669170854613
trec-covid,bm25_cosine_float,BM25 + Cosine (float),42,7,991.4092080434784
trec-covid,bm25_cosine_float,BM25 + Cosine (float),42,8,1002.3238750873134
trec-covid,bm25_cosine_float,BM25 + Cosine (float),42,9,947.466375073418
trec-covid,bm25_cosine_float,BM25 + Cosine (float),20,0,1032.716832938604
trec-covid,bm25_cosine_float,BM25 + Cosine (float),20,1,1000.593583099544
trec-covid,bm25_cosine_float,BM25 + Cosine (float),20,2,1010.2105409605429
trec-covid,bm25_cosine_float,BM25 + Cosine (float),20,3,1014.1413330566138
trec-covid,bm25_cosine_float,BM25 + Cosine (float),20,4,1011.179499910213
trec-covid,bm25_cosine_float,BM25 + Cosine (float),20,5,1138.1074170349166
trec-covid,bm25_cosine_float,BM25 + Cosine (float),20,6,970.4509590519592
trec-covid,bm25_cosine_float,BM25 + Cosine (float),20,7,991.3600409636274
trec-covid,bm25_cosine_float,BM25 + Cosine (float),20,8,974.2897499818355
trec-covid,bm25_cosine_float,BM25 + Cosine (float),20,9,963.53891689796
trec-covid,bm25_cosine_float,BM25 + Cosine (float),13,0,951.567625044845
trec-covid,bm25_cosine_float,BM25 + Cosine (float),13,1,968.4490419458598
trec-covid,bm25_cosine_float,BM25 + Cosine (float),13,2,1018.6789169674739
trec-covid,bm25_cosine_float,BM25 + Cosine (float),13,3,1039.2219589557499
trec-covid,bm25_cosine_float,BM25 + Cosine (float),13,4,1009.0420419583097
trec-covid,bm25_cosine_float,BM25 + Cosine (float),13,5,957.4342919513583
trec-covid,bm25_cosine_float,BM25 + Cosine (float),13,6,963.4556659730151
trec-covid,bm25_cosine_float,BM25 + Cosine (float),13,7,948.8638340262696
trec-covid,bm25_cosine_float,BM25 + Cosine (float),13,8,948.2827499741688
trec-covid,bm25_cosine_float,BM25 + Cosine (float),13,9,971.4541250141338
trec-covid,bm25_cosine_float,BM25 + Cosine (float),11,0,1238.612458924763
trec-covid,bm25_cosine_float,BM25 + Cosine (float),11,1,999.1191250737756
trec-covid,bm25_cosine_float,BM25 + Cosine (float),11,2,990.787124959752
trec-covid,bm25_cosine_float,BM25 + Cosine (float),11,3,998.0915409978479
trec-covid,bm25_cosine_float,BM25 + Cosine (float),11,4,1004.0493330452591
trec-covid,bm25_cosine_float,BM25 + Cosine (float),11,5,1081.2241660896689
trec-covid,bm25_cosine_float,BM25 + Cosine (float),11,6,1032.2341659339145
trec-covid,bm25_cosine_float,BM25 + Cosine (float),11,7,1089.0159590635449
trec-covid,bm25_cosine_float,BM25 + Cosine (float),11,8,1082.9209169605747
trec-covid,bm25_cosine_float,BM25 + Cosine (float),11,9,1003.2631669891998
trec-covid,bm25_cosine_float,BM25 + Cosine (float),22,0,963.9099159976467
trec-covid,bm25_cosine_float,BM25 + Cosine (float),22,1,984.3988750362769
trec-covid,bm25_cosine_float,BM25 + Cosine (float),22,2,1137.705291970633
trec-covid,bm25_cosine_float,BM25 + Cosine (float),22,3,998.4697500476614
trec-covid,bm25_cosine_float,BM25 + Cosine (float),22,4,979.2434170376509
trec-covid,bm25_cosine_float,BM25 + Cosine (float),22,5,959.424625034444
trec-covid,bm25_cosine_float,BM25 + Cosine (float),22,6,990.6908330740407
trec-covid,bm25_cosine_float,BM25 + Cosine (float),22,7,968.7628749525174
trec-covid,bm25_cosine_float,BM25 + Cosine (float),22,8,1074.025374953635
trec-covid,bm25_cosine_float,BM25 + Cosine (float),22,9,1115.8118749735877
trec-covid,hamming,Hamming,41,0,23.467999999411404
trec-covid,hamming,Hamming,41,1,23.381584091112018
trec-covid,hamming,Hamming,41,2,23.289917036890984
trec-covid,hamming,Hamming,41,3,23.211834020912647
trec-covid,hamming,Hamming,41,4,23.151084082201123
trec-covid,hamming,Hamming,41,5,23.186625097878277
trec-covid,hamming,Hamming,41,6,23.269791970960796
trec-covid,hamming,Hamming,41,7,24.578292039223015
trec-covid,hamming,Hamming,41,8,23.656041943468153
trec-covid,hamming,Hamming,41,9,23.104083025828004
trec-covid,hamming,Hamming,26,0,23.120208061300218
trec-covid,hamming,Hamming,26,1,23.234416963532567
trec-covid,hamming,Hamming,26,2,23.01879203878343
trec-covid,hamming,Hamming,26,3,24.19816702604294
trec-covid,hamming,Hamming,26,4,24.573624948970973
trec-covid,hamming,Hamming,26,5,23.412999929860234
trec-covid,hamming,Hamming,26,6,23.200750001706183
trec-covid,hamming,Hamming,26,7,23.931208066642284
trec-covid,hamming,Hamming,26,8,23.360916995443404
trec-covid,hamming,Hamming,26,9,23.55899999383837
trec-covid,hamming,Hamming,46,0,22.50550000462681
trec-covid,hamming,Hamming,46,1,22.488833987154067
trec-covid,hamming,Hamming,46,2,23.187250015325844
trec-covid,hamming,Hamming,46,3,22.416834020987153
trec-covid,hamming,Hamming,46,4,22.810291964560747
trec-covid,hamming,Hamming,46,5,23.40708300471306
trec-covid,hamming,Hamming,46,6,23.539291927590966
trec-covid,hamming,Hamming,46,7,23.814709042198956
trec-covid,hamming,Hamming,46,8,22.885667043738067
trec-covid,hamming,Hamming,46,9,23.68858305271715
trec-covid,hamming,Hamming,45,0,23.781707976013422
trec-covid,hamming,Hamming,45,1,23.513832944445312
trec-covid,hamming,Hamming,45,2,23.506583063863218
trec-covid,hamming,Hamming,45,3,23.458708077669144
trec-covid,hamming,Hamming,45,4,23.202250013127923
trec-covid,hamming,Hamming,45,5,23.808375000953674
trec-covid,hamming,Hamming,45,6,24.25562497228384
trec-covid,hamming,Hamming,45,7,24.137667031027377
trec-covid,hamming,Hamming,45,8,24.190082913264632
trec-covid,hamming,Hamming,45,9,23.665167042054236
trec-covid,hamming,Hamming,30,0,23.664459004066885
trec-covid,hamming,Hamming,30,1,23.938375059515238
trec-covid,hamming,Hamming,30,2,23.533792002126575
trec-covid,hamming,Hamming,30,3,23.707665968686342
trec-covid,hamming,Hamming,30,4,23.59062503091991
trec-covid,hamming,Hamming,30,5,23.569249897263944
trec-covid,hamming,Hamming,30,6,23.881124914623797
trec-covid,hamming,Hamming,30,7,24.59991700015962
trec-covid,hamming,Hamming,30,8,24.202833999879658
trec-covid,hamming,Hamming,30,9,23.646707995794713
trec-covid,hamming,Hamming,42,0,23.43229204416275
trec-covid,hamming,Hamming,42,1,23.647916968911886
trec-covid,hamming,Hamming,42,2,23.567458032630384
trec-covid,hamming,Hamming,42,3,23.512707906775177
trec-covid,hamming,Hamming,42,4,23.596832994371653
trec-covid,hamming,Hamming,42,5,23.45037495251745
trec-covid,hamming,Hamming,42,6,23.5896660014987
trec-covid,hamming,Hamming,42,7,23.50237499922514
trec-covid,hamming,Hamming,42,8,23.55212497059256
trec-covid,hamming,Hamming,42,9,23.23612489271909
trec-covid,hamming,Hamming,20,0,22.367083001881838
trec-covid,hamming,Hamming,20,1,23.3149160631001
trec-covid,hamming,Hamming,20,2,23.452291963621974
trec-covid,hamming,Hamming,20,3,24.19500006362796
trec-covid,hamming,Hamming,20,4,23.363083018921316
trec-covid,hamming,Hamming,20,5,23.30170792993158
trec-covid,hamming,Hamming,20,6,23.139917058870196
trec-covid,hamming,Hamming,20,7,23.239667061716318
trec-covid,hamming,Hamming,20,8,24.026916944421828
trec-covid,hamming,Hamming,20,9,23.81833305116743
trec-covid,hamming,Hamming,13,0,23.932207957841456
trec-covid,hamming,Hamming,13,1,23.873542086221278
trec-covid,hamming,Hamming,13,2,24.163916939869523
trec-covid,hamming,Hamming,13,3,24.100625072605908
trec-covid,hamming,Hamming,13,4,24.548041983507574
trec-covid,hamming,Hamming,13,5,24.752041907049716
trec-covid,hamming,Hamming,13,6,25.084667024202645
trec-covid,hamming,Hamming,13,7,24.964874959550798
trec-covid,hamming,Hamming,13,8,23.199457908049226
trec-covid,hamming,Hamming,13,9,22.99237495753914
trec-covid,hamming,Hamming,11,0,23.24933302588761
trec-covid,hamming,Hamming,11,1,23.169875028543174
trec-covid,hamming,Hamming,11,2,24.57108406815678
trec-covid,hamming,Hamming,11,3,23.94583309069276
trec-covid,hamming,Hamming,11,4,23.529166937805712
trec-covid,hamming,Hamming,11,5,28.16641703248024
trec-covid,hamming,Hamming,11,6,81.15075004752725
trec-covid,hamming,Hamming,11,7,37.668082979507744
trec-covid,hamming,Hamming,11,8,25.632083066739142
trec-covid,hamming,Hamming,11,9,25.61983303166926
trec-covid,hamming,Hamming,22,0,25.505124940536916
trec-covid,hamming,Hamming,22,1,23.939625010825694
trec-covid,hamming,Hamming,22,2,23.484834004193544
trec-covid,hamming,Hamming,22,3,23.963792016729712
trec-covid,hamming,Hamming,22,4,26.261750026606023
trec-covid,hamming,Hamming,22,5,24.705207906663418
trec-covid,hamming,Hamming,22,6,23.22774997446686
trec-covid,hamming,Hamming,22,7,23.16962496843189
trec-covid,hamming,Hamming,22,8,23.153375019319355
trec-covid,hamming,Hamming,22,9,23.07520795147866
trec-covid,hamming_cosine_int8,Hamming + Cosine (int8),41,0,179.9327499466017
trec-covid,hamming_cosine_int8,Hamming + Cosine (int8),41,1,208.68074998725206
trec-covid,hamming_cosine_int8,Hamming + Cosine (int8),41,2,180.20187504589558
trec-covid,hamming_cosine_int8,Hamming + Cosine (int8),41,3,214.3792079295963
trec-covid,hamming_cosine_int8,Hamming + Cosine (int8),41,4,180.63470907509327
trec-covid,hamming_cosine_int8,Hamming + Cosine (int8),41,5,186.68008304666728
trec-covid,hamming_cosine_int8,Hamming + Cosine (int8),41,6,174.87291700672358
trec-covid,hamming_cosine_int8,Hamming + Cosine (int8),41,7,171.64308403152972
trec-covid,hamming_cosine_int8,Hamming + Cosine (int8),41,8,166.14537499845028
trec-covid,hamming_cosine_int8,Hamming + Cosine (int8),41,9,168.22279198095202
trec-covid,hamming_cosine_int8,Hamming + Cosine (int8),26,0,170.39816605392843
trec-covid,hamming_cosine_int8,Hamming + Cosine (int8),26,1,182.51875007990748
trec-covid,hamming_cosine_int8,Hamming + Cosine (int8),26,2,167.35016705933958
trec-covid,hamming_cosine_int8,Hamming + Cosine (int8),26,3,165.1347919832915
trec-covid,hamming_cosine_int8,Hamming + Cosine (int8),26,4,168.13754208851606
trec-covid,hamming_cosine_int8,Hamming + Cosine (int8),26,5,168.26191707514226
trec-covid,hamming_cosine_int8,Hamming + Cosine (int8),26,6,182.82624997664243
trec-covid,hamming_cosine_int8,Hamming + Cosine (int8),26,7,179.05441601760685
trec-covid,hamming_cosine_int8,Hamming + Cosine (int8),26,8,167.7357500884682
trec-covid,hamming_cosine_int8,Hamming + Cosine (int8),26,9,186.67816708330065
trec-covid,hamming_cosine_int8,Hamming + Cosine (int8),46,0,186.23770796693861
trec-covid,hamming_cosine_int8,Hamming + Cosine (int8),46,1,190.37104106973857
trec-covid,hamming_cosine_int8,Hamming + Cosine (int8),46,2,173.23700000997633
trec-covid,hamming_cosine_int8,Hamming + Cosine (int8),46,3,165.84379109553993
trec-covid,hamming_cosine_int8,Hamming + Cosine (int8),46,4,165.80725007224828
trec-covid,hamming_cosine_int8,Hamming + Cosine (int8),46,5,167.17958298977464
trec-covid,hamming_cosine_int8,Hamming + Cosine (int8),46,6,185.80633390229195
trec-covid,hamming_cosine_int8,Hamming + Cosine (int8),46,7,203.42879206873477
trec-covid,hamming_cosine_int8,Hamming + Cosine (int8),46,8,227.88487502839416
trec-covid,hamming_cosine_int8,Hamming + Cosine (int8),46,9,188.01812501624227
trec-covid,hamming_cosine_int8,Hamming + Cosine (int8),45,0,164.5642500370741
trec-covid,hamming_cosine_int8,Hamming + Cosine (int8),45,1,165.5383340548724
trec-covid,hamming_cosine_int8,Hamming + Cosine (int8),45,2,169.15387497283518
trec-covid,hamming_cosine_int8,Hamming + Cosine (int8),45,3,203.28545791562647
trec-covid,hamming_cosine_int8,Hamming + Cosine (int8),45,4,170.09558400604874
trec-covid,hamming_cosine_int8,Hamming + Cosine (int8),45,5,166.272833943367
trec-covid,hamming_cosine_int8,Hamming + Cosine (int8),45,6,165.30712507665157
trec-covid,hamming_cosine_int8,Hamming + Cosine (int8),45,7,194.14024997968227
trec-covid,hamming_cosine_int8,Hamming + Cosine (int8),45,8,169.5348749635741
trec-covid,hamming_cosine_int8,Hamming + Cosine (int8),45,9,167.51275002025068
trec-covid,hamming_cosine_int8,Hamming + Cosine (int8),30,0,216.29433298949152
trec-covid,hamming_cosine_int8,Hamming + Cosine (int8),30,1,197.21804198343307
trec-covid,hamming_cosine_int8,Hamming + Cosine (int8),30,2,179.96829096227884
trec-covid,hamming_cosine_int8,Hamming + Cosine (int8),30,3,164.89158407784998
trec-covid,hamming_cosine_int8,Hamming + Cosine (int8),30,4,171.1253330577165
trec-covid,hamming_cosine_int8,Hamming + Cosine (int8),30,5,192.52641696948558
trec-covid,hamming_cosine_int8,Hamming + Cosine (int8),30,6,185.9119589207694
trec-covid,hamming_cosine_int8,Hamming + Cosine (int8),30,7,236.41008406411856
trec-covid,hamming_cosine_int8,Hamming + Cosine (int8),30,8,205.71912499144673
trec-covid,hamming_cosine_int8,Hamming + Cosine (int8),30,9,206.03458303958178
trec-covid,hamming_cosine_int8,Hamming + Cosine (int8),42,0,165.0037500075996
trec-covid,hamming_cosine_int8,Hamming + Cosine (int8),42,1,173.07845794130117
trec-covid,hamming_cosine_int8,Hamming + Cosine (int8),42,2,203.73674994334579
trec-covid,hamming_cosine_int8,Hamming + Cosine (int8),42,3,177.7083749184385
trec-covid,hamming_cosine_int8,Hamming + Cosine (int8),42,4,165.04087497014552
trec-covid,hamming_cosine_int8,Hamming + Cosine (int8),42,5,174.81062503065914
trec-covid,hamming_cosine_int8,Hamming + Cosine (int8),42,6,202.14804098941386
trec-covid,hamming_cosine_int8,Hamming + Cosine (int8),42,7,215.0543329771608
trec-covid,hamming_cosine_int8,Hamming + Cosine (int8),42,8,225.30054103117436
trec-covid,hamming_cosine_int8,Hamming + Cosine (int8),42,9,178.73649997636676
trec-covid,hamming_cosine_int8,Hamming + Cosine (int8),20,0,175.94054201617837
trec-covid,hamming_cosine_int8,Hamming + Cosine (int8),20,1,178.43158298637718
trec-covid,hamming_cosine_int8,Hamming + Cosine (int8),20,2,176.4459580881521
trec-covid,hamming_cosine_int8,Hamming + Cosine (int8),20,3,173.5246250173077
trec-covid,hamming_cosine_int8,Hamming + Cosine (int8),20,4,171.81904101744294
trec-covid,hamming_cosine_int8,Hamming + Cosine (int8),20,5,176.55283398926258
trec-covid,hamming_cosine_int8,Hamming + Cosine (int8),20,6,171.82116699405015
trec-covid,hamming_cosine_int8,Hamming + Cosine (int8),20,7,261.62987505085766
trec-covid,hamming_cosine_int8,Hamming + Cosine (int8),20,8,187.44574999436736
trec-covid,hamming_cosine_int8,Hamming + Cosine (int8),20,9,201.4151670737192
trec-covid,hamming_cosine_int8,Hamming + Cosine (int8),13,0,180.46150007285178
trec-covid,hamming_cosine_int8,Hamming + Cosine (int8),13,1,179.72358397673815
trec-covid,hamming_cosine_int8,Hamming + Cosine (int8),13,2,169.7152080014348
trec-covid,hamming_cosine_int8,Hamming + Cosine (int8),13,3,181.5752499969676
trec-covid,hamming_cosine_int8,Hamming + Cosine (int8),13,4,174.34137500822544
trec-covid,hamming_cosine_int8,Hamming + Cosine (int8),13,5,176.66729097254574
trec-covid,hamming_cosine_int8,Hamming + Cosine (int8),13,6,165.75591603759676
trec-covid,hamming_cosine_int8,Hamming + Cosine (int8),13,7,205.09508403483778
trec-covid,hamming_cosine_int8,Hamming + Cosine (int8),13,8,177.51266702543944
trec-covid,hamming_cosine_int8,Hamming + Cosine (int8),13,9,178.62679192330688
trec-covid,hamming_cosine_int8,Hamming + Cosine (int8),11,0,198.92704207450151
trec-covid,hamming_cosine_int8,Hamming + Cosine (int8),11,1,200.91237500309944
trec-covid,hamming_cosine_int8,Hamming + Cosine (int8),11,2,204.8944579437375
trec-covid,hamming_cosine_int8,Hamming + Cosine (int8),11,3,206.76820795051754
trec-covid,hamming_cosine_int8,Hamming + Cosine (int8),11,4,175.98779208492488
trec-covid,hamming_cosine_int8,Hamming + Cosine (int8),11,5,172.0849999692291
trec-covid,hamming_cosine_int8,Hamming + Cosine (int8),11,6,170.15608306974173
trec-covid,hamming_cosine_int8,Hamming + Cosine (int8),11,7,183.6832920089364
trec-covid,hamming_cosine_int8,Hamming + Cosine (int8),11,8,182.50191607512534
trec-covid,hamming_cosine_int8,Hamming + Cosine (int8),11,9,171.8606250360608
trec-covid,hamming_cosine_int8,Hamming + Cosine (int8),22,0,164.44679198320955
trec-covid,hamming_cosine_int8,Hamming + Cosine (int8),22,1,171.00275005213916
trec-covid,hamming_cosine_int8,Hamming + Cosine (int8),22,2,184.04083291534334
trec-covid,hamming_cosine_int8,Hamming + Cosine (int8),22,3,197.40229099988937
trec-covid,hamming_cosine_int8,Hamming + Cosine (int8),22,4,175.59950007125735
trec-covid,hamming_cosine_int8,Hamming + Cosine (int8),22,5,227.3116250289604
trec-covid,hamming_cosine_int8,Hamming + Cosine (int8),22,6,197.11200008168817
trec-covid,hamming_cosine_int8,Hamming + Cosine (int8),22,7,225.2788330661133
trec-covid,hamming_cosine_int8,Hamming + Cosine (int8),22,8,175.96329096704721
trec-covid,hamming_cosine_int8,Hamming + Cosine (int8),22,9,217.78704202733934
trec-covid,hamming_cosine_float,Hamming + Cosine (float),41,0,803.9222080260515
trec-covid,hamming_cosine_float,Hamming + Cosine (float),41,1,818.7517499318346
trec-covid,hamming_cosine_float,Hamming + Cosine (float),41,2,788.2576249539852
trec-covid,hamming_cosine_float,Hamming + Cosine (float),41,3,792.4384590005502
trec-covid,hamming_cosine_float,Hamming + Cosine (float),41,4,787.3346250271425
trec-covid,hamming_cosine_float,Hamming + Cosine (float),41,5,868.0035829311237
trec-covid,hamming_cosine_float,Hamming + Cosine (float),41,6,810.8224170282483
trec-covid,hamming_cosine_float,Hamming + Cosine (float),41,7,802.2425000090152
trec-covid,hamming_cosine_float,Hamming + Cosine (float),41,8,808.9605409186333
trec-covid,hamming_cosine_float,Hamming + Cosine (float),41,9,802.0939170382917
trec-covid,hamming_cosine_float,Hamming + Cosine (float),26,0,808.4537079557776
trec-covid,hamming_cosine_float,Hamming + Cosine (float),26,1,837.1202920097858
trec-covid,hamming_cosine_float,Hamming + Cosine (float),26,2,817.3532499931753
trec-covid,hamming_cosine_float,Hamming + Cosine (float),26,3,806.9597079884261
trec-covid,hamming_cosine_float,Hamming + Cosine (float),26,4,894.5310830604285
trec-covid,hamming_cosine_float,Hamming + Cosine (float),26,5,878.8895410252735
trec-covid,hamming_cosine_float,Hamming + Cosine (float),26,6,825.5925410194322
trec-covid,hamming_cosine_float,Hamming + Cosine (float),26,7,821.1964999791235
trec-covid,hamming_cosine_float,Hamming + Cosine (float),26,8,783.198666991666
trec-covid,hamming_cosine_float,Hamming + Cosine (float),26,9,807.3317919624969
trec-covid,hamming_cosine_float,Hamming + Cosine (float),46,0,781.3513750443235
trec-covid,hamming_cosine_float,Hamming + Cosine (float),46,1,791.2180830026045
trec-covid,hamming_cosine_float,Hamming + Cosine (float),46,2,780.4788750363514
trec-covid,hamming_cosine_float,Hamming + Cosine (float),46,3,778.3458749763668
trec-covid,hamming_cosine_float,Hamming + Cosine (float),46,4,809.377041994594
trec-covid,hamming_cosine_float,Hamming + Cosine (float),46,5,787.8195000812411
trec-covid,hamming_cosine_float,Hamming + Cosine (float),46,6,833.618166972883
trec-covid,hamming_cosine_float,Hamming + Cosine (float),46,7,825.2613339573145
trec-covid,hamming_cosine_float,Hamming + Cosine (float),46,8,794.27520907484
trec-covid,hamming_cosine_float,Hamming + Cosine (float),46,9,899.2445829790086
trec-covid,hamming_cosine_float,Hamming + Cosine (float),45,0,792.4178750254214
trec-covid,hamming_cosine_float,Hamming + Cosine (float),45,1,781.3830419909209
trec-covid,hamming_cosine_float,Hamming + Cosine (float),45,2,799.1558340145275
trec-covid,hamming_cosine_float,Hamming + Cosine (float),45,3,787.7892500255257
trec-covid,hamming_cosine_float,Hamming + Cosine (float),45,4,777.6003329781815
trec-covid,hamming_cosine_float,Hamming + Cosine (float),45,5,787.9281670320779
trec-covid,hamming_cosine_float,Hamming + Cosine (float),45,6,802.3932499345392
trec-covid,hamming_cosine_float,Hamming + Cosine (float),45,7,787.8189160255715
trec-covid,hamming_cosine_float,Hamming + Cosine (float),45,8,947.6791250053793
trec-covid,hamming_cosine_float,Hamming + Cosine (float),45,9,808.7978330440819
trec-covid,hamming_cosine_float,Hamming + Cosine (float),30,0,842.3790829256177
trec-covid,hamming_cosine_float,Hamming + Cosine (float),30,1,797.9849999537691
trec-covid,hamming_cosine_float,Hamming + Cosine (float),30,2,853.57058304362
trec-covid,hamming_cosine_float,Hamming + Cosine (float),30,3,797.163833049126
trec-covid,hamming_cosine_float,Hamming + Cosine (float),30,4,799.7382079483941
trec-covid,hamming_cosine_float,Hamming + Cosine (float),30,5,798.0231249239296
trec-covid,hamming_cosine_float,Hamming + Cosine (float),30,6,803.0147909885272
trec-covid,hamming_cosine_float,Hamming + Cosine (float),30,7,819.8416670784354
trec-covid,hamming_cosine_float,Hamming + Cosine (float),30,8,790.0404171086848
trec-covid,hamming_cosine_float,Hamming + Cosine (float),30,9,796.9362080330029
trec-covid,hamming_cosine_float,Hamming + Cosine (float),42,0,809.523459058255
trec-covid,hamming_cosine_float,Hamming + Cosine (float),42,1,884.8466250346974
trec-covid,hamming_cosine_float,Hamming + Cosine (float),42,2,835.0417499896139
trec-covid,hamming_cosine_float,Hamming + Cosine (float),42,3,815.2394170174375
trec-covid,hamming_cosine_float,Hamming + Cosine (float),42,4,805.8977500768378
trec-covid,hamming_cosine_float,Hamming + Cosine (float),42,5,791.5941659593955
trec-covid,hamming_cosine_float,Hamming + Cosine (float),42,6,822.0028339419514
trec-covid,hamming_cosine_float,Hamming + Cosine (float),42,7,810.4075420415029
trec-covid,hamming_cosine_float,Hamming + Cosine (float),42,8,801.1204589856789
trec-covid,hamming_cosine_float,Hamming + Cosine (float),42,9,834.3564589740708
trec-covid,hamming_cosine_float,Hamming + Cosine (float),20,0,818.9365840516984
trec-covid,hamming_cosine_float,Hamming + Cosine (float),20,1,794.537500012666
trec-covid,hamming_cosine_float,Hamming + Cosine (float),20,2,790.9044999396428
trec-covid,hamming_cosine_float,Hamming + Cosine (float),20,3,800.3086660755798
trec-covid,hamming_cosine_float,Hamming + Cosine (float),20,4,780.6139589520171
trec-covid,hamming_cosine_float,Hamming + Cosine (float),20,5,786.5849160589278
trec-covid,hamming_cosine_float,Hamming + Cosine (float),20,6,802.6296669850126
trec-covid,hamming_cosine_float,Hamming + Cosine (float),20,7,865.636833012104
trec-covid,hamming_cosine_float,Hamming + Cosine (float),20,8,791.9845840660855
trec-covid,hamming_cosine_float,Hamming + Cosine (float),20,9,790.855583967641
trec-covid,hamming_cosine_float,Hamming + Cosine (float),13,0,874.2814159486443
trec-covid,hamming_cosine_float,Hamming + Cosine (float),13,1,796.5780840022489
trec-covid,hamming_cosine_float,Hamming + Cosine (float),13,2,806.1397089622915
trec-covid,hamming_cosine_float,Hamming + Cosine (float),13,3,796.9036659924313
trec-covid,hamming_cosine_float,Hamming + Cosine (float),13,4,792.4862080253661
trec-covid,hamming_cosine_float,Hamming + Cosine (float),13,5,787.9759999923408
trec-covid,hamming_cosine_float,Hamming + Cosine (float),13,6,779.6971249626949
trec-covid,hamming_cosine_float,Hamming + Cosine (float),13,7,789.7830419242382
trec-covid,hamming_cosine_float,Hamming + Cosine (float),13,8,787.5994170317426
trec-covid,hamming_cosine_float,Hamming + Cosine (float),13,9,775.4029169445857
trec-covid,hamming_cosine_float,Hamming + Cosine (float),11,0,778.6981660174206
trec-covid,hamming_cosine_float,Hamming + Cosine (float),11,1,803.5963330185041
trec-covid,hamming_cosine_float,Hamming + Cosine (float),11,2,781.614042003639
trec-covid,hamming_cosine_float,Hamming + Cosine (float),11,3,819.1462500253692
trec-covid,hamming_cosine_float,Hamming + Cosine (float),11,4,829.1492079151794
trec-covid,hamming_cosine_float,Hamming + Cosine (float),11,5,826.3872920069844
trec-covid,hamming_cosine_float,Hamming + Cosine (float),11,6,889.1360000707209
trec-covid,hamming_cosine_float,Hamming + Cosine (float),11,7,803.1581660034135
trec-covid,hamming_cosine_float,Hamming + Cosine (float),11,8,790.4076249105856
trec-covid,hamming_cosine_float,Hamming + Cosine (float),11,9,791.649500024505
trec-covid,hamming_cosine_float,Hamming + Cosine (float),22,0,888.0772079573944
trec-covid,hamming_cosine_float,Hamming + Cosine (float),22,1,843.9319999888539
trec-covid,hamming_cosine_float,Hamming + Cosine (float),22,2,783.2396250450984
trec-covid,hamming_cosine_float,Hamming + Cosine (float),22,3,818.0999169126153
trec-covid,hamming_cosine_float,Hamming + Cosine (float),22,4,804.9565829569474
trec-covid,hamming_cosine_float,Hamming + Cosine (float),22,5,825.6506250472739
trec-covid,hamming_cosine_float,Hamming + Cosine (float),22,6,888.2072920678183
trec-covid,hamming_cosine_float,Hamming + Cosine (float),22,7,819.9188750004396
trec-covid,hamming_cosine_float,Hamming + Cosine (float),22,8,823.3287910697982
trec-covid,hamming_cosine_float,Hamming + Cosine (float),22,9,825.0001668930054
trec-covid,cosine_int8,Cosine (int8),41,0,989.4966250285506
trec-covid,cosine_int8,Cosine (int8),41,1,1004.5110420323908
trec-covid,cosine_int8,Cosine (int8),41,2,1120.1994160655886
trec-covid,cosine_int8,Cosine (int8),41,3,1022.2930000163615
trec-covid,cosine_int8,Cosine (int8),41,4,1033.7980419863015
trec-covid,cosine_int8,Cosine (int8),41,5,985.7597920345142
trec-covid,cosine_int8,Cosine (int8),41,6,982.9667910235003
trec-covid,cosine_int8,Cosine (int8),41,7,1070.4480001004413
trec-covid,cosine_int8,Cosine (int8),41,8,1164.6560829831287
trec-covid,cosine_int8,Cosine (int8),41,9,1013.2353340741247
trec-covid,cosine_int8,Cosine (int8),26,0,1047.4152080714703
trec-covid,cosine_int8,Cosine (int8),26,1,1049.612957984209
trec-covid,cosine_int8,Cosine (int8),26,2,1006.4432919025421
trec-covid,cosine_int8,Cosine (int8),26,3,976.4982499182224
trec-covid,cosine_int8,Cosine (int8),26,4,1035.0575000047684
trec-covid,cosine_int8,Cosine (int8),26,5,954.8724159831181
trec-covid,cosine_int8,Cosine (int8),26,6,970.8338330965489
trec-covid,cosine_int8,Cosine (int8),26,7,950.4784590099007
trec-covid,cosine_int8,Cosine (int8),26,8,954.6638750471175
trec-covid,cosine_int8,Cosine (int8),26,9,951.0969580151141
trec-covid,cosine_int8,Cosine (int8),46,0,943.7466660747305
trec-covid,cosine_int8,Cosine (int8),46,1,997.4047499708831
trec-covid,cosine_int8,Cosine (int8),46,2,969.5383330108598
trec-covid,cosine_int8,Cosine (int8),46,3,958.3359590033069
trec-covid,cosine_int8,Cosine (int8),46,4,1022.4379169521853
trec-covid,cosine_int8,Cosine (int8),46,5,1011.5974589716643
trec-covid,cosine_int8,Cosine (int8),46,6,994.5782499853522
trec-covid,cosine_int8,Cosine (int8),46,7,967.5663340603933
trec-covid,cosine_int8,Cosine (int8),46,8,959.4002920202911
trec-covid,cosine_int8,Cosine (int8),46,9,1006.0504589928314
trec-covid,cosine_int8,Cosine (int8),45,0,964.9132080376148
trec-covid,cosine_int8,Cosine (int8),45,1,998.5737500246614
trec-covid,cosine_int8,Cosine (int8),45,2,1015.369875007309
trec-covid,cosine_int8,Cosine (int8),45,3,956.4954589586705
trec-covid,cosine_int8,Cosine (int8),45,4,946.2589579634368
trec-covid,cosine_int8,Cosine (int8),45,5,934.6097920788452
trec-covid,cosine_int8,Cosine (int8),45,6,941.047125030309
trec-covid,cosine_int8,Cosine (int8),45,7,966.483167023398
trec-covid,cosine_int8,Cosine (int8),45,8,945.4623749479651
trec-covid,cosine_int8,Cosine (int8),45,9,927.5149999884889
trec-covid,cosine_int8,Cosine (int8),30,0,928.6058750003576
trec-covid,cosine_int8,Cosine (int8),30,1,945.8997088950127
trec-covid,cosine_int8,Cosine (int8),30,2,940.6402909662575
trec-covid,cosine_int8,Cosine (int8),30,3,949.4014160009101
trec-covid,cosine_int8,Cosine (int8),30,4,1020.5916659906507
trec-covid,cosine_int8,Cosine (int8),30,5,956.4984999597073
trec-covid,cosine_int8,Cosine (int8),30,6,929.3692919891328
trec-covid,cosine_int8,Cosine (int8),30,7,934.0986250899732
trec-covid,cosine_int8,Cosine (int8),30,8,944.2634169245139
trec-covid,cosine_int8,Cosine (int8),30,9,923.7530840327963
trec-covid,cosine_int8,Cosine (int8),42,0,918.413084000349
trec-covid,cosine_int8,Cosine (int8),42,1,931.6749590216205
trec-covid,cosine_int8,Cosine (int8),42,2,910.9765420434996
trec-covid,cosine_int8,Cosine (int8),42,3,919.3663339829072
trec-covid,cosine_int8,Cosine (int8),42,4,910.1354579906911
trec-covid,cosine_int8,Cosine (int8),42,5,920.5484580015764
trec-covid,cosine_int8,Cosine (int8),42,6,906.0542499646544
trec-covid,cosine_int8,Cosine (int8),42,7,915.5893330462277
trec-covid,cosine_int8,Cosine (int8),42,8,910.7968750176951
trec-covid,cosine_int8,Cosine (int8),42,9,906.6592500312254
trec-covid,cosine_int8,Cosine (int8),20,0,911.5386670455337
trec-covid,cosine_int8,Cosine (int8),20,1,933.9585420675576
trec-covid,cosine_int8,Cosine (int8),20,2,908.2919169450179
trec-covid,cosine_int8,Cosine (int8),20,3,921.5875420486555
trec-covid,cosine_int8,Cosine (int8),20,4,907.4625419452786
trec-covid,cosine_int8,Cosine (int8),20,5,917.4880830105394
trec-covid,cosine_int8,Cosine (int8),20,6,909.8522500135005
trec-covid,cosine_int8,Cosine (int8),20,7,904.7179999761283
trec-covid,cosine_int8,Cosine (int8),20,8,916.540874983184
trec-covid,cosine_int8,Cosine (int8),20,9,909.8544169683009
trec-covid,cosine_int8,Cosine (int8),13,0,916.7223330587149
trec-covid,cosine_int8,Cosine (int8),13,1,931.7412079544738
trec-covid,cosine_int8,Cosine (int8),13,2,907.8327920287848
trec-covid,cosine_int8,Cosine (int8),13,3,922.9242081055418
trec-covid,cosine_int8,Cosine (int8),13,4,906.9865409983322
trec-covid,cosine_int8,Cosine (int8),13,5,911.9641249999404
trec-covid,cosine_int8,Cosine (int8),13,6,916.1961670033634
trec-covid,cosine_int8,Cosine (int8),13,7,909.0305829886347
trec-covid,cosine_int8,Cosine (int8),13,8,918.6354590347037
trec-covid,cosine_int8,Cosine (int8),13,9,905.6435410166159
trec-covid,cosine_int8,Cosine (int8),11,0,909.2966669704765
trec-covid,cosine_int8,Cosine (int8),11,1,930.3785000229254
trec-covid,cosine_int8,Cosine (int8),11,2,909.5138750271872
trec-covid,cosine_int8,Cosine (int8),11,3,954.6551670646295
trec-covid,cosine_int8,Cosine (int8),11,4,967.7935420768335
trec-covid,cosine_int8,Cosine (int8),11,5,958.5488750599325
trec-covid,cosine_int8,Cosine (int8),11,6,924.4609159650281
trec-covid,cosine_int8,Cosine (int8),11,7,911.6138750687242
trec-covid,cosine_int8,Cosine (int8),11,8,922.8907920187339
trec-covid,cosine_int8,Cosine (int8),11,9,932.4597500963137
trec-covid,cosine_int8,Cosine (int8),22,0,936.9539589388296
trec-covid,cosine_int8,Cosine (int8),22,1,955.0360420253128
trec-covid,cosine_int8,Cosine (int8),22,2,937.6543340040371
trec-covid,cosine_int8,Cosine (int8),22,3,936.3120830385014
trec-covid,cosine_int8,Cosine (int8),22,4,927.9210829408839
trec-covid,cosine_int8,Cosine (int8),22,5,1038.5221249889582
trec-covid,cosine_int8,Cosine (int8),22,6,984.9394579650834
trec-covid,cosine_int8,Cosine (int8),22,7,1040.7548330258578
trec-covid,cosine_int8,Cosine (int8),22,8,942.7995410514995
trec-covid,cosine_int8,Cosine (int8),22,9,929.3710419442505
trec-covid,cosine_int8_float,Cosine (int8) + Cosine (float),41,0,1692.4905841005966
trec-covid,cosine_int8_float,Cosine (int8) + Cosine (float),41,1,1714.5355419488624
trec-covid,cosine_int8_float,Cosine (int8) + Cosine (float),41,2,1741.7809170437977
trec-covid,cosine_int8_float,Cosine (int8) + Cosine (float),41,3,1661.3382919458672
trec-covid,cosine_int8_float,Cosine (int8) + Cosine (float),41,4,1845.208290964365
trec-covid,cosine_int8_float,Cosine (int8) + Cosine (float),41,5,1721.9692909857258
trec-covid,cosine_int8_float,Cosine (int8) + Cosine (float),41,6,1797.2747919848189
trec-covid,cosine_int8_float,Cosine (int8) + Cosine (float),41,7,1781.1756660230458
trec-covid,cosine_int8_float,Cosine (int8) + Cosine (float),41,8,1663.0054170964286
trec-covid,cosine_int8_float,Cosine (int8) + Cosine (float),41,9,1681.0895419912413
trec-covid,cosine_int8_float,Cosine (int8) + Cosine (float),26,0,1812.704083044082
trec-covid,cosine_int8_float,Cosine (int8) + Cosine (float),26,1,1788.0117499735206
trec-covid,cosine_int8_float,Cosine (int8) + Cosine (float),26,2,1777.322500012815
trec-covid,cosine_int8_float,Cosine (int8) + Cosine (float),26,3,1754.2883330024779
trec-covid,cosine_int8_float,Cosine (int8) + Cosine (float),26,4,1690.0819579605013
trec-covid,cosine_int8_float,Cosine (int8) + Cosine (float),26,5,1695.7531248917803
trec-covid,cosine_int8_float,Cosine (int8) + Cosine (float),26,6,1768.5214160010219
trec-covid,cosine_int8_float,Cosine (int8) + Cosine (float),26,7,1742.4118330236524
trec-covid,cosine_int8_float,Cosine (int8) + Cosine (float),26,8,1704.1582920355722
trec-covid,cosine_int8_float,Cosine (int8) + Cosine (float),26,9,1670.1275840168819
trec-covid,cosine_int8_float,Cosine (int8) + Cosine (float),46,0,1810.456792009063
trec-covid,cosine_int8_float,Cosine (int8) + Cosine (float),46,1,1746.0685420082882
trec-covid,cosine_int8_float,Cosine (int8) + Cosine (float),46,2,1803.3052920363843
trec-covid,cosine_int8_float,Cosine (int8) + Cosine (float),46,3,1820.2323330333456
trec-covid,cosine_int8_float,Cosine (int8) + Cosine (float),46,4,1846.9537500059232
trec-covid,cosine_int8_float,Cosine (int8) + Cosine (float),46,5,1780.5855000624433
trec-covid,cosine_int8_float,Cosine (int8) + Cosine (float),46,6,1835.5582091026008
trec-covid,cosine_int8_float,Cosine (int8) + Cosine (float),46,7,1825.6387499859557
trec-covid,cosine_int8_float,Cosine (int8) + Cosine (float),46,8,1769.545124960132
trec-covid,cosine_int8_float,Cosine (int8) + Cosine (float),46,9,1704.0194590808824
trec-covid,cosine_int8_float,Cosine (int8) + Cosine (float),45,0,1779.1445420589298
trec-covid,cosine_int8_float,Cosine (int8) + Cosine (float),45,1,1684.247083030641
trec-covid,cosine_int8_float,Cosine (int8) + Cosine (float),45,2,1665.2694169897586
trec-covid,cosine_int8_float,Cosine (int8) + Cosine (float),45,3,1667.2644999343902
trec-covid,cosine_int8_float,Cosine (int8) + Cosine (float),45,4,1664.575667004101
trec-covid,cosine_int8_float,Cosine (int8) + Cosine (float),45,5,1673.788416897878
trec-covid,cosine_int8_float,Cosine (int8) + Cosine (float),45,6,1697.1545829437673
trec-covid,cosine_int8_float,Cosine (int8) + Cosine (float),45,7,1695.3193750232458
trec-covid,cosine_int8_float,Cosine (int8) + Cosine (float),45,8,1854.33041700162
trec-covid,cosine_int8_float,Cosine (int8) + Cosine (float),45,9,1751.1215000413358
trec-covid,cosine_int8_float,Cosine (int8) + Cosine (float),30,0,1686.4175000227988
trec-covid,cosine_int8_float,Cosine (int8) + Cosine (float),30,1,1721.1168749490753
trec-covid,cosine_int8_float,Cosine (int8) + Cosine (float),30,2,1765.1479999767616
trec-covid,cosine_int8_float,Cosine (int8) + Cosine (float),30,3,1702.426292002201
trec-covid,cosine_int8_float,Cosine (int8) + Cosine (float),30,4,1677.7209580177441
trec-covid,cosine_int8_float,Cosine (int8) + Cosine (float),30,5,1701.6073750564829
trec-covid,cosine_int8_float,Cosine (int8) + Cosine (float),30,6,1753.3867090241984
trec-covid,cosine_int8_float,Cosine (int8) + Cosine (float),30,7,1814.9192919954658
trec-covid,cosine_int8_float,Cosine (int8) + Cosine (float),30,8,1686.9167078984901
trec-covid,cosine_int8_float,Cosine (int8) + Cosine (float),30,9,1654.7099170275033
trec-covid,cosine_int8_float,Cosine (int8) + Cosine (float),42,0,1749.5394999859855
trec-covid,cosine_int8_float,Cosine (int8) + Cosine (float),42,1,1825.7634579204023
trec-covid,cosine_int8_float,Cosine (int8) + Cosine (float),42,2,1679.6505419770256
trec-covid,cosine_int8_float,Cosine (int8) + Cosine (float),42,3,1706.2627500854433
trec-covid,cosine_int8_float,Cosine (int8) + Cosine (float),42,4,1824.6703749755397
trec-covid,cosine_int8_float,Cosine (int8) + Cosine (float),42,5,1726.961167063564
trec-covid,cosine_int8_float,Cosine (int8) + Cosine (float),42,6,1679.9802080495283
trec-covid,cosine_int8_float,Cosine (int8) + Cosine (float),42,7,1732.0771251106635
trec-covid,cosine_int8_float,Cosine (int8) + Cosine (float),42,8,1832.6659159502015
trec-covid,cosine_int8_float,Cosine (int8) + Cosine (float),42,9,1764.820082928054
trec-covid,cosine_int8_float,Cosine (int8) + Cosine (float),20,0,1754.5293750008568
trec-covid,cosine_int8_float,Cosine (int8) + Cosine (float),20,1,1774.2697909707204
trec-covid,cosine_int8_float,Cosine (int8) + Cosine (float),20,2,1788.0423750029877
trec-covid,cosine_int8_float,Cosine (int8) + Cosine (float),20,3,1721.9190830364823
trec-covid,cosine_int8_float,Cosine (int8) + Cosine (float),20,4,1737.939750077203
trec-covid,cosine_int8_float,Cosine (int8) + Cosine (float),20,5,1702.037916984409
trec-covid,cosine_int8_float,Cosine (int8) + Cosine (float),20,6,1721.2839999701828
trec-covid,cosine_int8_float,Cosine (int8) + Cosine (float),20,7,1691.2505829241127
trec-covid,cosine_int8_float,Cosine (int8) + Cosine (float),20,8,1953.3960830885917
trec-covid,cosine_int8_float,Cosine (int8) + Cosine (float),20,9,1847.1486659254879
trec-covid,cosine_int8_float,Cosine (int8) + Cosine (float),13,0,1675.1038340153173
trec-covid,cosine_int8_float,Cosine (int8) + Cosine (float),13,1,1664.2509159864858
trec-covid,cosine_int8_float,Cosine (int8) + Cosine (float),13,2,1715.9333329182118
trec-covid,cosine_int8_float,Cosine (int8) + Cosine (float),13,3,1800.5733749596402
trec-covid,cosine_int8_float,Cosine (int8) + Cosine (float),13,4,1810.0840840488672
trec-covid,cosine_int8_float,Cosine (int8) + Cosine (float),13,5,1701.7447500256822
trec-covid,cosine_int8_float,Cosine (int8) + Cosine (float),13,6,1660.2758340304717
trec-covid,cosine_int8_float,Cosine (int8) + Cosine (float),13,7,1746.8220830196515
trec-covid,cosine_int8_float,Cosine (int8) + Cosine (float),13,8,1796.0994590539485
trec-covid,cosine_int8_float,Cosine (int8) + Cosine (float),13,9,1691.6970829479396
trec-covid,cosine_int8_float,Cosine (int8) + Cosine (float),11,0,1762.9650000017136
trec-covid,cosine_int8_float,Cosine (int8) + Cosine (float),11,1,1802.5210419436917
trec-covid,cosine_int8_float,Cosine (int8) + Cosine (float),11,2,1813.099208055064
trec-covid,cosine_int8_float,Cosine (int8) + Cosine (float),11,3,1735.0116670131683
trec-covid,cosine_int8_float,Cosine (int8) + Cosine (float),11,4,1699.4961249874905
trec-covid,cosine_int8_float,Cosine (int8) + Cosine (float),11,5,1697.2827499266714
trec-covid,cosine_int8_float,Cosine (int8) + Cosine (float),11,6,1754.2631659889594
trec-covid,cosine_int8_float,Cosine (int8) + Cosine (float),11,7,1858.3885829430073
trec-covid,cosine_int8_float,Cosine (int8) + Cosine (float),11,8,1765.10983298067
trec-covid,cosine_int8_float,Cosine (int8) + Cosine (float),11,9,1687.3436250025406
trec-covid,cosine_int8_float,Cosine (int8) + Cosine (float),22,0,1705.8621250325814
trec-covid,cosine_int8_float,Cosine (int8) + Cosine (float),22,1,1845.0214579934254
trec-covid,cosine_int8_float,Cosine (int8) + Cosine (float),22,2,1872.9446249781176
trec-covid,cosine_int8_float,Cosine (int8) + Cosine (float),22,3,1766.4376669563353
trec-covid,cosine_int8_float,Cosine (int8) + Cosine (float),22,4,1788.8276249868795
trec-covid,cosine_int8_float,Cosine (int8) + Cosine (float),22,5,1776.336457929574
trec-covid,cosine_int8_float,Cosine (int8) + Cosine (float),22,6,1842.574708047323
trec-covid,cosine_int8_float,Cosine (int8) + Cosine (float),22,7,1765.7585000852123
trec-covid,cosine_int8_float,Cosine (int8) + Cosine (float),22,8,1718.5227090958506
trec-covid,cosine_int8_float,Cosine (int8) + Cosine (float),22,9,1746.3800420518965
trec-covid,cosine_float,Cosine (float),41,0,1608.5095000453293
trec-covid,cosine_float,Cosine (float),41,1,1562.645333004184
trec-covid,cosine_float,Cosine (float),41,2,1492.1286250464618
trec-covid,cosine_float,Cosine (float),41,3,1473.5581250861287
trec-covid,cosine_float,Cosine (float),41,4,1464.2538749612868
trec-covid,cosine_float,Cosine (float),41,5,1467.7260830067098
trec-covid,cosine_float,Cosine (float),41,6,1457.774290931411
trec-covid,cosine_float,Cosine (float),41,7,1460.930333007127
trec-covid,cosine_float,Cosine (float),41,8,1462.8551660571247
trec-covid,cosine_float,Cosine (float),41,9,1458.987999940291
trec-covid,cosine_float,Cosine (float),26,0,1474.979209015146
trec-covid,cosine_float,Cosine (float),26,1,1469.1443339688703
trec-covid,cosine_float,Cosine (float),26,2,1460.9830409754068
trec-covid,cosine_float,Cosine (float),26,3,1491.314832936041
trec-covid,cosine_float,Cosine (float),26,4,1491.5940419305116
trec-covid,cosine_float,Cosine (float),26,5,1682.4605000438169
trec-covid,cosine_float,Cosine (float),26,6,1554.4256250141189
trec-covid,cosine_float,Cosine (float),26,7,1584.4645829638466
trec-covid,cosine_float,Cosine (float),26,8,1608.9587500318885
trec-covid,cosine_float,Cosine (float),26,9,1627.7754160109907
trec-covid,cosine_float,Cosine (float),46,0,1611.6718749981374
trec-covid,cosine_float,Cosine (float),46,1,1546.7134170467034
trec-covid,cosine_float,Cosine (float),46,2,1568.5702919727191
trec-covid,cosine_float,Cosine (float),46,3,1494.7053750511259
trec-covid,cosine_float,Cosine (float),46,4,1547.351416083984
trec-covid,cosine_float,Cosine (float),46,5,1529.6486250590533
trec-covid,cosine_float,Cosine (float),46,6,1514.4116670126095
trec-covid,cosine_float,Cosine (float),46,7,1505.2303329575807
trec-covid,cosine_float,Cosine (float),46,8,1476.4110420364887
trec-covid,cosine_float,Cosine (float),46,9,1567.5182919949293
trec-covid,cosine_float,Cosine (float),45,0,1552.6105409953743
trec-covid,cosine_float,Cosine (float),45,1,1576.737083029002
trec-covid,cosine_float,Cosine (float),45,2,1833.6329169105738
trec-covid,cosine_float,Cosine (float),45,3,1622.428249916993
trec-covid,cosine_float,Cosine (float),45,4,1613.5614579543471
trec-covid,cosine_float,Cosine (float),45,5,1658.2799159223214
trec-covid,cosine_float,Cosine (float),45,6,1672.584917047061
trec-covid,cosine_float,Cosine (float),45,7,1595.1379580656067
trec-covid,cosine_float,Cosine (float),45,8,1607.0665830047801
trec-covid,cosine_float,Cosine (float),45,9,1565.8204579958692
trec-covid,cosine_float,Cosine (float),30,0,1708.1717080436647
trec-covid,cosine_float,Cosine (float),30,1,1583.8869590079412
trec-covid,cosine_float,Cosine (float),30,2,1597.2619999665767
trec-covid,cosine_float,Cosine (float),30,3,1521.5931660495698
trec-covid,cosine_float,Cosine (float),30,4,1509.1952920192853
trec-covid,cosine_float,Cosine (float),30,5,1489.1418749466538
trec-covid,cosine_float,Cosine (float),30,6,1497.6059169275686
trec-covid,cosine_float,Cosine (float),30,7,1489.004791015759
trec-covid,cosine_float,Cosine (float),30,8,1490.7498330576345
trec-covid,cosine_float,Cosine (float),30,9,1479.8400410218164
trec-covid,cosine_float,Cosine (float),42,0,1499.5748340152204
trec-covid,cosine_float,Cosine (float),42,1,1517.3733750125393
trec-covid,cosine_float,Cosine (float),42,2,1610.0369590567425
trec-covid,cosine_float,Cosine (float),42,3,1517.2429999802262
trec-covid,cosine_float,Cosine (float),42,4,1537.5548750162125
trec-covid,cosine_float,Cosine (float),42,5,1522.296458017081
trec-covid,cosine_float,Cosine (float),42,6,1534.5314169535413
trec-covid,cosine_float,Cosine (float),42,7,1518.6538330744952
trec-covid,cosine_float,Cosine (float),42,8,1512.3382909223437
trec-covid,cosine_float,Cosine (float),42,9,1498.0244169710204
trec-covid,cosine_float,Cosine (float),20,0,1538.1429579574615
trec-covid,cosine_float,Cosine (float),20,1,1523.4447920229286
trec-covid,cosine_float,Cosine (float),20,2,1520.8617500029504
trec-covid,cosine_float,Cosine (float),20,3,1541.623624972999
trec-covid,cosine_float,Cosine (float),20,4,1544.2894169827923
trec-covid,cosine_float,Cosine (float),20,5,1525.0855829799548
trec-covid,cosine_float,Cosine (float),20,6,1545.795707963407
trec-covid,cosine_float,Cosine (float),20,7,1624.9950830824673
trec-covid,cosine_float,Cosine (float),20,8,1580.3604579996318
trec-covid,cosine_float,Cosine (float),20,9,1544.8548749554902
trec-covid,cosine_float,Cosine (float),13,0,1665.7975409179926
trec-covid,cosine_float,Cosine (float),13,1,1634.596416959539
trec-covid,cosine_float,Cosine (float),13,2,1568.8313329592347
trec-covid,cosine_float,Cosine (float),13,3,1571.891542058438
trec-covid,cosine_float,Cosine (float),13,4,1538.7723329477012
trec-covid,cosine_float,Cosine (float),13,5,1554.1017909999937
trec-covid,cosine_float,Cosine (float),13,6,1539.5521250320598
trec-covid,cosine_float,Cosine (float),13,7,1675.0426250509918
trec-covid,cosine_float,Cosine (float),13,8,1526.3239580672234
trec-covid,cosine_float,Cosine (float),13,9,1556.3735000323504
trec-covid,cosine_float,Cosine (float),11,0,1509.9260830320418
trec-covid,cosine_float,Cosine (float),11,1,1596.6652079951018
trec-covid,cosine_float,Cosine (float),11,2,1677.974499994889
trec-covid,cosine_float,Cosine (float),11,3,1574.3246659403667
trec-covid,cosine_float,Cosine (float),11,4,1631.455000024289
trec-covid,cosine_float,Cosine (float),11,5,1543.8283340772614
trec-covid,cosine_float,Cosine (float),11,6,1587.8962910501286
trec-covid,cosine_float,Cosine (float),11,7,1568.8165420433506
trec-covid,cosine_float,Cosine (float),11,8,1526.0663330554962
trec-covid,cosine_float,Cosine (float),11,9,1586.2387500237674
trec-covid,cosine_float,Cosine (float),22,0,1523.6556250602007
trec-covid,cosine_float,Cosine (float),22,1,1589.3666669726372
trec-covid,cosine_float,Cosine (float),22,2,1531.308125006035
trec-covid,cosine_float,Cosine (float),22,3,1621.2882499676198
trec-covid,cosine_float,Cosine (float),22,4,1585.176583030261
trec-covid,cosine_float,Cosine (float),22,5,1619.7141670854762
trec-covid,cosine_float,Cosine (float),22,6,1672.8708749869838
trec-covid,cosine_float,Cosine (float),22,7,1544.1954999696463
trec-covid,cosine_float,Cosine (float),22,8,1668.78916695714
trec-covid,cosine_float,Cosine (float),22,9,1707.5525419786572
trec-covid,rrf_hamming,RRF (BM25 + Hamming),41,0,591.7887920513749
trec-covid,rrf_hamming,RRF (BM25 + Hamming),41,1,580.376666970551
trec-covid,rrf_hamming,RRF (BM25 + Hamming),41,2,578.7054579705
trec-covid,rrf_hamming,RRF (BM25 + Hamming),41,3,577.7166249463335
trec-covid,rrf_hamming,RRF (BM25 + Hamming),41,4,580.5239999899641
trec-covid,rrf_hamming,RRF (BM25 + Hamming),41,5,562.7589580835775
trec-covid,rrf_hamming,RRF (BM25 + Hamming),41,6,612.5699169933796
trec-covid,rrf_hamming,RRF (BM25 + Hamming),41,7,654.7075839480385
trec-covid,rrf_hamming,RRF (BM25 + Hamming),41,8,585.6069999281317
trec-covid,rrf_hamming,RRF (BM25 + Hamming),41,9,562.7343750093132
trec-covid,rrf_hamming,RRF (BM25 + Hamming),26,0,245.98770902957767
trec-covid,rrf_hamming,RRF (BM25 + Hamming),26,1,246.9912909436971
trec-covid,rrf_hamming,RRF (BM25 + Hamming),26,2,245.46720797661692
trec-covid,rrf_hamming,RRF (BM25 + Hamming),26,3,243.29908401705325
trec-covid,rrf_hamming,RRF (BM25 + Hamming),26,4,244.02858305256814
trec-covid,rrf_hamming,RRF (BM25 + Hamming),26,5,270.49616700969636
trec-covid,rrf_hamming,RRF (BM25 + Hamming),26,6,245.8015000447631
trec-covid,rrf_hamming,RRF (BM25 + Hamming),26,7,254.1184580186382
trec-covid,rrf_hamming,RRF (BM25 + Hamming),26,8,247.19058303162456
trec-covid,rrf_hamming,RRF (BM25 + Hamming),26,9,245.54808298125863
trec-covid,rrf_hamming,RRF (BM25 + Hamming),46,0,270.09254100266844
trec-covid,rrf_hamming,RRF (BM25 + Hamming),46,1,360.19445792771876
trec-covid,rrf_hamming,RRF (BM25 + Hamming),46,2,372.99458298366517
trec-covid,rrf_hamming,RRF (BM25 + Hamming),46,3,296.1722499458119
trec-covid,rrf_hamming,RRF (BM25 + Hamming),46,4,274.53749999403954
trec-covid,rrf_hamming,RRF (BM25 + Hamming),46,5,272.6253329310566
trec-covid,rrf_hamming,RRF (BM25 + Hamming),46,6,278.5243330290541
trec-covid,rrf_hamming,RRF (BM25 + Hamming),46,7,276.3034579111263
trec-covid,rrf_hamming,RRF (BM25 + Hamming),46,8,276.44537505693734
trec-covid,rrf_hamming,RRF (BM25 + Hamming),46,9,268.18745909258723
trec-covid,rrf_hamming,RRF (BM25 + Hamming),45,0,218.46766606904566
trec-covid,rrf_hamming,RRF (BM25 + Hamming),45,1,218.18537497892976
trec-covid,rrf_hamming,RRF (BM25 + Hamming),45,2,272.4010000238195
trec-covid,rrf_hamming,RRF (BM25 + Hamming),45,3,232.04899998381734
trec-covid,rrf_hamming,RRF (BM25 + Hamming),45,4,218.8455000286922
trec-covid,rrf_hamming,RRF (BM25 + Hamming),45,5,218.41712505556643
trec-covid,rrf_hamming,RRF (BM25 + Hamming),45,6,221.04395797941834
trec-covid,rrf_hamming,RRF (BM25 + Hamming),45,7,233.05079096462578
trec-covid,rrf_hamming,RRF (BM25 + Hamming),45,8,226.59191698767245
trec-covid,rrf_hamming,RRF (BM25 + Hamming),45,9,219.00458401069045
trec-covid,rrf_hamming,RRF (BM25 + Hamming),30,0,202.70704105496407
trec-covid,rrf_hamming,RRF (BM25 + Hamming),30,1,199.97241697274148
trec-covid,rrf_hamming,RRF (BM25 + Hamming),30,2,199.12037497851998
trec-covid,rrf_hamming,RRF (BM25 + Hamming),30,3,205.30712499748915
trec-covid,rrf_hamming,RRF (BM25 + Hamming),30,4,215.11270909104496
trec-covid,rrf_hamming,RRF (BM25 + Hamming),30,5,209.36750003602356
trec-covid,rrf_hamming,RRF (BM25 + Hamming),30,6,225.05804197862744
trec-covid,rrf_hamming,RRF (BM25 + Hamming),30,7,234.11691701039672
trec-covid,rrf_hamming,RRF (BM25 + Hamming),30,8,216.83645900338888
trec-covid,rrf_hamming,RRF (BM25 + Hamming),30,9,216.12541691865772
trec-covid,rrf_hamming,RRF (BM25 + Hamming),42,0,218.33466703537852
trec-covid,rrf_hamming,RRF (BM25 + Hamming),42,1,201.76779106259346
trec-covid,rrf_hamming,RRF (BM25 + Hamming),42,2,198.51379201281816
trec-covid,rrf_hamming,RRF (BM25 + Hamming),42,3,203.2858340535313
trec-covid,rrf_hamming,RRF (BM25 + Hamming),42,4,205.60495799873024
trec-covid,rrf_hamming,RRF (BM25 + Hamming),42,5,226.8124578986317
trec-covid,rrf_hamming,RRF (BM25 + Hamming),42,6,215.81879095174372
trec-covid,rrf_hamming,RRF (BM25 + Hamming),42,7,199.86720907036215
trec-covid,rrf_hamming,RRF (BM25 + Hamming),42,8,198.28591600526124
trec-covid,rrf_hamming,RRF (BM25 + Hamming),42,9,201.8363339593634
trec-covid,rrf_hamming,RRF (BM25 + Hamming),20,0,364.93074998725206
trec-covid,rrf_hamming,RRF (BM25 + Hamming),20,1,237.66900005284697
trec-covid,rrf_hamming,RRF (BM25 + Hamming),20,2,259.64491604827344
trec-covid,rrf_hamming,RRF (BM25 + Hamming),20,3,269.2304999800399
trec-covid,rrf_hamming,RRF (BM25 + Hamming),20,4,241.7551251128316
trec-covid,rrf_hamming,RRF (BM25 + Hamming),20,5,240.02204195130616
trec-covid,rrf_hamming,RRF (BM25 + Hamming),20,6,235.55029195267707
trec-covid,rrf_hamming,RRF (BM25 + Hamming),20,7,232.75741701945662
trec-covid,rrf_hamming,RRF (BM25 + Hamming),20,8,239.54916605725884
trec-covid,rrf_hamming,RRF (BM25 + Hamming),20,9,229.95312500279397
trec-covid,rrf_hamming,RRF (BM25 + Hamming),13,0,237.55683295894414
trec-covid,rrf_hamming,RRF (BM25 + Hamming),13,1,223.83487492334098
trec-covid,rrf_hamming,RRF (BM25 + Hamming),13,2,222.00183395761997
trec-covid,rrf_hamming,RRF (BM25 + Hamming),13,3,222.0293340506032
trec-covid,rrf_hamming,RRF (BM25 + Hamming),13,4,214.23191693611443
trec-covid,rrf_hamming,RRF (BM25 + Hamming),13,5,247.04516609199345
trec-covid,rrf_hamming,RRF (BM25 + Hamming),13,6,222.89533400908113
trec-covid,rrf_hamming,RRF (BM25 + Hamming),13,7,216.43304196186364
trec-covid,rrf_hamming,RRF (BM25 + Hamming),13,8,216.5485000004992
trec-covid,rrf_hamming,RRF (BM25 + Hamming),13,9,223.31074997782707
trec-covid,rrf_hamming,RRF (BM25 + Hamming),11,0,249.7887919889763
trec-covid,rrf_hamming,RRF (BM25 + Hamming),11,1,253.02991701755673
trec-covid,rrf_hamming,RRF (BM25 + Hamming),11,2,258.5156250279397
trec-covid,rrf_hamming,RRF (BM25 + Hamming),11,3,252.03308404888958
trec-covid,rrf_hamming,RRF (BM25 + Hamming),11,4,250.37958298344165
trec-covid,rrf_hamming,RRF (BM25 + Hamming),11,5,252.85862502641976
trec-covid,rrf_hamming,RRF (BM25 + Hamming),11,6,259.88008303102106
trec-covid,rrf_hamming,RRF (BM25 + Hamming),11,7,251.99845805764198
trec-covid,rrf_hamming,RRF (BM25 + Hamming),11,8,248.85079206433147
trec-covid,rrf_hamming,RRF (BM25 + Hamming),11,9,250.2320830244571
trec-covid,rrf_hamming,RRF (BM25 + Hamming),22,0,218.20945804938674
trec-covid,rrf_hamming,RRF (BM25 + Hamming),22,1,221.88691596966237
trec-covid,rrf_hamming,RRF (BM25 + Hamming),22,2,220.02400003839284
trec-covid,rrf_hamming,RRF (BM25 + Hamming),22,3,222.32599998824298
trec-covid,rrf_hamming,RRF (BM25 + Hamming),22,4,227.56991593632847
trec-covid,rrf_hamming,RRF (BM25 + Hamming),22,5,218.26041699387133
trec-covid,rrf_hamming,RRF (BM25 + Hamming),22,6,219.48450000490993
trec-covid,rrf_hamming,RRF (BM25 + Hamming),22,7,218.93983299378306
trec-covid,rrf_hamming,RRF (BM25 + Hamming),22,8,218.2368750218302
trec-covid,rrf_hamming,RRF (BM25 + Hamming),22,9,218.87687500566244
trec-covid,rrf_cosine_int8,RRF (BM25 + Cosine (int8)),41,0,1511.9929170468822
trec-covid,rrf_cosine_int8,RRF (BM25 + Cosine (int8)),41,1,1438.3497920352966
trec-covid,rrf_cosine_int8,RRF (BM25 + Cosine (int8)),41,2,1453.683666069992
trec-covid,rrf_cosine_int8,RRF (BM25 + Cosine (int8)),41,3,1447.2700000042096
trec-covid,rrf_cosine_int8,RRF (BM25 + Cosine (int8)),41,4,1451.8298329785466
trec-covid,rrf_cosine_int8,RRF (BM25 + Cosine (int8)),41,5,1478.3241250552237
trec-covid,rrf_cosine_int8,RRF (BM25 + Cosine (int8)),41,6,1506.23295805417
trec-covid,rrf_cosine_int8,RRF (BM25 + Cosine (int8)),41,7,1567.1539170434698
trec-covid,rrf_cosine_int8,RRF (BM25 + Cosine (int8)),41,8,1440.490458975546
trec-covid,rrf_cosine_int8,RRF (BM25 + Cosine (int8)),41,9,1447.9782909620553
trec-covid,rrf_cosine_int8,RRF (BM25 + Cosine (int8)),26,0,1120.6097910180688
trec-covid,rrf_cosine_int8,RRF (BM25 + Cosine (int8)),26,1,1123.6543339909986
trec-covid,rrf_cosine_int8,RRF (BM25 + Cosine (int8)),26,2,1109.2415420571342
trec-covid,rrf_cosine_int8,RRF (BM25 + Cosine (int8)),26,3,1122.321999981068
trec-covid,rrf_cosine_int8,RRF (BM25 + Cosine (int8)),26,4,1107.3277909308672
trec-covid,rrf_cosine_int8,RRF (BM25 + Cosine (int8)),26,5,1127.4925839388743
trec-covid,rrf_cosine_int8,RRF (BM25 + Cosine (int8)),26,6,1105.779166915454
trec-covid,rrf_cosine_int8,RRF (BM25 + Cosine (int8)),26,7,1113.2950419560075
trec-covid,rrf_cosine_int8,RRF (BM25 + Cosine (int8)),26,8,1120.0800000224262
trec-covid,rrf_cosine_int8,RRF (BM25 + Cosine (int8)),26,9,1118.3029590174556
trec-covid,rrf_cosine_int8,RRF (BM25 + Cosine (int8)),46,0,1258.1630420172587
trec-covid,rrf_cosine_int8,RRF (BM25 + Cosine (int8)),46,1,1192.7400829736143
trec-covid,rrf_cosine_int8,RRF (BM25 + Cosine (int8)),46,2,1208.6389999603853
trec-covid,rrf_cosine_int8,RRF (BM25 + Cosine (int8)),46,3,1184.976457967423
trec-covid,rrf_cosine_int8,RRF (BM25 + Cosine (int8)),46,4,1162.0857500238344
trec-covid,rrf_cosine_int8,RRF (BM25 + Cosine (int8)),46,5,1225.59529193677
trec-covid,rrf_cosine_int8,RRF (BM25 + Cosine (int8)),46,6,1140.517208026722
trec-covid,rrf_cosine_int8,RRF (BM25 + Cosine (int8)),46,7,1139.6952089853585
trec-covid,rrf_cosine_int8,RRF (BM25 + Cosine (int8)),46,8,1142.4097080016509
trec-covid,rrf_cosine_int8,RRF (BM25 + Cosine (int8)),46,9,1127.480208990164
trec-covid,rrf_cosine_int8,RRF (BM25 + Cosine (int8)),45,0,1118.3702499838546
trec-covid,rrf_cosine_int8,RRF (BM25 + Cosine (int8)),45,1,1251.3463749783114
trec-covid,rrf_cosine_int8,RRF (BM25 + Cosine (int8)),45,2,1154.2827918892726
trec-covid,rrf_cosine_int8,RRF (BM25 + Cosine (int8)),45,3,1134.1784170363098
trec-covid,rrf_cosine_int8,RRF (BM25 + Cosine (int8)),45,4,1172.769624972716
trec-covid,rrf_cosine_int8,RRF (BM25 + Cosine (int8)),45,5,1120.742166065611
trec-covid,rrf_cosine_int8,RRF (BM25 + Cosine (int8)),45,6,1092.2049169894308
trec-covid,rrf_cosine_int8,RRF (BM25 + Cosine (int8)),45,7,1083.9831250486895
trec-covid,rrf_cosine_int8,RRF (BM25 + Cosine (int8)),45,8,1084.1192910447717
trec-covid,rrf_cosine_int8,RRF (BM25 + Cosine (int8)),45,9,1170.1692499918863
trec-covid,rrf_cosine_int8,RRF (BM25 + Cosine (int8)),30,0,1148.6954169813544
trec-covid,rrf_cosine_int8,RRF (BM25 + Cosine (int8)),30,1,1143.3218750171363
trec-covid,rrf_cosine_int8,RRF (BM25 + Cosine (int8)),30,2,1103.9651670726016
trec-covid,rrf_cosine_int8,RRF (BM25 + Cosine (int8)),30,3,1069.6835000999272
trec-covid,rrf_cosine_int8,RRF (BM25 + Cosine (int8)),30,4,1131.6119160037488
trec-covid,rrf_cosine_int8,RRF (BM25 + Cosine (int8)),30,5,1117.2060000244528
trec-covid,rrf_cosine_int8,RRF (BM25 + Cosine (int8)),30,6,1108.1107079517096
trec-covid,rrf_cosine_int8,RRF (BM25 + Cosine (int8)),30,7,1271.8632080359384
trec-covid,rrf_cosine_int8,RRF (BM25 + Cosine (int8)),30,8,1250.8050000760704
trec-covid,rrf_cosine_int8,RRF (BM25 + Cosine (int8)),30,9,1170.0969999656081
trec-covid,rrf_cosine_int8,RRF (BM25 + Cosine (int8)),42,0,1124.5055409381166
trec-covid,rrf_cosine_int8,RRF (BM25 + Cosine (int8)),42,1,1068.1405409704894
trec-covid,rrf_cosine_int8,RRF (BM25 + Cosine (int8)),42,2,1088.7538749957457
trec-covid,rrf_cosine_int8,RRF (BM25 + Cosine (int8)),42,3,1065.1934589259326
trec-covid,rrf_cosine_int8,RRF (BM25 + Cosine (int8)),42,4,1218.7169579556212
trec-covid,rrf_cosine_int8,RRF (BM25 + Cosine (int8)),42,5,1198.5484579345211
trec-covid,rrf_cosine_int8,RRF (BM25 + Cosine (int8)),42,6,1151.8015409819782
trec-covid,rrf_cosine_int8,RRF (BM25 + Cosine (int8)),42,7,1099.486125051044
trec-covid,rrf_cosine_int8,RRF (BM25 + Cosine (int8)),42,8,1074.247166980058
trec-covid,rrf_cosine_int8,RRF (BM25 + Cosine (int8)),42,9,1098.0881249997765
trec-covid,rrf_cosine_int8,RRF (BM25 + Cosine (int8)),20,0,1173.568999976851
trec-covid,rrf_cosine_int8,RRF (BM25 + Cosine (int8)),20,1,1096.3370410026982
trec-covid,rrf_cosine_int8,RRF (BM25 + Cosine (int8)),20,2,1128.794249962084
trec-covid,rrf_cosine_int8,RRF (BM25 + Cosine (int8)),20,3,1289.6443330682814
trec-covid,rrf_cosine_int8,RRF (BM25 + Cosine (int8)),20,4,1208.6698340717703
trec-covid,rrf_cosine_int8,RRF (BM25 + Cosine (int8)),20,5,1170.385415898636
trec-covid,rrf_cosine_int8,RRF (BM25 + Cosine (int8)),20,6,1157.696499954909
trec-covid,rrf_cosine_int8,RRF (BM25 + Cosine (int8)),20,7,1112.4111249810085
trec-covid,rrf_cosine_int8,RRF (BM25 + Cosine (int8)),20,8,1094.2420420469716
trec-covid,rrf_cosine_int8,RRF (BM25 + Cosine (int8)),20,9,1114.9850420188159
trec-covid,rrf_cosine_int8,RRF (BM25 + Cosine (int8)),13,0,1138.8622500235215
trec-covid,rrf_cosine_int8,RRF (BM25 + Cosine (int8)),13,1,1252.4594590067863
trec-covid,rrf_cosine_int8,RRF (BM25 + Cosine (int8)),13,2,1107.8634159639478
trec-covid,rrf_cosine_int8,RRF (BM25 + Cosine (int8)),13,3,1110.4010000126436
trec-covid,rrf_cosine_int8,RRF (BM25 + Cosine (int8)),13,4,1157.9902910161763
trec-covid,rrf_cosine_int8,RRF (BM25 + Cosine (int8)),13,5,1115.035583032295
trec-covid,rrf_cosine_int8,RRF (BM25 + Cosine (int8)),13,6,1123.5114169539884
trec-covid,rrf_cosine_int8,RRF (BM25 + Cosine (int8)),13,7,1110.2423750562593
trec-covid,rrf_cosine_int8,RRF (BM25 + Cosine (int8)),13,8,1090.9935840172693
trec-covid,rrf_cosine_int8,RRF (BM25 + Cosine (int8)),13,9,1108.6715830024332
trec-covid,rrf_cosine_int8,RRF (BM25 + Cosine (int8)),11,0,1215.8387080999091
trec-covid,rrf_cosine_int8,RRF (BM25 + Cosine (int8)),11,1,1124.7788750333712
trec-covid,rrf_cosine_int8,RRF (BM25 + Cosine (int8)),11,2,1140.1329580694437
trec-covid,rrf_cosine_int8,RRF (BM25 + Cosine (int8)),11,3,1143.8956250203773
trec-covid,rrf_cosine_int8,RRF (BM25 + Cosine (int8)),11,4,1143.5253330273554
trec-covid,rrf_cosine_int8,RRF (BM25 + Cosine (int8)),11,5,1135.5291249928996
trec-covid,rrf_cosine_int8,RRF (BM25 + Cosine (int8)),11,6,1132.0511670783162
trec-covid,rrf_cosine_int8,RRF (BM25 + Cosine (int8)),11,7,1201.1365829966962
trec-covid,rrf_cosine_int8,RRF (BM25 + Cosine (int8)),11,8,1163.1653340300545
trec-covid,rrf_cosine_int8,RRF (BM25 + Cosine (int8)),11,9,1239.2292090225965
trec-covid,rrf_cosine_int8,RRF (BM25 + Cosine (int8)),22,0,1087.5053750351071
trec-covid,rrf_cosine_int8,RRF (BM25 + Cosine (int8)),22,1,1086.7365420563146
trec-covid,rrf_cosine_int8,RRF (BM25 + Cosine (int8)),22,2,1082.7607089886442
trec-covid,rrf_cosine_int8,RRF (BM25 + Cosine (int8)),22,3,1087.7232080092654
trec-covid,rrf_cosine_int8,RRF (BM25 + Cosine (int8)),22,4,1076.166542014107
trec-covid,rrf_cosine_int8,RRF (BM25 + Cosine (int8)),22,5,1091.3853750098497
trec-covid,rrf_cosine_int8,RRF (BM25 + Cosine (int8)),22,6,1079.4637920334935
trec-covid,rrf_cosine_int8,RRF (BM25 + Cosine (int8)),22,7,1089.1407920280471
trec-covid,rrf_cosine_int8,RRF (BM25 + Cosine (int8)),22,8,1110.8022909611464
trec-covid,rrf_cosine_int8,RRF (BM25 + Cosine (int8)),22,9,1211.6455000359565
trec-covid,rrf_cosine_float,RRF (BM25 + Cosine (float)),41,0,1975.5316249793395
trec-covid,rrf_cosine_float,RRF (BM25 + Cosine (float)),41,1,1971.2205830728635
trec-covid,rrf_cosine_float,RRF (BM25 + Cosine (float)),41,2,2049.4746250333264
trec-covid,rrf_cosine_float,RRF (BM25 + Cosine (float)),41,3,2118.990416987799
trec-covid,rrf_cosine_float,RRF (BM25 + Cosine (float)),41,4,1970.2597499126568
trec-covid,rrf_cosine_float,RRF (BM25 + Cosine (float)),41,5,1963.0332499509677
trec-covid,rrf_cosine_float,RRF (BM25 + Cosine (float)),41,6,1964.1584999626502
trec-covid,rrf_cosine_float,RRF (BM25 + Cosine (float)),41,7,1970.725291990675
trec-covid,rrf_cosine_float,RRF (BM25 + Cosine (float)),41,8,1976.234083995223
trec-covid,rrf_cosine_float,RRF (BM25 + Cosine (float)),41,9,1945.7597919972613
trec-covid,rrf_cosine_float,RRF (BM25 + Cosine (float)),26,0,1627.076542004943
trec-covid,rrf_cosine_float,RRF (BM25 + Cosine (float)),26,1,1664.0289999777451
trec-covid,rrf_cosine_float,RRF (BM25 + Cosine (float)),26,2,1641.787667060271
trec-covid,rrf_cosine_float,RRF (BM25 + Cosine (float)),26,3,1639.7268750006333
trec-covid,rrf_cosine_float,RRF (BM25 + Cosine (float)),26,4,1636.4120409125462
trec-covid,rrf_cosine_float,RRF (BM25 + Cosine (float)),26,5,1637.2479998972267
trec-covid,rrf_cosine_float,RRF (BM25 + Cosine (float)),26,6,1636.6417499957606
trec-covid,rrf_cosine_float,RRF (BM25 + Cosine (float)),26,7,1660.642166971229
trec-covid,rrf_cosine_float,RRF (BM25 + Cosine (float)),26,8,1644.6758329402655
trec-covid,rrf_cosine_float,RRF (BM25 + Cosine (float)),26,9,1669.0159999998286
trec-covid,rrf_cosine_float,RRF (BM25 + Cosine (float)),46,0,2013.8511249097064
trec-covid,rrf_cosine_float,RRF (BM25 + Cosine (float)),46,1,1733.099624980241
trec-covid,rrf_cosine_float,RRF (BM25 + Cosine (float)),46,2,1749.9294170411304
trec-covid,rrf_cosine_float,RRF (BM25 + Cosine (float)),46,3,1803.7539159413427
trec-covid,rrf_cosine_float,RRF (BM25 + Cosine (float)),46,4,1803.6149999825284
trec-covid,rrf_cosine_float,RRF (BM25 + Cosine (float)),46,5,1756.3301660120487
trec-covid,rrf_cosine_float,RRF (BM25 + Cosine (float)),46,6,1869.8676250642166
trec-covid,rrf_cosine_float,RRF (BM25 + Cosine (float)),46,7,1862.5667919404805
trec-covid,rrf_cosine_float,RRF (BM25 + Cosine (float)),46,8,1823.3124170219526
trec-covid,rrf_cosine_float,RRF (BM25 + Cosine (float)),46,9,1844.954708009027
trec-covid,rrf_cosine_float,RRF (BM25 + Cosine (float)),45,0,1703.4539999440312
trec-covid,rrf_cosine_float,RRF (BM25 + Cosine (float)),45,1,1750.2561670262367
trec-covid,rrf_cosine_float,RRF (BM25 + Cosine (float)),45,2,1740.7261249609292
trec-covid,rrf_cosine_float,RRF (BM25 + Cosine (float)),45,3,1831.55387500301
trec-covid,rrf_cosine_float,RRF (BM25 + Cosine (float)),45,4,1785.5792499613017
trec-covid,rrf_cosine_float,RRF (BM25 + Cosine (float)),45,5,1693.982708035037
trec-covid,rrf_cosine_float,RRF (BM25 + Cosine (float)),45,6,1919.6147499606013
trec-covid,rrf_cosine_float,RRF (BM25 + Cosine (float)),45,7,1790.5427500372753
trec-covid,rrf_cosine_float,RRF (BM25 + Cosine (float)),45,8,1731.9882499286905
trec-covid,rrf_cosine_float,RRF (BM25 + Cosine (float)),45,9,1778.5186249529943
trec-covid,rrf_cosine_float,RRF (BM25 + Cosine (float)),30,0,1830.37212502677
trec-covid,rrf_cosine_float,RRF (BM25 + Cosine (float)),30,1,1830.778667004779
trec-covid,rrf_cosine_float,RRF (BM25 + Cosine (float)),30,2,1796.4352499693632
trec-covid,rrf_cosine_float,RRF (BM25 + Cosine (float)),30,3,1716.3646660046652
trec-covid,rrf_cosine_float,RRF (BM25 + Cosine (float)),30,4,1751.1073750210926
trec-covid,rrf_cosine_float,RRF (BM25 + Cosine (float)),30,5,1719.1014580894262
trec-covid,rrf_cosine_float,RRF (BM25 + Cosine (float)),30,6,1772.0933749806136
trec-covid,rrf_cosine_float,RRF (BM25 + Cosine (float)),30,7,1963.0142090609297
trec-covid,rrf_cosine_float,RRF (BM25 + Cosine (float)),30,8,1863.6194160208106
trec-covid,rrf_cosine_float,RRF (BM25 + Cosine (float)),30,9,1873.705541016534
trec-covid,rrf_cosine_float,RRF (BM25 + Cosine (float)),42,0,2220.8129999926314
trec-covid,rrf_cosine_float,RRF (BM25 + Cosine (float)),42,1,2380.25991700124
trec-covid,rrf_cosine_float,RRF (BM25 + Cosine (float)),42,2,2245.3835420310497
trec-covid,rrf_cosine_float,RRF (BM25 + Cosine (float)),42,3,2124.073916929774
trec-covid,rrf_cosine_float,RRF (BM25 + Cosine (float)),42,4,2127.984791994095
trec-covid,rrf_cosine_float,RRF (BM25 + Cosine (float)),42,5,2367.8479170193896
trec-covid,rrf_cosine_float,RRF (BM25 + Cosine (float)),42,6,2249.27133298479
trec-covid,rrf_cosine_float,RRF (BM25 + Cosine (float)),42,7,2283.0299170454964
trec-covid,rrf_cosine_float,RRF (BM25 + Cosine (float)),42,8,2551.705166930333
trec-covid,rrf_cosine_float,RRF (BM25 + Cosine (float)),42,9,2339.998499955982
trec-covid,rrf_cosine_float,RRF (BM25 + Cosine (float)),20,0,2301.167249912396
trec-covid,rrf_cosine_float,RRF (BM25 + Cosine (float)),20,1,2462.9090829985216
trec-covid,rrf_cosine_float,RRF (BM25 + Cosine (float)),20,2,2667.3002500319853
trec-covid,rrf_cosine_float,RRF (BM25 + Cosine (float)),20,3,2842.068374971859
trec-covid,rrf_cosine_float,RRF (BM25 + Cosine (float)),20,4,2880.489083006978
trec-covid,rrf_cosine_float,RRF (BM25 + Cosine (float)),20,5,2711.3596668932587
trec-covid,rrf_cosine_float,RRF (BM25 + Cosine (float)),20,6,2857.2547920048237
trec-covid,rrf_cosine_float,RRF (BM25 + Cosine (float)),20,7,2735.4489169083536
trec-covid,rrf_cosine_float,RRF (BM25 + Cosine (float)),20,8,2751.273291069083
trec-covid,rrf_cosine_float,RRF (BM25 + Cosine (float)),20,9,2764.477583114058
trec-covid,rrf_cosine_float,RRF (BM25 + Cosine (float)),13,0,2757.807999965735
trec-covid,rrf_cosine_float,RRF (BM25 + Cosine (float)),13,1,2861.569165950641
trec-covid,rrf_cosine_float,RRF (BM25 + Cosine (float)),13,2,2657.6151670888066
trec-covid,rrf_cosine_float,RRF (BM25 + Cosine (float)),13,3,2674.8322079656646
trec-covid,rrf_cosine_float,RRF (BM25 + Cosine (float)),13,4,2660.751499934122
trec-covid,rrf_cosine_float,RRF (BM25 + Cosine (float)),13,5,2694.3775420077145
trec-covid,rrf_cosine_float,RRF (BM25 + Cosine (float)),13,6,2543.885290971957
trec-covid,rrf_cosine_float,RRF (BM25 + Cosine (float)),13,7,2262.8740000072867
trec-covid,rrf_cosine_float,RRF (BM25 + Cosine (float)),13,8,2535.3946670657024
trec-covid,rrf_cosine_float,RRF (BM25 + Cosine (float)),13,9,2350.4652089904994
trec-covid,rrf_cosine_float,RRF (BM25 + Cosine (float)),11,0,2148.2197500299662
trec-covid,rrf_cosine_float,RRF (BM25 + Cosine (float)),11,1,2198.9944169763476
trec-covid,rrf_cosine_float,RRF (BM25 + Cosine (float)),11,2,6197.447041980922
trec-covid,rrf_cosine_float,RRF (BM25 + Cosine (float)),11,3,2931.2885000836104
trec-covid,rrf_cosine_float,RRF (BM25 + Cosine (float)),11,4,2193.9882920123637
trec-covid,rrf_cosine_float,RRF (BM25 + Cosine (float)),11,5,2370.716250035912
trec-covid,rrf_cosine_float,RRF (BM25 + Cosine (float)),11,6,2329.2851250153035
trec-covid,rrf_cosine_float,RRF (BM25 + Cosine (float)),11,7,2187.7187499776483
trec-covid,rrf_cosine_float,RRF (BM25 + Cosine (float)),11,8,2589.3002080265433
trec-covid,rrf_cosine_float,RRF (BM25 + Cosine (float)),11,9,2660.0076250033453
trec-covid,rrf_cosine_float,RRF (BM25 + Cosine (float)),22,0,2290.915874997154
trec-covid,rrf_cosine_float,RRF (BM25 + Cosine (float)),22,1,2244.616457959637
trec-covid,rrf_cosine_float,RRF (BM25 + Cosine (float)),22,2,2208.061540964991
trec-covid,rrf_cosine_float,RRF (BM25 + Cosine (float)),22,3,2164.5007499027997
trec-covid,rrf_cosine_float,RRF (BM25 + Cosine (float)),22,4,2267.832250101492
trec-covid,rrf_cosine_float,RRF (BM25 + Cosine (float)),22,5,2201.9279580563307
trec-covid,rrf_cosine_float,RRF (BM25 + Cosine (float)),22,6,2416.2554589565843
trec-covid,rrf_cosine_float,RRF (BM25 + Cosine (float)),22,7,2861.8612920399755
trec-covid,rrf_cosine_float,RRF (BM25 + Cosine (float)),22,8,2499.3698339676484
trec-covid,rrf_cosine_float,RRF (BM25 + Cosine (float)),22,9,2198.0467080138624
webis-touche2020,bm25,BM25,27,0,433.0097499769181
webis-touche2020,bm25,BM25,27,1,473.3085409970954
webis-touche2020,bm25,BM25,27,2,515.7704580342397
webis-touche2020,bm25,BM25,27,3,529.3397089699283
webis-touche2020,bm25,BM25,27,4,726.1650000000373
webis-touche2020,bm25,BM25,27,5,477.20629104878753
webis-touche2020,bm25,BM25,27,6,407.3754999553785
webis-touche2020,bm25,BM25,27,7,411.2519579939544
webis-touche2020,bm25,BM25,27,8,403.9510840084404
webis-touche2020,bm25,BM25,27,9,400.42162500321865
webis-touche2020,bm25,BM25,14,0,434.3163340818137
webis-touche2020,bm25,BM25,14,1,383.85437498800457
webis-touche2020,bm25,BM25,14,2,336.55387500766665
webis-touche2020,bm25,BM25,14,3,335.8526669908315
webis-touche2020,bm25,BM25,14,4,335.4490411002189
webis-touche2020,bm25,BM25,14,5,369.3293750984594
webis-touche2020,bm25,BM25,14,6,378.4303331049159
webis-touche2020,bm25,BM25,14,7,345.9027500357479
webis-touche2020,bm25,BM25,14,8,468.18583307322115
webis-touche2020,bm25,BM25,14,9,347.10483404342085
webis-touche2020,bm25,BM25,22,0,1089.373458060436
webis-touche2020,bm25,BM25,22,1,1152.860666043125
webis-touche2020,bm25,BM25,22,2,1061.6358330007643
webis-touche2020,bm25,BM25,22,3,1084.3681249534711
webis-touche2020,bm25,BM25,22,4,1219.3994999397546
webis-touche2020,bm25,BM25,22,5,1137.3020829632878
webis-touche2020,bm25,BM25,22,6,1208.1548330606893
webis-touche2020,bm25,BM25,22,7,1284.9860420683399
webis-touche2020,bm25,BM25,22,8,1072.4142919061705
webis-touche2020,bm25,BM25,22,9,1072.308500064537
webis-touche2020,bm25,BM25,15,0,503.80583305377513
webis-touche2020,bm25,BM25,15,1,475.0207499600947
webis-touche2020,bm25,BM25,15,2,535.423209075816
webis-touche2020,bm25,BM25,15,3,464.7739169886336
webis-touche2020,bm25,BM25,15,4,489.9771249620244
webis-touche2020,bm25,BM25,15,5,483.70524996425956
webis-touche2020,bm25,BM25,15,6,478.1141671119258
webis-touche2020,bm25,BM25,15,7,556.1679169768468
webis-touche2020,bm25,BM25,15,8,509.3393750721589
webis-touche2020,bm25,BM25,15,9,514.5282499724999
webis-touche2020,bm25,BM25,32,0,482.5005419552326
webis-touche2020,bm25,BM25,32,1,434.14374999701977
webis-touche2020,bm25,BM25,32,2,451.56900002621114
webis-touche2020,bm25,BM25,32,3,417.87616594228894
webis-touche2020,bm25,BM25,32,4,459.5063750166446
webis-touche2020,bm25,BM25,32,5,405.0269580911845
webis-touche2020,bm25,BM25,32,6,418.46212500240654
webis-touche2020,bm25,BM25,32,7,432.55795899312943
webis-touche2020,bm25,BM25,32,8,526.3629580149427
webis-touche2020,bm25,BM25,32,9,428.7560830125585
webis-touche2020,bm25,BM25,26,0,146.49762504268438
webis-touche2020,bm25,BM25,26,1,174.0883750608191
webis-touche2020,bm25,BM25,26,2,177.18337499536574
webis-touche2020,bm25,BM25,26,3,173.07533393613994
webis-touche2020,bm25,BM25,26,4,170.93999998178333
webis-touche2020,bm25,BM25,26,5,143.67491600569338
webis-touche2020,bm25,BM25,26,6,141.5482918964699
webis-touche2020,bm25,BM25,26,7,141.16329106036574
webis-touche2020,bm25,BM25,26,8,142.49420899432153
webis-touche2020,bm25,BM25,26,9,146.69412502553314
webis-touche2020,bm25,BM25,37,0,289.4470830215141
webis-touche2020,bm25,BM25,37,1,314.0732500469312
webis-touche2020,bm25,BM25,37,2,290.16387497540563
webis-touche2020,bm25,BM25,37,3,259.09691606648266
webis-touche2020,bm25,BM25,37,4,268.7734999926761
webis-touche2020,bm25,BM25,37,5,271.6874999459833
webis-touche2020,bm25,BM25,37,6,272.2807910759002
webis-touche2020,bm25,BM25,37,7,258.4078339859843
webis-touche2020,bm25,BM25,37,8,259.22604207880795
webis-touche2020,bm25,BM25,37,9,268.5057090129703
webis-touche2020,bm25,BM25,47,0,385.9818750061095
webis-touche2020,bm25,BM25,47,1,337.81379100400954
webis-touche2020,bm25,BM25,47,2,249.93908393662423
webis-touche2020,bm25,BM25,47,3,266.6467080125585
webis-touche2020,bm25,BM25,47,4,317.70837504882365
webis-touche2020,bm25,BM25,47,5,285.1684580091387
webis-touche2020,bm25,BM25,47,6,274.126167059876
webis-touche2020,bm25,BM25,47,7,271.96608297526836
webis-touche2020,bm25,BM25,47,8,279.4482910539955
webis-touche2020,bm25,BM25,47,9,582.1922500617802
webis-touche2020,bm25,BM25,31,0,490.3524579713121
webis-touche2020,bm25,BM25,31,1,476.42637498211116
webis-touche2020,bm25,BM25,31,2,474.6380840661004
webis-touche2020,bm25,BM25,31,3,397.80583302490413
webis-touche2020,bm25,BM25,31,4,415.5400419840589
webis-touche2020,bm25,BM25,31,5,378.6637090379372
webis-touche2020,bm25,BM25,31,6,397.85199996549636
webis-touche2020,bm25,BM25,31,7,389.0397920040414
webis-touche2020,bm25,BM25,31,8,374.25629096105695
webis-touche2020,bm25,BM25,31,9,373.0157089885324
webis-touche2020,bm25,BM25,19,0,256.6494579659775
webis-touche2020,bm25,BM25,19,1,253.99266695603728
webis-touche2020,bm25,BM25,19,2,249.13345905952156
webis-touche2020,bm25,BM25,19,3,247.96925007831305
webis-touche2020,bm25,BM25,19,4,264.46287508588284
webis-touche2020,bm25,BM25,19,5,256.1503340257332
webis-touche2020,bm25,BM25,19,6,244.93637506384403
webis-touche2020,bm25,BM25,19,7,247.4470839370042
webis-touche2020,bm25,BM25,19,8,251.3181249378249
webis-touche2020,bm25,BM25,19,9,282.7145420014858
webis-touche2020,bm25_hamming,BM25 + Hamming,27,0,426.5138750197366
webis-touche2020,bm25_hamming,BM25 + Hamming,27,1,408.9017079677433
webis-touche2020,bm25_hamming,BM25 + Hamming,27,2,415.09179095737636
webis-touche2020,bm25_hamming,BM25 + Hamming,27,3,401.95274993311614
webis-touche2020,bm25_hamming,BM25 + Hamming,27,4,421.5415829094127
webis-touche2020,bm25_hamming,BM25 + Hamming,27,5,409.1286660404876
webis-touche2020,bm25_hamming,BM25 + Hamming,27,6,621.3131670374423
webis-touche2020,bm25_hamming,BM25 + Hamming,27,7,466.3783749565482
webis-touche2020,bm25_hamming,BM25 + Hamming,27,8,422.240125015378
webis-touche2020,bm25_hamming,BM25 + Hamming,27,9,408.31308299675584
webis-touche2020,bm25_hamming,BM25 + Hamming,14,0,401.156667037867
webis-touche2020,bm25_hamming,BM25 + Hamming,14,1,401.18312498088926
webis-touche2020,bm25_hamming,BM25 + Hamming,14,2,469.808500027284
webis-touche2020,bm25_hamming,BM25 + Hamming,14,3,588.706084061414
webis-touche2020,bm25_hamming,BM25 + Hamming,14,4,412.78354194946587
webis-touche2020,bm25_hamming,BM25 + Hamming,14,5,401.9766669953242
webis-touche2020,bm25_hamming,BM25 + Hamming,14,6,387.6800830475986
webis-touche2020,bm25_hamming,BM25 + Hamming,14,7,404.43300001788884
webis-touche2020,bm25_hamming,BM25 + Hamming,14,8,467.1537500107661
webis-touche2020,bm25_hamming,BM25 + Hamming,14,9,406.41958301421255
webis-touche2020,bm25_hamming,BM25 + Hamming,22,0,1235.6265829876065
webis-touche2020,bm25_hamming,BM25 + Hamming,22,1,1147.5137090310454
webis-touche2020,bm25_hamming,BM25 + Hamming,22,2,1135.5366250500083
webis-touche2020,bm25_hamming,BM25 + Hamming,22,3,1257.6342079555616
webis-touche2020,bm25_hamming,BM25 + Hamming,22,4,1212.4157500220463
webis-touche2020,bm25_hamming,BM25 + Hamming,22,5,1156.9606250850484
webis-touche2020,bm25_hamming,BM25 + Hamming,22,6,1183.933167019859
webis-touche2020,bm25_hamming,BM25 + Hamming,22,7,1316.8834580574185
webis-touche2020,bm25_hamming,BM25 + Hamming,22,8,1179.957874934189
webis-touche2020,bm25_hamming,BM25 + Hamming,22,9,1125.3285410348326
webis-touche2020,bm25_hamming,BM25 + Hamming,15,0,593.0752919521183
webis-touche2020,bm25_hamming,BM25 + Hamming,15,1,520.8288340363652
webis-touche2020,bm25_hamming,BM25 + Hamming,15,2,511.8897919310257
webis-touche2020,bm25_hamming,BM25 + Hamming,15,3,713.6866670334712
webis-touche2020,bm25_hamming,BM25 + Hamming,15,4,633.506041020155
webis-touche2020,bm25_hamming,BM25 + Hamming,15,5,582.9623339232057
webis-touche2020,bm25_hamming,BM25 + Hamming,15,6,601.3905829750001
webis-touche2020,bm25_hamming,BM25 + Hamming,15,7,535.609291982837
webis-touche2020,bm25_hamming,BM25 + Hamming,15,8,572.4518750794232
webis-touche2020,bm25_hamming,BM25 + Hamming,15,9,791.013834066689
webis-touche2020,bm25_hamming,BM25 + Hamming,32,0,518.2376250158995
webis-touche2020,bm25_hamming,BM25 + Hamming,32,1,577.2942499024794
webis-touche2020,bm25_hamming,BM25 + Hamming,32,2,544.0378750208765
webis-touche2020,bm25_hamming,BM25 + Hamming,32,3,528.2919160090387
webis-touche2020,bm25_hamming,BM25 + Hamming,32,4,750.5464159185067
webis-touche2020,bm25_hamming,BM25 + Hamming,32,5,594.9726660037413
webis-touche2020,bm25_hamming,BM25 + Hamming,32,6,634.9951250012964
webis-touche2020,bm25_hamming,BM25 + Hamming,32,7,599.7897499473765
webis-touche2020,bm25_hamming,BM25 + Hamming,32,8,542.6276660291478
webis-touche2020,bm25_hamming,BM25 + Hamming,32,9,559.3685409985483
webis-touche2020,bm25_hamming,BM25 + Hamming,26,0,291.6960420552641
webis-touche2020,bm25_hamming,BM25 + Hamming,26,1,269.7039160411805
webis-touche2020,bm25_hamming,BM25 + Hamming,26,2,400.564374984242
webis-touche2020,bm25_hamming,BM25 + Hamming,26,3,268.070749938488
webis-touche2020,bm25_hamming,BM25 + Hamming,26,4,232.57141700014472
webis-touche2020,bm25_hamming,BM25 + Hamming,26,5,244.4972499506548
webis-touche2020,bm25_hamming,BM25 + Hamming,26,6,244.99437503982335
webis-touche2020,bm25_hamming,BM25 + Hamming,26,7,231.0612500878051
webis-touche2020,bm25_hamming,BM25 + Hamming,26,8,233.3560410188511
webis-touche2020,bm25_hamming,BM25 + Hamming,26,9,231.76204203628004
webis-touche2020,bm25_hamming,BM25 + Hamming,37,0,505.8402919676155
webis-touche2020,bm25_hamming,BM25 + Hamming,37,1,411.85933304950595
webis-touche2020,bm25_hamming,BM25 + Hamming,37,2,599.2771669989452
webis-touche2020,bm25_hamming,BM25 + Hamming,37,3,389.26995801739395
webis-touche2020,bm25_hamming,BM25 + Hamming,37,4,368.2829999597743
webis-touche2020,bm25_hamming,BM25 + Hamming,37,5,416.79179202765226
webis-touche2020,bm25_hamming,BM25 + Hamming,37,6,420.33670796081424
webis-touche2020,bm25_hamming,BM25 + Hamming,37,7,399.30991700384766
webis-touche2020,bm25_hamming,BM25 + Hamming,37,8,381.28204201348126
webis-touche2020,bm25_hamming,BM25 + Hamming,37,9,437.97024991363287
webis-touche2020,bm25_hamming,BM25 + Hamming,47,0,360.6177089968696
webis-touche2020,bm25_hamming,BM25 + Hamming,47,1,549.291874980554
webis-touche2020,bm25_hamming,BM25 + Hamming,47,2,460.16112493816763
webis-touche2020,bm25_hamming,BM25 + Hamming,47,3,541.1262080306187
webis-touche2020,bm25_hamming,BM25 + Hamming,47,4,507.03924999106675
webis-touche2020,bm25_hamming,BM25 + Hamming,47,5,500.9374578949064
webis-touche2020,bm25_hamming,BM25 + Hamming,47,6,568.409041967243
webis-touche2020,bm25_hamming,BM25 + Hamming,47,7,547.1093750093132
webis-touche2020,bm25_hamming,BM25 + Hamming,47,8,489.2336670309305
webis-touche2020,bm25_hamming,BM25 + Hamming,47,9,604.5044999336824
webis-touche2020,bm25_hamming,BM25 + Hamming,31,0,482.26720897946507
webis-touche2020,bm25_hamming,BM25 + Hamming,31,1,460.17879201099277
webis-touche2020,bm25_hamming,BM25 + Hamming,31,2,459.19541688635945
webis-touche2020,bm25_hamming,BM25 + Hamming,31,3,471.807291964069
webis-touche2020,bm25_hamming,BM25 + Hamming,31,4,475.99870793055743
webis-touche2020,bm25_hamming,BM25 + Hamming,31,5,482.891708961688
webis-touche2020,bm25_hamming,BM25 + Hamming,31,6,482.9419580055401
webis-touche2020,bm25_hamming,BM25 + Hamming,31,7,720.9954590070993
webis-touche2020,bm25_hamming,BM25 + Hamming,31,8,458.1175839994103
webis-touche2020,bm25_hamming,BM25 + Hamming,31,9,449.6102500706911
webis-touche2020,bm25_hamming,BM25 + Hamming,19,0,334.89895798265934
webis-touche2020,bm25_hamming,BM25 + Hamming,19,1,343.9509170129895
webis-touche2020,bm25_hamming,BM25 + Hamming,19,2,342.20320906024426
webis-touche2020,bm25_hamming,BM25 + Hamming,19,3,371.88450002577156
webis-touche2020,bm25_hamming,BM25 + Hamming,19,4,413.1405840162188
webis-touche2020,bm25_hamming,BM25 + Hamming,19,5,389.5931669976562
webis-touche2020,bm25_hamming,BM25 + Hamming,19,6,482.35325003042817
webis-touche2020,bm25_hamming,BM25 + Hamming,19,7,543.2217500638217
webis-touche2020,bm25_hamming,BM25 + Hamming,19,8,579.4664999702945
webis-touche2020,bm25_hamming,BM25 + Hamming,19,9,362.35270800534636
webis-touche2020,bm25_cosine_int8,BM25 + Cosine (int8),27,0,1063.1222910014912
webis-touche2020,bm25_cosine_int8,BM25 + Cosine (int8),27,1,794.1486249910668
webis-touche2020,bm25_cosine_int8,BM25 + Cosine (int8),27,2,811.1371248960495
webis-touche2020,bm25_cosine_int8,BM25 + Cosine (int8),27,3,775.2985000843182
webis-touche2020,bm25_cosine_int8,BM25 + Cosine (int8),27,4,845.5729590496048
webis-touche2020,bm25_cosine_int8,BM25 + Cosine (int8),27,5,1028.5055830609053
webis-touche2020,bm25_cosine_int8,BM25 + Cosine (int8),27,6,817.420499981381
webis-touche2020,bm25_cosine_int8,BM25 + Cosine (int8),27,7,791.182833025232
webis-touche2020,bm25_cosine_int8,BM25 + Cosine (int8),27,8,805.8564169332385
webis-touche2020,bm25_cosine_int8,BM25 + Cosine (int8),27,9,999.5193330105394
webis-touche2020,bm25_cosine_int8,BM25 + Cosine (int8),14,0,791.8295419076458
webis-touche2020,bm25_cosine_int8,BM25 + Cosine (int8),14,1,768.1089999387041
webis-touche2020,bm25_cosine_int8,BM25 + Cosine (int8),14,2,848.2760839397088
webis-touche2020,bm25_cosine_int8,BM25 + Cosine (int8),14,3,935.1434999844059
webis-touche2020,bm25_cosine_int8,BM25 + Cosine (int8),14,4,779.5894580194727
webis-touche2020,bm25_cosine_int8,BM25 + Cosine (int8),14,5,795.6471249926835
webis-touche2020,bm25_cosine_int8,BM25 + Cosine (int8),14,6,800.0467090168968
webis-touche2020,bm25_cosine_int8,BM25 + Cosine (int8),14,7,945.9528749575838
webis-touche2020,bm25_cosine_int8,BM25 + Cosine (int8),14,8,936.9351669447497
webis-touche2020,bm25_cosine_int8,BM25 + Cosine (int8),14,9,734.0172909898683
webis-touche2020,bm25_cosine_int8,BM25 + Cosine (int8),22,0,1699.674833100289
webis-touche2020,bm25_cosine_int8,BM25 + Cosine (int8),22,1,1606.0186250833794
webis-touche2020,bm25_cosine_int8,BM25 + Cosine (int8),22,2,1564.426040975377
webis-touche2020,bm25_cosine_int8,BM25 + Cosine (int8),22,3,1444.5028329500929
webis-touche2020,bm25_cosine_int8,BM25 + Cosine (int8),22,4,1518.3553339447826
webis-touche2020,bm25_cosine_int8,BM25 + Cosine (int8),22,5,1743.0760830175132
webis-touche2020,bm25_cosine_int8,BM25 + Cosine (int8),22,6,1541.1089590052143
webis-touche2020,bm25_cosine_int8,BM25 + Cosine (int8),22,7,1518.7370410421863
webis-touche2020,bm25_cosine_int8,BM25 + Cosine (int8),22,8,1493.347250041552
webis-touche2020,bm25_cosine_int8,BM25 + Cosine (int8),22,9,1530.4524169769138
webis-touche2020,bm25_cosine_int8,BM25 + Cosine (int8),15,0,992.3316660569981
webis-touche2020,bm25_cosine_int8,BM25 + Cosine (int8),15,1,1036.3499170634896
webis-touche2020,bm25_cosine_int8,BM25 + Cosine (int8),15,2,1191.0340420436114
webis-touche2020,bm25_cosine_int8,BM25 + Cosine (int8),15,3,1007.8115409705788
webis-touche2020,bm25_cosine_int8,BM25 + Cosine (int8),15,4,908.4800420096144
webis-touche2020,bm25_cosine_int8,BM25 + Cosine (int8),15,5,1116.7824580334127
webis-touche2020,bm25_cosine_int8,BM25 + Cosine (int8),15,6,1177.6369590079412
webis-touche2020,bm25_cosine_int8,BM25 + Cosine (int8),15,7,1014.357874984853
webis-touche2020,bm25_cosine_int8,BM25 + Cosine (int8),15,8,1123.5577079933137
webis-touche2020,bm25_cosine_int8,BM25 + Cosine (int8),15,9,1108.6532500339672
webis-touche2020,bm25_cosine_int8,BM25 + Cosine (int8),32,0,1071.5682079317048
webis-touche2020,bm25_cosine_int8,BM25 + Cosine (int8),32,1,1218.9863750245422
webis-touche2020,bm25_cosine_int8,BM25 + Cosine (int8),32,2,1091.191416955553
webis-touche2020,bm25_cosine_int8,BM25 + Cosine (int8),32,3,1294.6859590010718
webis-touche2020,bm25_cosine_int8,BM25 + Cosine (int8),32,4,1007.6174169080332
webis-touche2020,bm25_cosine_int8,BM25 + Cosine (int8),32,5,1027.3279590765014
webis-touche2020,bm25_cosine_int8,BM25 + Cosine (int8),32,6,1226.2090420117602
webis-touche2020,bm25_cosine_int8,BM25 + Cosine (int8),32,7,971.8482500175014
webis-touche2020,bm25_cosine_int8,BM25 + Cosine (int8),32,8,1183.1103339791298
webis-touche2020,bm25_cosine_int8,BM25 + Cosine (int8),32,9,1011.0629169503227
webis-touche2020,bm25_cosine_int8,BM25 + Cosine (int8),26,0,881.6722080809996
webis-touche2020,bm25_cosine_int8,BM25 + Cosine (int8),26,1,576.9168749684468
webis-touche2020,bm25_cosine_int8,BM25 + Cosine (int8),26,2,639.0459580579773
webis-touche2020,bm25_cosine_int8,BM25 + Cosine (int8),26,3,574.6231660014018
webis-touche2020,bm25_cosine_int8,BM25 + Cosine (int8),26,4,582.2199160465971
webis-touche2020,bm25_cosine_int8,BM25 + Cosine (int8),26,5,605.1806670147926
webis-touche2020,bm25_cosine_int8,BM25 + Cosine (int8),26,6,652.4781250627711
webis-touche2020,bm25_cosine_int8,BM25 + Cosine (int8),26,7,697.2090840572491
webis-touche2020,bm25_cosine_int8,BM25 + Cosine (int8),26,8,725.0853750156239
webis-touche2020,bm25_cosine_int8,BM25 + Cosine (int8),26,9,549.1261669667438
webis-touche2020,bm25_cosine_int8,BM25 + Cosine (int8),37,0,778.3833750290796
webis-touche2020,bm25_cosine_int8,BM25 + Cosine (int8),37,1,708.0534580163658
webis-touche2020,bm25_cosine_int8,BM25 + Cosine (int8),37,2,810.2945829741657
webis-touche2020,bm25_cosine_int8,BM25 + Cosine (int8),37,3,942.3645419301465
webis-touche2020,bm25_cosine_int8,BM25 + Cosine (int8),37,4,718.1642500218004
webis-touche2020,bm25_cosine_int8,BM25 + Cosine (int8),37,5,829.4629160081968
webis-touche2020,bm25_cosine_int8,BM25 + Cosine (int8),37,6,702.6160830864683
webis-touche2020,bm25_cosine_int8,BM25 + Cosine (int8),37,7,710.2804590249434
webis-touche2020,bm25_cosine_int8,BM25 + Cosine (int8),37,8,842.8704580292106
webis-touche2020,bm25_cosine_int8,BM25 + Cosine (int8),37,9,886.3106250064448
webis-touche2020,bm25_cosine_int8,BM25 + Cosine (int8),47,0,704.8362080240622
webis-touche2020,bm25_cosine_int8,BM25 + Cosine (int8),47,1,689.4770000362769
webis-touche2020,bm25_cosine_int8,BM25 + Cosine (int8),47,2,724.2257499601692
webis-touche2020,bm25_cosine_int8,BM25 + Cosine (int8),47,3,825.1667079748586
webis-touche2020,bm25_cosine_int8,BM25 + Cosine (int8),47,4,953.2818329753354
webis-touche2020,bm25_cosine_int8,BM25 + Cosine (int8),47,5,830.8205410139635
webis-touche2020,bm25_cosine_int8,BM25 + Cosine (int8),47,6,721.8448339262977
webis-touche2020,bm25_cosine_int8,BM25 + Cosine (int8),47,7,723.1333339586854
webis-touche2020,bm25_cosine_int8,BM25 + Cosine (int8),47,8,714.9824589723721
webis-touche2020,bm25_cosine_int8,BM25 + Cosine (int8),47,9,835.9544159611687
webis-touche2020,bm25_cosine_int8,BM25 + Cosine (int8),31,0,869.9170419713482
webis-touche2020,bm25_cosine_int8,BM25 + Cosine (int8),31,1,842.5613330909982
webis-touche2020,bm25_cosine_int8,BM25 + Cosine (int8),31,2,805.2739170379937
webis-touche2020,bm25_cosine_int8,BM25 + Cosine (int8),31,3,968.0408339481801
webis-touche2020,bm25_cosine_int8,BM25 + Cosine (int8),31,4,1041.8607089668512
webis-touche2020,bm25_cosine_int8,BM25 + Cosine (int8),31,5,898.7854999722913
webis-touche2020,bm25_cosine_int8,BM25 + Cosine (int8),31,6,813.145500025712
webis-touche2020,bm25_cosine_int8,BM25 + Cosine (int8),31,7,808.4239999298006
webis-touche2020,bm25_cosine_int8,BM25 + Cosine (int8),31,8,955.9504160424694
webis-touche2020,bm25_cosine_int8,BM25 + Cosine (int8),31,9,1004.8289579572156
webis-touche2020,bm25_cosine_int8,BM25 + Cosine (int8),19,0,757.9469160409644
webis-touche2020,bm25_cosine_int8,BM25 + Cosine (int8),19,1,706.7466250155121
webis-touche2020,bm25_cosine_int8,BM25 + Cosine (int8),19,2,700.0980840530246
webis-touche2020,bm25_cosine_int8,BM25 + Cosine (int8),19,3,842.428750009276
webis-touche2020,bm25_cosine_int8,BM25 + Cosine (int8),19,4,884.8116669105366
webis-touche2020,bm25_cosine_int8,BM25 + Cosine (int8),19,5,754.473292035982
webis-touche2020,bm25_cosine_int8,BM25 + Cosine (int8),19,6,762.9650000017136
webis-touche2020,bm25_cosine_int8,BM25 + Cosine (int8),19,7,741.3055419456214
webis-touche2020,bm25_cosine_int8,BM25 + Cosine (int8),19,8,696.5487919514999
webis-touche2020,bm25_cosine_int8,BM25 + Cosine (int8),19,9,887.4695419799536
webis-touche2020,bm25_cosine_float,BM25 + Cosine (float),27,0,4624.811999965459
webis-touche2020,bm25_cosine_float,BM25 + Cosine (float),27,1,4424.839250044897
webis-touche2020,bm25_cosine_float,BM25 + Cosine (float),27,2,4181.214290903881
webis-touche2020,bm25_cosine_float,BM25 + Cosine (float),27,3,4508.209415944293
webis-touche2020,bm25_cosine_float,BM25 + Cosine (float),27,4,4251.034750021063
webis-touche2020,bm25_cosine_float,BM25 + Cosine (float),27,5,3905.126875033602
webis-touche2020,bm25_cosine_float,BM25 + Cosine (float),27,6,3387.5134580302984
webis-touche2020,bm25_cosine_float,BM25 + Cosine (float),27,7,2902.7351669501513
webis-touche2020,bm25_cosine_float,BM25 + Cosine (float),27,8,3614.2488749464974
webis-touche2020,bm25_cosine_float,BM25 + Cosine (float),27,9,3714.7727080155164
webis-touche2020,bm25_cosine_float,BM25 + Cosine (float),14,0,4362.68729204312
webis-touche2020,bm25_cosine_float,BM25 + Cosine (float),14,1,4390.968041028827
webis-touche2020,bm25_cosine_float,BM25 + Cosine (float),14,2,4345.6044170307
webis-touche2020,bm25_cosine_float,BM25 + Cosine (float),14,3,5812.969374936074
webis-touche2020,bm25_cosine_float,BM25 + Cosine (float),14,4,4574.853500002064
webis-touche2020,bm25_cosine_float,BM25 + Cosine (float),14,5,4294.40108302515
webis-touche2020,bm25_cosine_float,BM25 + Cosine (float),14,6,4343.812583014369
webis-touche2020,bm25_cosine_float,BM25 + Cosine (float),14,7,4406.812334083952
webis-touche2020,bm25_cosine_float,BM25 + Cosine (float),14,8,4448.090082965791
webis-touche2020,bm25_cosine_float,BM25 + Cosine (float),14,9,4545.884000021033
webis-touche2020,bm25_cosine_float,BM25 + Cosine (float),22,0,5349.1117500234395
webis-touche2020,bm25_cosine_float,BM25 + Cosine (float),22,1,4608.1898340489715
webis-touche2020,bm25_cosine_float,BM25 + Cosine (float),22,2,3957.965957932174
webis-touche2020,bm25_cosine_float,BM25 + Cosine (float),22,3,4127.830500015989
webis-touche2020,bm25_cosine_float,BM25 + Cosine (float),22,4,4888.822874985635
webis-touche2020,bm25_cosine_float,BM25 + Cosine (float),22,5,3676.601375103928
webis-touche2020,bm25_cosine_float,BM25 + Cosine (float),22,6,3598.5047499416396
webis-touche2020,bm25_cosine_float,BM25 + Cosine (float),22,7,4062.260332982987
webis-touche2020,bm25_cosine_float,BM25 + Cosine (float),22,8,4097.9185830801725
webis-touche2020,bm25_cosine_float,BM25 + Cosine (float),22,9,5095.270709018223
webis-touche2020,bm25_cosine_float,BM25 + Cosine (float),15,0,3315.5135000124574
webis-touche2020,bm25_cosine_float,BM25 + Cosine (float),15,1,4275.490666041151
webis-touche2020,bm25_cosine_float,BM25 + Cosine (float),15,2,4386.999750044197
webis-touche2020,bm25_cosine_float,BM25 + Cosine (float),15,3,4803.827791940421
webis-touche2020,bm25_cosine_float,BM25 + Cosine (float),15,4,4786.79095802363
webis-touche2020,bm25_cosine_float,BM25 + Cosine (float),15,5,4414.078666944988
webis-touche2020,bm25_cosine_float,BM25 + Cosine (float),15,6,4357.158959028311
webis-touche2020,bm25_cosine_float,BM25 + Cosine (float),15,7,4454.750083037652
webis-touche2020,bm25_cosine_float,BM25 + Cosine (float),15,8,5016.560917021707
webis-touche2020,bm25_cosine_float,BM25 + Cosine (float),15,9,4565.949458046816
webis-touche2020,bm25_cosine_float,BM25 + Cosine (float),32,0,4435.101500013843
webis-touche2020,bm25_cosine_float,BM25 + Cosine (float),32,1,4460.313374991529
webis-touche2020,bm25_cosine_float,BM25 + Cosine (float),32,2,4650.092458003201
webis-touche2020,bm25_cosine_float,BM25 + Cosine (float),32,3,4504.153458052315
webis-touche2020,bm25_cosine_float,BM25 + Cosine (float),32,4,4497.77770799119
webis-touche2020,bm25_cosine_float,BM25 + Cosine (float),32,5,4822.874000063166
webis-touche2020,bm25_cosine_float,BM25 + Cosine (float),32,6,4687.146000098437
webis-touche2020,bm25_cosine_float,BM25 + Cosine (float),32,7,4680.693582980894
webis-touche2020,bm25_cosine_float,BM25 + Cosine (float),32,8,4453.62341706641
webis-touche2020,bm25_cosine_float,BM25 + Cosine (float),32,9,4479.977458016947
webis-touche2020,bm25_cosine_float,BM25 + Cosine (float),26,0,4201.671291026287
webis-touche2020,bm25_cosine_float,BM25 + Cosine (float),26,1,4249.467291054316
webis-touche2020,bm25_cosine_float,BM25 + Cosine (float),26,2,4307.716375100426
webis-touche2020,bm25_cosine_float,BM25 + Cosine (float),26,3,4183.68366593495
webis-touche2020,bm25_cosine_float,BM25 + Cosine (float),26,4,3986.526583088562
webis-touche2020,bm25_cosine_float,BM25 + Cosine (float),26,5,2741.016749991104
webis-touche2020,bm25_cosine_float,BM25 + Cosine (float),26,6,2509.3654170632362
webis-touche2020,bm25_cosine_float,BM25 + Cosine (float),26,7,2693.21941700764
webis-touche2020,bm25_cosine_float,BM25 + Cosine (float),26,8,3714.949458022602
webis-touche2020,bm25_cosine_float,BM25 + Cosine (float),26,9,3066.7627500370145
webis-touche2020,bm25_cosine_float,BM25 + Cosine (float),37,0,3850.631791050546
webis-touche2020,bm25_cosine_float,BM25 + Cosine (float),37,1,2824.8236670624465
webis-touche2020,bm25_cosine_float,BM25 + Cosine (float),37,2,2704.440417001024
webis-touche2020,bm25_cosine_float,BM25 + Cosine (float),37,3,2951.5100829303265
webis-touche2020,bm25_cosine_float,BM25 + Cosine (float),37,4,2684.275500010699
webis-touche2020,bm25_cosine_float,BM25 + Cosine (float),37,5,2860.3430830407888
webis-touche2020,bm25_cosine_float,BM25 + Cosine (float),37,6,3364.914834033698
webis-touche2020,bm25_cosine_float,BM25 + Cosine (float),37,7,2867.5019999500364
webis-touche2020,bm25_cosine_float,BM25 + Cosine (float),37,8,2848.749249940738
webis-touche2020,bm25_cosine_float,BM25 + Cosine (float),37,9,3056.108959019184
webis-touche2020,bm25_cosine_float,BM25 + Cosine (float),47,0,3221.4354160241783
webis-touche2020,bm25_cosine_float,BM25 + Cosine (float),47,1,3823.1118749827147
webis-touche2020,bm25_cosine_float,BM25 + Cosine (float),47,2,3102.589457994327
webis-touche2020,bm25_cosine_float,BM25 + Cosine (float),47,3,3896.3356660678983
webis-touche2020,bm25_cosine_float,BM25 + Cosine (float),47,4,2872.964625013992
webis-touche2020,bm25_cosine_float,BM25 + Cosine (float),47,5,3945.7995409611613
webis-touche2020,bm25_cosine_float,BM25 + Cosine (float),47,6,2953.668750007637
webis-touche2020,bm25_cosine_float,BM25 + Cosine (float),47,7,2244.0835420275107
webis-touche2020,bm25_cosine_float,BM25 + Cosine (float),47,8,2315.0474169524387
webis-touche2020,bm25_cosine_float,BM25 + Cosine (float),47,9,2304.598500020802
webis-touche2020,bm25_cosine_float,BM25 + Cosine (float),31,0,2207.8212500782683
webis-touche2020,bm25_cosine_float,BM25 + Cosine (float),31,1,2204.7841250896454
webis-touche2020,bm25_cosine_float,BM25 + Cosine (float),31,2,2244.6440410567448
webis-touche2020,bm25_cosine_float,BM25 + Cosine (float),31,3,2265.2072500204667
webis-touche2020,bm25_cosine_float,BM25 + Cosine (float),31,4,2205.9665829874575
webis-touche2020,bm25_cosine_float,BM25 + Cosine (float),31,5,2213.879916933365
webis-touche2020,bm25_cosine_float,BM25 + Cosine (float),31,6,2463.9090000418946
webis-touche2020,bm25_cosine_float,BM25 + Cosine (float),31,7,4417.172457906418
webis-touche2020,bm25_cosine_float,BM25 + Cosine (float),31,8,3435.2261669700965
webis-touche2020,bm25_cosine_float,BM25 + Cosine (float),31,9,3656.984957982786
webis-touche2020,bm25_cosine_float,BM25 + Cosine (float),19,0,2234.471375006251
webis-touche2020,bm25_cosine_float,BM25 + Cosine (float),19,1,2110.988541971892
webis-touche2020,bm25_cosine_float,BM25 + Cosine (float),19,2,2269.9130419641733
webis-touche2020,bm25_cosine_float,BM25 + Cosine (float),19,3,2084.71041591838
webis-touche2020,bm25_cosine_float,BM25 + Cosine (float),19,4,2061.598500004038
webis-touche2020,bm25_cosine_float,BM25 + Cosine (float),19,5,2077.460250002332
webis-touche2020,bm25_cosine_float,BM25 + Cosine (float),19,6,2067.6517500542104
webis-touche2020,bm25_cosine_float,BM25 + Cosine (float),19,7,2086.9672499829903
webis-touche2020,bm25_cosine_float,BM25 + Cosine (float),19,8,2159.6530420938507
webis-touche2020,bm25_cosine_float,BM25 + Cosine (float),19,9,2192.1298330416903
webis-touche2020,hamming,Hamming,27,0,51.16691708099097
webis-touche2020,hamming,Hamming,27,1,56.42262496985495
webis-touche2020,hamming,Hamming,27,2,53.821666981093585
webis-touche2020,hamming,Hamming,27,3,52.772958064451814
webis-touche2020,hamming,Hamming,27,4,52.84266697708517
webis-touche2020,hamming,Hamming,27,5,52.86625004373491
webis-touche2020,hamming,Hamming,27,6,53.65800007712096
webis-touche2020,hamming,Hamming,27,7,60.46904099639505
webis-touche2020,hamming,Hamming,27,8,67.21645791549236
webis-touche2020,hamming,Hamming,27,9,52.82374995294958
webis-touche2020,hamming,Hamming,14,0,52.65333398710936
webis-touche2020,hamming,Hamming,14,1,52.605458069592714
webis-touche2020,hamming,Hamming,14,2,52.548040985129774
webis-touche2020,hamming,Hamming,14,3,52.61362495366484
webis-touche2020,hamming,Hamming,14,4,52.817750023677945
webis-touche2020,hamming,Hamming,14,5,52.577124908566475
webis-touche2020,hamming,Hamming,14,6,52.50324995722622
webis-touche2020,hamming,Hamming,14,7,52.56062501575798
webis-touche2020,hamming,Hamming,14,8,53.147624945268035
webis-touche2020,hamming,Hamming,14,9,52.720958017744124
webis-touche2020,hamming,Hamming,22,0,52.291749976575375
webis-touche2020,hamming,Hamming,22,1,52.36375005915761
webis-touche2020,hamming,Hamming,22,2,52.44687502272427
webis-touche2020,hamming,Hamming,22,3,63.85870894882828
webis-touche2020,hamming,Hamming,22,4,62.41179199423641
webis-touche2020,hamming,Hamming,22,5,52.66487505286932
webis-touche2020,hamming,Hamming,22,6,52.46916692703962
webis-touche2020,hamming,Hamming,22,7,52.533291978761554
webis-touche2020,hamming,Hamming,22,8,52.40837496239692
webis-touche2020,hamming,Hamming,22,9,52.734375
webis-touche2020,hamming,Hamming,15,0,76.22433395590633
webis-touche2020,hamming,Hamming,15,1,57.45454097632319
webis-touche2020,hamming,Hamming,15,2,52.957417094148695
webis-touche2020,hamming,Hamming,15,3,52.45512502733618
webis-touche2020,hamming,Hamming,15,4,52.50266601797193
webis-touche2020,hamming,Hamming,15,5,52.39375005476177
webis-touche2020,hamming,Hamming,15,6,52.45412501972169
webis-touche2020,hamming,Hamming,15,7,52.429125062189996
webis-touche2020,hamming,Hamming,15,8,52.463750005699694
webis-touche2020,hamming,Hamming,15,9,52.63691709842533
webis-touche2020,hamming,Hamming,32,0,52.319042035378516
webis-touche2020,hamming,Hamming,32,1,52.38908401224762
webis-touche2020,hamming,Hamming,32,2,52.970333956182
webis-touche2020,hamming,Hamming,32,3,54.40741695929319
webis-touche2020,hamming,Hamming,32,4,52.763166022486985
webis-touche2020,hamming,Hamming,32,5,52.57599998731166
webis-touche2020,hamming,Hamming,32,6,53.18233300931752
webis-touche2020,hamming,Hamming,32,7,52.64850007370114
webis-touche2020,hamming,Hamming,32,8,52.41200001910329
webis-touche2020,hamming,Hamming,32,9,52.26587492506951
webis-touche2020,hamming,Hamming,26,0,52.85758292302489
webis-touche2020,hamming,Hamming,26,1,54.42554200999439
webis-touche2020,hamming,Hamming,26,2,56.43016705289483
webis-touche2020,hamming,Hamming,26,3,52.89495794568211
webis-touche2020,hamming,Hamming,26,4,54.283250006847084
webis-touche2020,hamming,Hamming,26,5,52.78854095377028
webis-touche2020,hamming,Hamming,26,6,52.83679091371596
webis-touche2020,hamming,Hamming,26,7,52.64345894102007
webis-touche2020,hamming,Hamming,26,8,53.76375000923872
webis-touche2020,hamming,Hamming,26,9,63.33549995906651
webis-touche2020,hamming,Hamming,37,0,52.33058403246105
webis-touche2020,hamming,Hamming,37,1,52.32433299534023
webis-touche2020,hamming,Hamming,37,2,52.290291991084814
webis-touche2020,hamming,Hamming,37,3,52.35595803242177
webis-touche2020,hamming,Hamming,37,4,64.25241695251316
webis-touche2020,hamming,Hamming,37,5,57.20933305565268
webis-touche2020,hamming,Hamming,37,6,53.832959034480155
webis-touche2020,hamming,Hamming,37,7,52.449208102189004
webis-touche2020,hamming,Hamming,37,8,52.391416975297034
webis-touche2020,hamming,Hamming,37,9,52.43791698012501
webis-touche2020,hamming,Hamming,47,0,52.93004191480577
webis-touche2020,hamming,Hamming,47,1,52.599582937546074
webis-touche2020,hamming,Hamming,47,2,52.599624963477254
webis-touche2020,hamming,Hamming,47,3,52.77291708625853
webis-touche2020,hamming,Hamming,47,4,52.627666969783604
webis-touche2020,hamming,Hamming,47,5,52.783000050112605
webis-touche2020,hamming,Hamming,47,6,52.616292028687894
webis-touche2020,hamming,Hamming,47,7,52.53287497907877
webis-touche2020,hamming,Hamming,47,8,52.529417094774544
webis-touche2020,hamming,Hamming,47,9,52.626583026722074
webis-touche2020,hamming,Hamming,31,0,52.871332969516516
webis-touche2020,hamming,Hamming,31,1,52.33424995094538
webis-touche2020,hamming,Hamming,31,2,52.52299993298948
webis-touche2020,hamming,Hamming,31,3,52.30974999722093
webis-touche2020,hamming,Hamming,31,4,52.37870791461319
webis-touche2020,hamming,Hamming,31,5,52.61595803312957
webis-touche2020,hamming,Hamming,31,6,52.432708092965186
webis-touche2020,hamming,Hamming,31,7,52.62358300387859
webis-touche2020,hamming,Hamming,31,8,52.33824998140335
webis-touche2020,hamming,Hamming,31,9,52.39470792002976
webis-touche2020,hamming,Hamming,19,0,52.012542029842734
webis-touche2020,hamming,Hamming,19,1,51.623290986754
webis-touche2020,hamming,Hamming,19,2,52.12745792232454
webis-touche2020,hamming,Hamming,19,3,52.62045899871737
webis-touche2020,hamming,Hamming,19,4,51.9795409636572
webis-touche2020,hamming,Hamming,19,5,51.989124971441925
webis-touche2020,hamming,Hamming,19,6,51.82395805604756
webis-touche2020,hamming,Hamming,19,7,51.55904102139175
webis-touche2020,hamming,Hamming,19,8,51.93225003313273
webis-touche2020,hamming,Hamming,19,9,51.85450008139014
webis-touche2020,hamming_cosine_int8,Hamming + Cosine (int8),27,0,473.0943329632282
webis-touche2020,hamming_cosine_int8,Hamming + Cosine (int8),27,1,414.2680410295725
webis-touche2020,hamming_cosine_int8,Hamming + Cosine (int8),27,2,412.7791660139337
webis-touche2020,hamming_cosine_int8,Hamming + Cosine (int8),27,3,446.1912919068709
webis-touche2020,hamming_cosine_int8,Hamming + Cosine (int8),27,4,407.3760829633102
webis-touche2020,hamming_cosine_int8,Hamming + Cosine (int8),27,5,407.2807919001207
webis-touche2020,hamming_cosine_int8,Hamming + Cosine (int8),27,6,399.8182079521939
webis-touche2020,hamming_cosine_int8,Hamming + Cosine (int8),27,7,396.48212492465973
webis-touche2020,hamming_cosine_int8,Hamming + Cosine (int8),27,8,438.13958298414946
webis-touche2020,hamming_cosine_int8,Hamming + Cosine (int8),27,9,407.3302500182763
webis-touche2020,hamming_cosine_int8,Hamming + Cosine (int8),14,0,431.36066698934883
webis-touche2020,hamming_cosine_int8,Hamming + Cosine (int8),14,1,512.6409999793395
webis-touche2020,hamming_cosine_int8,Hamming + Cosine (int8),14,2,576.8102909205481
webis-touche2020,hamming_cosine_int8,Hamming + Cosine (int8),14,3,408.6197919677943
webis-touche2020,hamming_cosine_int8,Hamming + Cosine (int8),14,4,400.3043749835342
webis-touche2020,hamming_cosine_int8,Hamming + Cosine (int8),14,5,440.88116695638746
webis-touche2020,hamming_cosine_int8,Hamming + Cosine (int8),14,6,486.3389170495793
webis-touche2020,hamming_cosine_int8,Hamming + Cosine (int8),14,7,481.5619579749182
webis-touche2020,hamming_cosine_int8,Hamming + Cosine (int8),14,8,409.3307079747319
webis-touche2020,hamming_cosine_int8,Hamming + Cosine (int8),14,9,446.92124996799976
webis-touche2020,hamming_cosine_int8,Hamming + Cosine (int8),22,0,406.00783401168883
webis-touche2020,hamming_cosine_int8,Hamming + Cosine (int8),22,1,396.18879195768386
webis-touche2020,hamming_cosine_int8,Hamming + Cosine (int8),22,2,412.7784160664305
webis-touche2020,hamming_cosine_int8,Hamming + Cosine (int8),22,3,405.41279199533165
webis-touche2020,hamming_cosine_int8,Hamming + Cosine (int8),22,4,479.7363750403747
webis-touche2020,hamming_cosine_int8,Hamming + Cosine (int8),22,5,604.0050419978797
webis-touche2020,hamming_cosine_int8,Hamming + Cosine (int8),22,6,401.9784580450505
webis-touche2020,hamming_cosine_int8,Hamming + Cosine (int8),22,7,406.58275003079325
webis-touche2020,hamming_cosine_int8,Hamming + Cosine (int8),22,8,410.8906249748543
webis-touche2020,hamming_cosine_int8,Hamming + Cosine (int8),22,9,485.2377090137452
webis-touche2020,hamming_cosine_int8,Hamming + Cosine (int8),15,0,402.7352500706911
webis-touche2020,hamming_cosine_int8,Hamming + Cosine (int8),15,1,433.3970829611644
webis-touche2020,hamming_cosine_int8,Hamming + Cosine (int8),15,2,404.329749988392
webis-touche2020,hamming_cosine_int8,Hamming + Cosine (int8),15,3,426.3971670297906
webis-touche2020,hamming_cosine_int8,Hamming + Cosine (int8),15,4,404.14774999953806
webis-touche2020,hamming_cosine_int8,Hamming + Cosine (int8),15,5,433.1470839679241
webis-touche2020,hamming_cosine_int8,Hamming + Cosine (int8),15,6,458.49200000520796
webis-touche2020,hamming_cosine_int8,Hamming + Cosine (int8),15,7,448.2690419536084
webis-touche2020,hamming_cosine_int8,Hamming + Cosine (int8),15,8,678.9910420775414
webis-touche2020,hamming_cosine_int8,Hamming + Cosine (int8),15,9,430.945000029169
webis-touche2020,hamming_cosine_int8,Hamming + Cosine (int8),32,0,572.292958968319
webis-touche2020,hamming_cosine_int8,Hamming + Cosine (int8),32,1,531.9019589805976
webis-touche2020,hamming_cosine_int8,Hamming + Cosine (int8),32,2,402.10062509868294
webis-touche2020,hamming_cosine_int8,Hamming + Cosine (int8),32,3,417.51891700550914
webis-touche2020,hamming_cosine_int8,Hamming + Cosine (int8),32,4,405.7741250144318
webis-touche2020,hamming_cosine_int8,Hamming + Cosine (int8),32,5,481.72050004359335
webis-touche2020,hamming_cosine_int8,Hamming + Cosine (int8),32,6,402.3784169694409
webis-touche2020,hamming_cosine_int8,Hamming + Cosine (int8),32,7,401.7334580421448
webis-touche2020,hamming_cosine_int8,Hamming + Cosine (int8),32,8,430.4856250528246
webis-touche2020,hamming_cosine_int8,Hamming + Cosine (int8),32,9,564.878375036642
webis-touche2020,hamming_cosine_int8,Hamming + Cosine (int8),26,0,400.7712920429185
webis-touche2020,hamming_cosine_int8,Hamming + Cosine (int8),26,1,512.3524999944493
webis-touche2020,hamming_cosine_int8,Hamming + Cosine (int8),26,2,469.93812499567866
webis-touche2020,hamming_cosine_int8,Hamming + Cosine (int8),26,3,432.17258295044303
webis-touche2020,hamming_cosine_int8,Hamming + Cosine (int8),26,4,415.46320903580636
webis-touche2020,hamming_cosine_int8,Hamming + Cosine (int8),26,5,406.3200840028003
webis-touche2020,hamming_cosine_int8,Hamming + Cosine (int8),26,6,398.0590420542285
webis-touche2020,hamming_cosine_int8,Hamming + Cosine (int8),26,7,394.88687505945563
webis-touche2020,hamming_cosine_int8,Hamming + Cosine (int8),26,8,415.6578329857439
webis-touche2020,hamming_cosine_int8,Hamming + Cosine (int8),26,9,398.67770799901336
webis-touche2020,hamming_cosine_int8,Hamming + Cosine (int8),37,0,406.44770802464336
webis-touche2020,hamming_cosine_int8,Hamming + Cosine (int8),37,1,867.2764170914888
webis-touche2020,hamming_cosine_int8,Hamming + Cosine (int8),37,2,683.2951249089092
webis-touche2020,hamming_cosine_int8,Hamming + Cosine (int8),37,3,582.7187920222059
webis-touche2020,hamming_cosine_int8,Hamming + Cosine (int8),37,4,554.0147079154849
webis-touche2020,hamming_cosine_int8,Hamming + Cosine (int8),37,5,498.63608402665704
webis-touche2020,hamming_cosine_int8,Hamming + Cosine (int8),37,6,429.0902919601649
webis-touche2020,hamming_cosine_int8,Hamming + Cosine (int8),37,7,514.5803750492632
webis-touche2020,hamming_cosine_int8,Hamming + Cosine (int8),37,8,561.7504579713568
webis-touche2020,hamming_cosine_int8,Hamming + Cosine (int8),37,9,474.9309580074623
webis-touche2020,hamming_cosine_int8,Hamming + Cosine (int8),47,0,446.1732499767095
webis-touche2020,hamming_cosine_int8,Hamming + Cosine (int8),47,1,403.96729204803705
webis-touche2020,hamming_cosine_int8,Hamming + Cosine (int8),47,2,422.3603749414906
webis-touche2020,hamming_cosine_int8,Hamming + Cosine (int8),47,3,395.90641704853624
webis-touche2020,hamming_cosine_int8,Hamming + Cosine (int8),47,4,393.3469590265304
webis-touche2020,hamming_cosine_int8,Hamming + Cosine (int8),47,5,391.8872909853235
webis-touche2020,hamming_cosine_int8,Hamming + Cosine (int8),47,6,392.0771660050377
webis-touche2020,hamming_cosine_int8,Hamming + Cosine (int8),47,7,417.9402500158176
webis-touche2020,hamming_cosine_int8,Hamming + Cosine (int8),47,8,394.48745804838836
webis-touche2020,hamming_cosine_int8,Hamming + Cosine (int8),47,9,474.6332500362769
webis-touche2020,hamming_cosine_int8,Hamming + Cosine (int8),31,0,628.2488750293851
webis-touche2020,hamming_cosine_int8,Hamming + Cosine (int8),31,1,523.2603340409696
webis-touche2020,hamming_cosine_int8,Hamming + Cosine (int8),31,2,391.11129101365805
webis-touche2020,hamming_cosine_int8,Hamming + Cosine (int8),31,3,391.3764999015257
webis-touche2020,hamming_cosine_int8,Hamming + Cosine (int8),31,4,398.45274994149804
webis-touche2020,hamming_cosine_int8,Hamming + Cosine (int8),31,5,422.56808397360146
webis-touche2020,hamming_cosine_int8,Hamming + Cosine (int8),31,6,392.8953749127686
webis-touche2020,hamming_cosine_int8,Hamming + Cosine (int8),31,7,392.6542910048738
webis-touche2020,hamming_cosine_int8,Hamming + Cosine (int8),31,8,394.54516710247844
webis-touche2020,hamming_cosine_int8,Hamming + Cosine (int8),31,9,416.9790419982746
webis-touche2020,hamming_cosine_int8,Hamming + Cosine (int8),19,0,408.6018749512732
webis-touche2020,hamming_cosine_int8,Hamming + Cosine (int8),19,1,423.0351670412347
webis-touche2020,hamming_cosine_int8,Hamming + Cosine (int8),19,2,397.679541958496
webis-touche2020,hamming_cosine_int8,Hamming + Cosine (int8),19,3,396.17874997202307
webis-touche2020,hamming_cosine_int8,Hamming + Cosine (int8),19,4,498.9883750677109
webis-touche2020,hamming_cosine_int8,Hamming + Cosine (int8),19,5,540.5902089551091
webis-touche2020,hamming_cosine_int8,Hamming + Cosine (int8),19,6,389.76574991829693
webis-touche2020,hamming_cosine_int8,Hamming + Cosine (int8),19,7,390.0081670144573
webis-touche2020,hamming_cosine_int8,Hamming + Cosine (int8),19,8,400.2652500057593
webis-touche2020,hamming_cosine_int8,Hamming + Cosine (int8),19,9,492.3410420306027
webis-touche2020,hamming_cosine_float,Hamming + Cosine (float),27,0,4489.091708092019
webis-touche2020,hamming_cosine_float,Hamming + Cosine (float),27,1,4297.751792008057
webis-touche2020,hamming_cosine_float,Hamming + Cosine (float),27,2,4303.749875049107
webis-touche2020,hamming_cosine_float,Hamming + Cosine (float),27,3,4499.306749901734
webis-touche2020,hamming_cosine_float,Hamming + Cosine (float),27,4,4337.4531250447035
webis-touche2020,hamming_cosine_float,Hamming + Cosine (float),27,5,5157.9858750337735
webis-touche2020,hamming_cosine_float,Hamming + Cosine (float),27,6,3558.428999967873
webis-touche2020,hamming_cosine_float,Hamming + Cosine (float),27,7,2563.0593330133706
webis-touche2020,hamming_cosine_float,Hamming + Cosine (float),27,8,1995.6479580141604
webis-touche2020,hamming_cosine_float,Hamming + Cosine (float),27,9,1955.098000005819
webis-touche2020,hamming_cosine_float,Hamming + Cosine (float),14,0,4967.332541942596
webis-touche2020,hamming_cosine_float,Hamming + Cosine (float),14,1,4796.072624973021
webis-touche2020,hamming_cosine_float,Hamming + Cosine (float),14,2,5096.432541962713
webis-touche2020,hamming_cosine_float,Hamming + Cosine (float),14,3,5219.301917008124
webis-touche2020,hamming_cosine_float,Hamming + Cosine (float),14,4,4658.575832960196
webis-touche2020,hamming_cosine_float,Hamming + Cosine (float),14,5,4597.954083932564
webis-touche2020,hamming_cosine_float,Hamming + Cosine (float),14,6,4463.997666956857
webis-touche2020,hamming_cosine_float,Hamming + Cosine (float),14,7,4459.318417008035
webis-touche2020,hamming_cosine_float,Hamming + Cosine (float),14,8,4466.836125007831
webis-touche2020,hamming_cosine_float,Hamming + Cosine (float),14,9,4376.313916989602
webis-touche2020,hamming_cosine_float,Hamming + Cosine (float),22,0,4428.65133297164
webis-touche2020,hamming_cosine_float,Hamming + Cosine (float),22,1,4429.47483388707
webis-touche2020,hamming_cosine_float,Hamming + Cosine (float),22,2,4425.3136669285595
webis-touche2020,hamming_cosine_float,Hamming + Cosine (float),22,3,4399.555791984312
webis-touche2020,hamming_cosine_float,Hamming + Cosine (float),22,4,4436.773499939591
webis-touche2020,hamming_cosine_float,Hamming + Cosine (float),22,5,4591.345457942225
webis-touche2020,hamming_cosine_float,Hamming + Cosine (float),22,6,5139.675582991913
webis-touche2020,hamming_cosine_float,Hamming + Cosine (float),22,7,4725.981542025693
webis-touche2020,hamming_cosine_float,Hamming + Cosine (float),22,8,5235.147083061747
webis-touche2020,hamming_cosine_float,Hamming + Cosine (float),22,9,4958.99154106155
webis-touche2020,hamming_cosine_float,Hamming + Cosine (float),15,0,6456.683499971405
webis-touche2020,hamming_cosine_float,Hamming + Cosine (float),15,1,4946.9643329503015
webis-touche2020,hamming_cosine_float,Hamming + Cosine (float),15,2,5450.0627079978585
webis-touche2020,hamming_cosine_float,Hamming + Cosine (float),15,3,4942.307457909919
webis-touche2020,hamming_cosine_float,Hamming + Cosine (float),15,4,4947.241457994096
webis-touche2020,hamming_cosine_float,Hamming + Cosine (float),15,5,5262.036417028867
webis-touche2020,hamming_cosine_float,Hamming + Cosine (float),15,6,4824.96562495362
webis-touche2020,hamming_cosine_float,Hamming + Cosine (float),15,7,4758.9296660153195
webis-touche2020,hamming_cosine_float,Hamming + Cosine (float),15,8,4626.720707979985
webis-touche2020,hamming_cosine_float,Hamming + Cosine (float),15,9,4894.40029207617
webis-touche2020,hamming_cosine_float,Hamming + Cosine (float),32,0,4598.200332955457
webis-touche2020,hamming_cosine_float,Hamming + Cosine (float),32,1,4696.134084020741
webis-touche2020,hamming_cosine_float,Hamming + Cosine (float),32,2,4844.887542072684
webis-touche2020,hamming_cosine_float,Hamming + Cosine (float),32,3,4723.282917053439
webis-touche2020,hamming_cosine_float,Hamming + Cosine (float),32,4,4420.227624941617
webis-touche2020,hamming_cosine_float,Hamming + Cosine (float),32,5,4610.4059589561075
webis-touche2020,hamming_cosine_float,Hamming + Cosine (float),32,6,4476.183082908392
webis-touche2020,hamming_cosine_float,Hamming + Cosine (float),32,7,4676.462667062879
webis-touche2020,hamming_cosine_float,Hamming + Cosine (float),32,8,4667.4000839702785
webis-touche2020,hamming_cosine_float,Hamming + Cosine (float),32,9,4750.628666952252
webis-touche2020,hamming_cosine_float,Hamming + Cosine (float),26,0,4580.582084017806
webis-touche2020,hamming_cosine_float,Hamming + Cosine (float),26,1,4392.797417007387
webis-touche2020,hamming_cosine_float,Hamming + Cosine (float),26,2,4302.0104160532355
webis-touche2020,hamming_cosine_float,Hamming + Cosine (float),26,3,4350.303207989782
webis-touche2020,hamming_cosine_float,Hamming + Cosine (float),26,4,5006.448875064962
webis-touche2020,hamming_cosine_float,Hamming + Cosine (float),26,5,4932.135667069815
webis-touche2020,hamming_cosine_float,Hamming + Cosine (float),26,6,4645.56424994953
webis-touche2020,hamming_cosine_float,Hamming + Cosine (float),26,7,4651.409083977342
webis-touche2020,hamming_cosine_float,Hamming + Cosine (float),26,8,4287.196291028522
webis-touche2020,hamming_cosine_float,Hamming + Cosine (float),26,9,4475.977042107843
webis-touche2020,hamming_cosine_float,Hamming + Cosine (float),37,0,4367.780833970755
webis-touche2020,hamming_cosine_float,Hamming + Cosine (float),37,1,4493.0362910963595
webis-touche2020,hamming_cosine_float,Hamming + Cosine (float),37,2,4474.834374967031
webis-touche2020,hamming_cosine_float,Hamming + Cosine (float),37,3,4378.014167072251
webis-touche2020,hamming_cosine_float,Hamming + Cosine (float),37,4,4447.02166703064
webis-touche2020,hamming_cosine_float,Hamming + Cosine (float),37,5,4451.691166032106
webis-touche2020,hamming_cosine_float,Hamming + Cosine (float),37,6,4388.612249982543
webis-touche2020,hamming_cosine_float,Hamming + Cosine (float),37,7,4321.1635829648
webis-touche2020,hamming_cosine_float,Hamming + Cosine (float),37,8,4353.204624960199
webis-touche2020,hamming_cosine_float,Hamming + Cosine (float),37,9,4298.745125066489
webis-touche2020,hamming_cosine_float,Hamming + Cosine (float),47,0,4458.932082983665
webis-touche2020,hamming_cosine_float,Hamming + Cosine (float),47,1,4653.4424589481205
webis-touche2020,hamming_cosine_float,Hamming + Cosine (float),47,2,4417.576915933751
webis-touche2020,hamming_cosine_float,Hamming + Cosine (float),47,3,4431.976084015332
webis-touche2020,hamming_cosine_float,Hamming + Cosine (float),47,4,4647.294332971796
webis-touche2020,hamming_cosine_float,Hamming + Cosine (float),47,5,4810.685457894579
webis-touche2020,hamming_cosine_float,Hamming + Cosine (float),47,6,4664.025166071951
webis-touche2020,hamming_cosine_float,Hamming + Cosine (float),47,7,4617.465374991298
webis-touche2020,hamming_cosine_float,Hamming + Cosine (float),47,8,4727.862791041844
webis-touche2020,hamming_cosine_float,Hamming + Cosine (float),47,9,5098.392458050512
webis-touche2020,hamming_cosine_float,Hamming + Cosine (float),31,0,5095.5533750820905
webis-touche2020,hamming_cosine_float,Hamming + Cosine (float),31,1,4405.037167016417
webis-touche2020,hamming_cosine_float,Hamming + Cosine (float),31,2,4422.491041943431
webis-touche2020,hamming_cosine_float,Hamming + Cosine (float),31,3,4354.7412500483915
webis-touche2020,hamming_cosine_float,Hamming + Cosine (float),31,4,4352.328208042309
webis-touche2020,hamming_cosine_float,Hamming + Cosine (float),31,5,4452.185916947201
webis-touche2020,hamming_cosine_float,Hamming + Cosine (float),31,6,5016.281833057292
webis-touche2020,hamming_cosine_float,Hamming + Cosine (float),31,7,4326.119708945043
webis-touche2020,hamming_cosine_float,Hamming + Cosine (float),31,8,4244.870000053197
webis-touche2020,hamming_cosine_float,Hamming + Cosine (float),31,9,4348.513083998114
webis-touche2020,hamming_cosine_float,Hamming + Cosine (float),19,0,4399.42475000862
webis-touche2020,hamming_cosine_float,Hamming + Cosine (float),19,1,4440.858249901794
webis-touche2020,hamming_cosine_float,Hamming + Cosine (float),19,2,4616.994041018188
webis-touche2020,hamming_cosine_float,Hamming + Cosine (float),19,3,4396.613750024699
webis-touche2020,hamming_cosine_float,Hamming + Cosine (float),19,4,4302.796000032686
webis-touche2020,hamming_cosine_float,Hamming + Cosine (float),19,5,4309.353042044677
webis-touche2020,hamming_cosine_float,Hamming + Cosine (float),19,6,4324.954624986276
webis-touche2020,hamming_cosine_float,Hamming + Cosine (float),19,7,4197.735790978186
webis-touche2020,hamming_cosine_float,Hamming + Cosine (float),19,8,4252.400333061814
webis-touche2020,hamming_cosine_float,Hamming + Cosine (float),19,9,4253.283916041255
webis-touche2020,cosine_int8,Cosine (int8),27,0,2431.5396250458434
webis-touche2020,cosine_int8,Cosine (int8),27,1,2526.1845409404486
webis-touche2020,cosine_int8,Cosine (int8),27,2,2371.7604170087725
webis-touche2020,cosine_int8,Cosine (int8),27,3,2368.921082932502
webis-touche2020,cosine_int8,Cosine (int8),27,4,2400.0962079735473
webis-touche2020,cosine_int8,Cosine (int8),27,5,2375.3555830335245
webis-touche2020,cosine_int8,Cosine (int8),27,6,2218.126791063696
webis-touche2020,cosine_int8,Cosine (int8),27,7,2261.7997908964753
webis-touche2020,cosine_int8,Cosine (int8),27,8,2264.4182910444215
webis-touche2020,cosine_int8,Cosine (int8),27,9,2148.9275000058115
webis-touche2020,cosine_int8,Cosine (int8),14,0,2223.4031250700355
webis-touche2020,cosine_int8,Cosine (int8),14,1,2072.3741250112653
webis-touche2020,cosine_int8,Cosine (int8),14,2,2193.704374949448
webis-touche2020,cosine_int8,Cosine (int8),14,3,2261.4275419618934
webis-touche2020,cosine_int8,Cosine (int8),14,4,2178.3717919606715
webis-touche2020,cosine_int8,Cosine (int8),14,5,2152.550332946703
webis-touche2020,cosine_int8,Cosine (int8),14,6,2297.9016250465065
webis-touche2020,cosine_int8,Cosine (int8),14,7,2079.6252499567345
webis-touche2020,cosine_int8,Cosine (int8),14,8,2069.7276670252904
webis-touche2020,cosine_int8,Cosine (int8),14,9,2120.715625002049
webis-touche2020,cosine_int8,Cosine (int8),22,0,2053.287541028112
webis-touche2020,cosine_int8,Cosine (int8),22,1,2073.598916991614
webis-touche2020,cosine_int8,Cosine (int8),22,2,2209.091249969788
webis-touche2020,cosine_int8,Cosine (int8),22,3,2028.958624927327
webis-touche2020,cosine_int8,Cosine (int8),22,4,2017.5920419860631
webis-touche2020,cosine_int8,Cosine (int8),22,5,2044.3335409509018
webis-touche2020,cosine_int8,Cosine (int8),22,6,2031.2099169241264
webis-touche2020,cosine_int8,Cosine (int8),22,7,2013.1438750540838
webis-touche2020,cosine_int8,Cosine (int8),22,8,2307.0603749947622
webis-touche2020,cosine_int8,Cosine (int8),22,9,2061.236249981448
webis-touche2020,cosine_int8,Cosine (int8),15,0,2095.442624995485
webis-touche2020,cosine_int8,Cosine (int8),15,1,2111.6488330299035
webis-touche2020,cosine_int8,Cosine (int8),15,2,2014.6319579798728
webis-touche2020,cosine_int8,Cosine (int8),15,3,2029.8959170468152
webis-touche2020,cosine_int8,Cosine (int8),15,4,2228.030917001888
webis-touche2020,cosine_int8,Cosine (int8),15,5,2021.0141249699518
webis-touche2020,cosine_int8,Cosine (int8),15,6,1971.987208002247
webis-touche2020,cosine_int8,Cosine (int8),15,7,2041.9376669451594
webis-touche2020,cosine_int8,Cosine (int8),15,8,2024.1508749313653
webis-touche2020,cosine_int8,Cosine (int8),15,9,2029.2641250416636
webis-touche2020,cosine_int8,Cosine (int8),32,0,2359.7429590299726
webis-touche2020,cosine_int8,Cosine (int8),32,1,2039.051332976669
webis-touche2020,cosine_int8,Cosine (int8),32,2,2258.514625020325
webis-touche2020,cosine_int8,Cosine (int8),32,3,2393.3655829168856
webis-touche2020,cosine_int8,Cosine (int8),32,4,2065.9770420752466
webis-touche2020,cosine_int8,Cosine (int8),32,5,2139.871208113618
webis-touche2020,cosine_int8,Cosine (int8),32,6,2172.01791703701
webis-touche2020,cosine_int8,Cosine (int8),32,7,1991.7353749042377
webis-touche2020,cosine_int8,Cosine (int8),32,8,1988.821667036973
webis-touche2020,cosine_int8,Cosine (int8),32,9,1994.228082941845
webis-touche2020,cosine_int8,Cosine (int8),26,0,2031.4350000116974
webis-touche2020,cosine_int8,Cosine (int8),26,1,1998.952207970433
webis-touche2020,cosine_int8,Cosine (int8),26,2,1993.0959589546546
webis-touche2020,cosine_int8,Cosine (int8),26,3,1992.3193330178037
webis-touche2020,cosine_int8,Cosine (int8),26,4,1982.3301249416545
webis-touche2020,cosine_int8,Cosine (int8),26,5,2022.192082949914
webis-touche2020,cosine_int8,Cosine (int8),26,6,2032.77479193639
webis-touche2020,cosine_int8,Cosine (int8),26,7,1996.5724579524249
webis-touche2020,cosine_int8,Cosine (int8),26,8,2025.6454169284552
webis-touche2020,cosine_int8,Cosine (int8),26,9,1989.5227500237525
webis-touche2020,cosine_int8,Cosine (int8),37,0,2186.5226670634
webis-touche2020,cosine_int8,Cosine (int8),37,1,2101.2947079725564
webis-touche2020,cosine_int8,Cosine (int8),37,2,2004.1838750476018
webis-touche2020,cosine_int8,Cosine (int8),37,3,2079.8718329751864
webis-touche2020,cosine_int8,Cosine (int8),37,4,2073.4076669905335
webis-touche2020,cosine_int8,Cosine (int8),37,5,1995.6740000052378
webis-touche2020,cosine_int8,Cosine (int8),37,6,2025.8598329965025
webis-touche2020,cosine_int8,Cosine (int8),37,7,2007.4440409662202
webis-touche2020,cosine_int8,Cosine (int8),37,8,1997.546625090763
webis-touche2020,cosine_int8,Cosine (int8),37,9,1997.5976659916341
webis-touche2020,cosine_int8,Cosine (int8),47,0,2088.028750033118
webis-touche2020,cosine_int8,Cosine (int8),47,1,2002.025083056651
webis-touche2020,cosine_int8,Cosine (int8),47,2,1984.037416987121
webis-touche2020,cosine_int8,Cosine (int8),47,3,2106.8928339518607
webis-touche2020,cosine_int8,Cosine (int8),47,4,2073.7237080466
webis-touche2020,cosine_int8,Cosine (int8),47,5,2060.1058329921216
webis-touche2020,cosine_int8,Cosine (int8),47,6,2036.878874991089
webis-touche2020,cosine_int8,Cosine (int8),47,7,1995.7836660323665
webis-touche2020,cosine_int8,Cosine (int8),47,8,1993.848083075136
webis-touche2020,cosine_int8,Cosine (int8),47,9,2004.3485420756042
webis-touche2020,cosine_int8,Cosine (int8),31,0,2108.3102090051398
webis-touche2020,cosine_int8,Cosine (int8),31,1,1995.8578330697492
webis-touche2020,cosine_int8,Cosine (int8),31,2,2039.5515830023214
webis-touche2020,cosine_int8,Cosine (int8),31,3,2016.8467079056427
webis-touche2020,cosine_int8,Cosine (int8),31,4,2002.5979590136558
webis-touche2020,cosine_int8,Cosine (int8),31,5,1990.4350830474868
webis-touche2020,cosine_int8,Cosine (int8),31,6,1994.7914580116048
webis-touche2020,cosine_int8,Cosine (int8),31,7,2170.959083014168
webis-touche2020,cosine_int8,Cosine (int8),31,8,2130.3897500038147
webis-touche2020,cosine_int8,Cosine (int8),31,9,1990.0097090285271
webis-touche2020,cosine_int8,Cosine (int8),19,0,1987.8293750807643
webis-touche2020,cosine_int8,Cosine (int8),19,1,2054.7070000320673
webis-touche2020,cosine_int8,Cosine (int8),19,2,2123.2202920364216
webis-touche2020,cosine_int8,Cosine (int8),19,3,2062.3212499776855
webis-touche2020,cosine_int8,Cosine (int8),19,4,2021.5649999445304
webis-touche2020,cosine_int8,Cosine (int8),19,5,2060.9756250632927
webis-touche2020,cosine_int8,Cosine (int8),19,6,2219.1289589973167
webis-touche2020,cosine_int8,Cosine (int8),19,7,2058.981040958315
webis-touche2020,cosine_int8,Cosine (int8),19,8,2051.831124932505
webis-touche2020,cosine_int8,Cosine (int8),19,9,1996.0357500240207
webis-touche2020,cosine_int8_float,Cosine (int8) + Cosine (float),27,0,7545.749292010441
webis-touche2020,cosine_int8_float,Cosine (int8) + Cosine (float),27,1,7576.1749589582905
webis-touche2020,cosine_int8_float,Cosine (int8) + Cosine (float),27,2,7833.223500056192
webis-touche2020,cosine_int8_float,Cosine (int8) + Cosine (float),27,3,7754.223374999128
webis-touche2020,cosine_int8_float,Cosine (int8) + Cosine (float),27,4,7510.237124981359
webis-touche2020,cosine_int8_float,Cosine (int8) + Cosine (float),27,5,7610.822707996704
webis-touche2020,cosine_int8_float,Cosine (int8) + Cosine (float),27,6,7748.461707960814
webis-touche2020,cosine_int8_float,Cosine (int8) + Cosine (float),27,7,7607.496625045314
webis-touche2020,cosine_int8_float,Cosine (int8) + Cosine (float),27,8,7603.684250032529
webis-touche2020,cosine_int8_float,Cosine (int8) + Cosine (float),27,9,7828.09383305721
webis-touche2020,cosine_int8_float,Cosine (int8) + Cosine (float),14,0,7741.810541949235
webis-touche2020,cosine_int8_float,Cosine (int8) + Cosine (float),14,1,7764.849458006211
webis-touche2020,cosine_int8_float,Cosine (int8) + Cosine (float),14,2,7872.584459022619
webis-touche2020,cosine_int8_float,Cosine (int8) + Cosine (float),14,3,7720.229124999605
webis-touche2020,cosine_int8_float,Cosine (int8) + Cosine (float),14,4,7679.641874972731
webis-touche2020,cosine_int8_float,Cosine (int8) + Cosine (float),14,5,7699.422915931791
webis-touche2020,cosine_int8_float,Cosine (int8) + Cosine (float),14,6,7558.760000043549
webis-touche2020,cosine_int8_float,Cosine (int8) + Cosine (float),14,7,8167.569332988933
webis-touche2020,cosine_int8_float,Cosine (int8) + Cosine (float),14,8,8396.329167066142
webis-touche2020,cosine_int8_float,Cosine (int8) + Cosine (float),14,9,8315.73429191485
webis-touche2020,cosine_int8_float,Cosine (int8) + Cosine (float),22,0,7980.256250011735
webis-touche2020,cosine_int8_float,Cosine (int8) + Cosine (float),22,1,9636.332041933201
webis-touche2020,cosine_int8_float,Cosine (int8) + Cosine (float),22,2,9893.83800001815
webis-touche2020,cosine_int8_float,Cosine (int8) + Cosine (float),22,3,11353.280209004879
webis-touche2020,cosine_int8_float,Cosine (int8) + Cosine (float),22,4,10300.55058398284
webis-touche2020,cosine_int8_float,Cosine (int8) + Cosine (float),22,5,9244.068457977846
webis-touche2020,cosine_int8_float,Cosine (int8) + Cosine (float),22,6,9407.168334000744
webis-touche2020,cosine_int8_float,Cosine (int8) + Cosine (float),22,7,10051.232915953733
webis-touche2020,cosine_int8_float,Cosine (int8) + Cosine (float),22,8,10003.370834048837
webis-touche2020,cosine_int8_float,Cosine (int8) + Cosine (float),22,9,9961.22295805253
webis-touche2020,cosine_int8_float,Cosine (int8) + Cosine (float),15,0,9940.487499930896
webis-touche2020,cosine_int8_float,Cosine (int8) + Cosine (float),15,1,9557.700584060512
webis-touche2020,cosine_int8_float,Cosine (int8) + Cosine (float),15,2,9539.530499954708
webis-touche2020,cosine_int8_float,Cosine (int8) + Cosine (float),15,3,10040.780375013128
webis-touche2020,cosine_int8_float,Cosine (int8) + Cosine (float),15,4,9674.678292009048
webis-touche2020,cosine_int8_float,Cosine (int8) + Cosine (float),15,5,10719.655917026103
webis-touche2020,cosine_int8_float,Cosine (int8) + Cosine (float),15,6,10307.009042007849
webis-touche2020,cosine_int8_float,Cosine (int8) + Cosine (float),15,7,10280.485083931126
webis-touche2020,cosine_int8_float,Cosine (int8) + Cosine (float),15,8,11062.84416699782
webis-touche2020,cosine_int8_float,Cosine (int8) + Cosine (float),15,9,10077.963332994841
webis-touche2020,cosine_int8_float,Cosine (int8) + Cosine (float),32,0,10305.814416962676
webis-touche2020,cosine_int8_float,Cosine (int8) + Cosine (float),32,1,10676.338165998459
webis-touche2020,cosine_int8_float,Cosine (int8) + Cosine (float),32,2,9936.434499919415
webis-touche2020,cosine_int8_float,Cosine (int8) + Cosine (float),32,3,10490.816917037591
webis-touche2020,cosine_int8_float,Cosine (int8) + Cosine (float),32,4,10011.575208045542
webis-touche2020,cosine_int8_float,Cosine (int8) + Cosine (float),32,5,9593.89324998483
webis-touche2020,cosine_int8_float,Cosine (int8) + Cosine (float),32,6,10541.538750054315
webis-touche2020,cosine_int8_float,Cosine (int8) + Cosine (float),32,7,9259.636958013289
webis-touche2020,cosine_int8_float,Cosine (int8) + Cosine (float),32,8,10108.856417005882
webis-touche2020,cosine_int8_float,Cosine (int8) + Cosine (float),32,9,11266.667957999744
webis-touche2020,cosine_int8_float,Cosine (int8) + Cosine (float),26,0,10354.892332921736
webis-touche2020,cosine_int8_float,Cosine (int8) + Cosine (float),26,1,10864.329042029567
webis-touche2020,cosine_int8_float,Cosine (int8) + Cosine (float),26,2,10153.336792020127
webis-touche2020,cosine_int8_float,Cosine (int8) + Cosine (float),26,3,10023.589292075485
webis-touche2020,cosine_int8_float,Cosine (int8) + Cosine (float),26,4,10487.979416968301
webis-touche2020,cosine_int8_float,Cosine (int8) + Cosine (float),26,5,9270.552625064738
webis-touche2020,cosine_int8_float,Cosine (int8) + Cosine (float),26,6,9420.62095797155
webis-touche2020,cosine_int8_float,Cosine (int8) + Cosine (float),26,7,9374.250333989039
webis-touche2020,cosine_int8_float,Cosine (int8) + Cosine (float),26,8,10169.647333095782
webis-touche2020,cosine_int8_float,Cosine (int8) + Cosine (float),26,9,8576.368250069208
webis-touche2020,cosine_int8_float,Cosine (int8) + Cosine (float),37,0,9613.518666941673
webis-touche2020,cosine_int8_float,Cosine (int8) + Cosine (float),37,1,8570.460375049151
webis-touche2020,cosine_int8_float,Cosine (int8) + Cosine (float),37,2,9570.28437498957
webis-touche2020,cosine_int8_float,Cosine (int8) + Cosine (float),37,3,8872.618042048998
webis-touche2020,cosine_int8_float,Cosine (int8) + Cosine (float),37,4,8243.433207971975
webis-touche2020,cosine_int8_float,Cosine (int8) + Cosine (float),37,5,9063.793625100516
webis-touche2020,cosine_int8_float,Cosine (int8) + Cosine (float),37,6,8677.308999933302
webis-touche2020,cosine_int8_float,Cosine (int8) + Cosine (float),37,7,8582.331500016153
webis-touche2020,cosine_int8_float,Cosine (int8) + Cosine (float),37,8,8356.733708060347
webis-touche2020,cosine_int8_float,Cosine (int8) + Cosine (float),37,9,9100.117208901793
webis-touche2020,cosine_int8_float,Cosine (int8) + Cosine (float),47,0,8348.259292077273
webis-touche2020,cosine_int8_float,Cosine (int8) + Cosine (float),47,1,8583.20441597607
webis-touche2020,cosine_int8_float,Cosine (int8) + Cosine (float),47,2,8875.766958924942
webis-touche2020,cosine_int8_float,Cosine (int8) + Cosine (float),47,3,8720.128207933158
webis-touche2020,cosine_int8_float,Cosine (int8) + Cosine (float),47,4,8175.030707963742
webis-touche2020,cosine_int8_float,Cosine (int8) + Cosine (float),47,5,8833.809749921784
webis-touche2020,cosine_int8_float,Cosine (int8) + Cosine (float),47,6,8315.487415995449
webis-touche2020,cosine_int8_float,Cosine (int8) + Cosine (float),47,7,8316.858874983154
webis-touche2020,cosine_int8_float,Cosine (int8) + Cosine (float),47,8,8281.180207966827
webis-touche2020,cosine_int8_float,Cosine (int8) + Cosine (float),47,9,8973.0472919764
webis-touche2020,cosine_int8_float,Cosine (int8) + Cosine (float),31,0,8267.974874936044
webis-touche2020,cosine_int8_float,Cosine (int8) + Cosine (float),31,1,8872.569625033066
webis-touche2020,cosine_int8_float,Cosine (int8) + Cosine (float),31,2,8335.98112501204
webis-touche2020,cosine_int8_float,Cosine (int8) + Cosine (float),31,3,8355.692832963541
webis-touche2020,cosine_int8_float,Cosine (int8) + Cosine (float),31,4,7829.349166015163
webis-touche2020,cosine_int8_float,Cosine (int8) + Cosine (float),31,5,8651.452124933712
webis-touche2020,cosine_int8_float,Cosine (int8) + Cosine (float),31,6,8816.133041982539
webis-touche2020,cosine_int8_float,Cosine (int8) + Cosine (float),31,7,9021.329790935852
webis-touche2020,cosine_int8_float,Cosine (int8) + Cosine (float),31,8,10352.512500016019
webis-touche2020,cosine_int8_float,Cosine (int8) + Cosine (float),31,9,9506.266667041928
webis-touche2020,cosine_int8_float,Cosine (int8) + Cosine (float),19,0,9640.353208058514
webis-touche2020,cosine_int8_float,Cosine (int8) + Cosine (float),19,1,11191.787415998988
webis-touche2020,cosine_int8_float,Cosine (int8) + Cosine (float),19,2,9704.564124927856
webis-touche2020,cosine_int8_float,Cosine (int8) + Cosine (float),19,3,9102.457875036635
webis-touche2020,cosine_int8_float,Cosine (int8) + Cosine (float),19,4,9834.145625005476
webis-touche2020,cosine_int8_float,Cosine (int8) + Cosine (float),19,5,8947.527250042185
webis-touche2020,cosine_int8_float,Cosine (int8) + Cosine (float),19,6,9072.249750024639
webis-touche2020,cosine_int8_float,Cosine (int8) + Cosine (float),19,7,9556.513166986406
webis-touche2020,cosine_int8_float,Cosine (int8) + Cosine (float),19,8,9262.692374992184
webis-touche2020,cosine_int8_float,Cosine (int8) + Cosine (float),19,9,9992.964958073571
webis-touche2020,cosine_float,Cosine (float),27,0,6363.983332994394
webis-touche2020,cosine_float,Cosine (float),27,1,6035.16187495552
webis-touche2020,cosine_float,Cosine (float),27,2,6525.8676670491695
webis-touche2020,cosine_float,Cosine (float),27,3,6103.8520419970155
webis-touche2020,cosine_float,Cosine (float),27,4,5272.633208078332
webis-touche2020,cosine_float,Cosine (float),27,5,6385.492042056285
webis-touche2020,cosine_float,Cosine (float),27,6,5918.682291987352
webis-touche2020,cosine_float,Cosine (float),27,7,7025.844249990769
webis-touche2020,cosine_float,Cosine (float),27,8,6749.0152081009
webis-touche2020,cosine_float,Cosine (float),27,9,6686.636500060558
webis-touche2020,cosine_float,Cosine (float),14,0,6137.493083020672
webis-touche2020,cosine_float,Cosine (float),14,1,6212.957334006205
webis-touche2020,cosine_float,Cosine (float),14,2,6897.7223329711705
webis-touche2020,cosine_float,Cosine (float),14,3,6392.137959017418
webis-touche2020,cosine_float,Cosine (float),14,4,6564.796208986081
webis-touche2020,cosine_float,Cosine (float),14,5,6045.675666071475
webis-touche2020,cosine_float,Cosine (float),14,6,6048.694375087507
webis-touche2020,cosine_float,Cosine (float),14,7,7191.706584068015
webis-touche2020,cosine_float,Cosine (float),14,8,6333.308541914448
webis-touche2020,cosine_float,Cosine (float),14,9,6268.724957946688
webis-touche2020,cosine_float,Cosine (float),22,0,6407.616292010061
webis-touche2020,cosine_float,Cosine (float),22,1,6682.074833079241
webis-touche2020,cosine_float,Cosine (float),22,2,6563.759708078578
webis-touche2020,cosine_float,Cosine (float),22,3,6032.620084006339
webis-touche2020,cosine_float,Cosine (float),22,4,6013.4244579821825
webis-touche2020,cosine_float,Cosine (float),22,5,6880.055250017904
webis-touche2020,cosine_float,Cosine (float),22,6,6096.554541960359
webis-touche2020,cosine_float,Cosine (float),22,7,5896.561999921687
webis-touche2020,cosine_float,Cosine (float),22,8,6058.816333068535
webis-touche2020,cosine_float,Cosine (float),22,9,5932.817124994472
webis-touche2020,cosine_float,Cosine (float),15,0,6180.965084000491
webis-touche2020,cosine_float,Cosine (float),15,1,6519.704874954186
webis-touche2020,cosine_float,Cosine (float),15,2,6061.131666996516
webis-touche2020,cosine_float,Cosine (float),15,3,6388.0759589374065
webis-touche2020,cosine_float,Cosine (float),15,4,6779.107709066011
webis-touche2020,cosine_float,Cosine (float),15,5,5896.538125001825
webis-touche2020,cosine_float,Cosine (float),15,6,5493.700708029792
webis-touche2020,cosine_float,Cosine (float),15,7,6019.292333978228
webis-touche2020,cosine_float,Cosine (float),15,8,5988.875000039116
webis-touche2020,cosine_float,Cosine (float),15,9,6566.263917018659
webis-touche2020,cosine_float,Cosine (float),32,0,6009.087459067814
webis-touche2020,cosine_float,Cosine (float),32,1,6747.333167004399
webis-touche2020,cosine_float,Cosine (float),32,2,8728.733457974158
webis-touche2020,cosine_float,Cosine (float),32,3,8066.676291986369
webis-touche2020,cosine_float,Cosine (float),32,4,7910.349708050489
webis-touche2020,cosine_float,Cosine (float),32,5,7618.944916059263
webis-touche2020,cosine_float,Cosine (float),32,6,7663.5675829602405
webis-touche2020,cosine_float,Cosine (float),32,7,7286.671375040896
webis-touche2020,cosine_float,Cosine (float),32,8,9066.26412505284
webis-touche2020,cosine_float,Cosine (float),32,9,8533.904999960214
webis-touche2020,cosine_float,Cosine (float),26,0,8237.24374989979
webis-touche2020,cosine_float,Cosine (float),26,1,7964.4581250613555
webis-touche2020,cosine_float,Cosine (float),26,2,8337.966249906458
webis-touche2020,cosine_float,Cosine (float),26,3,7801.834124955349
webis-touche2020,cosine_float,Cosine (float),26,4,7896.361541002989
webis-touche2020,cosine_float,Cosine (float),26,5,7775.363291031681
webis-touche2020,cosine_float,Cosine (float),26,6,8084.581249975599
webis-touche2020,cosine_float,Cosine (float),26,7,9193.5784999514
webis-touche2020,cosine_float,Cosine (float),26,8,9060.66279206425
webis-touche2020,cosine_float,Cosine (float),26,9,8422.734958934598
webis-touche2020,cosine_float,Cosine (float),37,0,7315.5615410069
webis-touche2020,cosine_float,Cosine (float),37,1,5451.798875001259
webis-touche2020,cosine_float,Cosine (float),37,2,5461.73912496306
webis-touche2020,cosine_float,Cosine (float),37,3,5820.384458056651
webis-touche2020,cosine_float,Cosine (float),37,4,5332.337583997287
webis-touche2020,cosine_float,Cosine (float),37,5,5688.109999988228
webis-touche2020,cosine_float,Cosine (float),37,6,5437.082374934107
webis-touche2020,cosine_float,Cosine (float),37,7,5535.04070895724
webis-touche2020,cosine_float,Cosine (float),37,8,5858.225625008345
webis-touche2020,cosine_float,Cosine (float),37,9,5425.103917019442
webis-touche2020,cosine_float,Cosine (float),47,0,3723.390333005227
webis-touche2020,cosine_float,Cosine (float),47,1,3658.020041999407
webis-touche2020,cosine_float,Cosine (float),47,2,3519.95408302173
webis-touche2020,cosine_float,Cosine (float),47,3,4737.9535409854725
webis-touche2020,cosine_float,Cosine (float),47,4,6105.9804579708725
webis-touche2020,cosine_float,Cosine (float),47,5,5549.817041028291
webis-touche2020,cosine_float,Cosine (float),47,6,5707.286165910773
webis-touche2020,cosine_float,Cosine (float),47,7,5834.2899170238525
webis-touche2020,cosine_float,Cosine (float),47,8,5178.551124990918
webis-touche2020,cosine_float,Cosine (float),47,9,6105.523750069551
webis-touche2020,cosine_float,Cosine (float),31,0,5046.191584086046
webis-touche2020,cosine_float,Cosine (float),31,1,4199.651375063695
webis-touche2020,cosine_float,Cosine (float),31,2,5158.152541029267
webis-touche2020,cosine_float,Cosine (float),31,3,5572.835957980715
webis-touche2020,cosine_float,Cosine (float),31,4,5703.743792022578
webis-touche2020,cosine_float,Cosine (float),31,5,4943.013416021131
webis-touche2020,cosine_float,Cosine (float),31,6,4051.229374948889
webis-touche2020,cosine_float,Cosine (float),31,7,5438.279542024247
webis-touche2020,cosine_float,Cosine (float),31,8,6241.505832993425
webis-touche2020,cosine_float,Cosine (float),31,9,5489.115542033687
webis-touche2020,cosine_float,Cosine (float),19,0,5406.310165999457
webis-touche2020,cosine_float,Cosine (float),19,1,4265.374207985587
webis-touche2020,cosine_float,Cosine (float),19,2,5226.867750054225
webis-touche2020,cosine_float,Cosine (float),19,3,5115.339791984297
webis-touche2020,cosine_float,Cosine (float),19,4,5146.114583942108
webis-touche2020,cosine_float,Cosine (float),19,5,7436.942375032231
webis-touche2020,cosine_float,Cosine (float),19,6,5367.962124990299
webis-touche2020,cosine_float,Cosine (float),19,7,5430.422250065021
webis-touche2020,cosine_float,Cosine (float),19,8,5614.718707976863
webis-touche2020,cosine_float,Cosine (float),19,9,5570.807166048326
webis-touche2020,rrf_hamming,RRF (BM25 + Hamming),27,0,433.7813750607893
webis-touche2020,rrf_hamming,RRF (BM25 + Hamming),27,1,384.20104200486094
webis-touche2020,rrf_hamming,RRF (BM25 + Hamming),27,2,376.1089169420302
webis-touche2020,rrf_hamming,RRF (BM25 + Hamming),27,3,381.14995905198157
webis-touche2020,rrf_hamming,RRF (BM25 + Hamming),27,4,403.2202910166234
webis-touche2020,rrf_hamming,RRF (BM25 + Hamming),27,5,408.86420803144574
webis-touche2020,rrf_hamming,RRF (BM25 + Hamming),27,6,428.31137508619577
webis-touche2020,rrf_hamming,RRF (BM25 + Hamming),27,7,405.66987497732043
webis-touche2020,rrf_hamming,RRF (BM25 + Hamming),27,8,391.8315829942003
webis-touche2020,rrf_hamming,RRF (BM25 + Hamming),27,9,383.0430420348421
webis-touche2020,rrf_hamming,RRF (BM25 + Hamming),14,0,415.36695801187307
webis-touche2020,rrf_hamming,RRF (BM25 + Hamming),14,1,397.1011250978336
webis-touche2020,rrf_hamming,RRF (BM25 + Hamming),14,2,493.66558296605945
webis-touche2020,rrf_hamming,RRF (BM25 + Hamming),14,3,379.0542499627918
webis-touche2020,rrf_hamming,RRF (BM25 + Hamming),14,4,459.94366705417633
webis-touche2020,rrf_hamming,RRF (BM25 + Hamming),14,5,470.4380000475794
webis-touche2020,rrf_hamming,RRF (BM25 + Hamming),14,6,375.1139580272138
webis-touche2020,rrf_hamming,RRF (BM25 + Hamming),14,7,356.08275001868606
webis-touche2020,rrf_hamming,RRF (BM25 + Hamming),14,8,362.31025005690753
webis-touche2020,rrf_hamming,RRF (BM25 + Hamming),14,9,346.2123330682516
webis-touche2020,rrf_hamming,RRF (BM25 + Hamming),22,0,955.5338750360534
webis-touche2020,rrf_hamming,RRF (BM25 + Hamming),22,1,1090.3869169997051
webis-touche2020,rrf_hamming,RRF (BM25 + Hamming),22,2,925.5747499410063
webis-touche2020,rrf_hamming,RRF (BM25 + Hamming),22,3,1071.7767500318587
webis-touche2020,rrf_hamming,RRF (BM25 + Hamming),22,4,962.0611660648137
webis-touche2020,rrf_hamming,RRF (BM25 + Hamming),22,5,1010.4513330152258
webis-touche2020,rrf_hamming,RRF (BM25 + Hamming),22,6,1148.1093749171123
webis-touche2020,rrf_hamming,RRF (BM25 + Hamming),22,7,962.494958890602
webis-touche2020,rrf_hamming,RRF (BM25 + Hamming),22,8,916.1029580282047
webis-touche2020,rrf_hamming,RRF (BM25 + Hamming),22,9,1181.8404159275815
webis-touche2020,rrf_hamming,RRF (BM25 + Hamming),15,0,476.87045903876424
webis-touche2020,rrf_hamming,RRF (BM25 + Hamming),15,1,510.5320420116186
webis-touche2020,rrf_hamming,RRF (BM25 + Hamming),15,2,480.46845803037286
webis-touche2020,rrf_hamming,RRF (BM25 + Hamming),15,3,433.75783297233284
webis-touche2020,rrf_hamming,RRF (BM25 + Hamming),15,4,468.47337496001273
webis-touche2020,rrf_hamming,RRF (BM25 + Hamming),15,5,463.4820419596508
webis-touche2020,rrf_hamming,RRF (BM25 + Hamming),15,6,446.08162494841963
webis-touche2020,rrf_hamming,RRF (BM25 + Hamming),15,7,437.8147500101477
webis-touche2020,rrf_hamming,RRF (BM25 + Hamming),15,8,442.3535829409957
webis-touche2020,rrf_hamming,RRF (BM25 + Hamming),15,9,442.5413750577718
webis-touche2020,rrf_hamming,RRF (BM25 + Hamming),32,0,400.46925004571676
webis-touche2020,rrf_hamming,RRF (BM25 + Hamming),32,1,417.62720805127174
webis-touche2020,rrf_hamming,RRF (BM25 + Hamming),32,2,416.907916078344
webis-touche2020,rrf_hamming,RRF (BM25 + Hamming),32,3,412.67024993430823
webis-touche2020,rrf_hamming,RRF (BM25 + Hamming),32,4,482.56445804145187
webis-touche2020,rrf_hamming,RRF (BM25 + Hamming),32,5,459.3801669543609
webis-touche2020,rrf_hamming,RRF (BM25 + Hamming),32,6,415.8768330235034
webis-touche2020,rrf_hamming,RRF (BM25 + Hamming),32,7,410.7589159393683
webis-touche2020,rrf_hamming,RRF (BM25 + Hamming),32,8,785.6770830694586
webis-touche2020,rrf_hamming,RRF (BM25 + Hamming),32,9,491.2952920421958
webis-touche2020,rrf_hamming,RRF (BM25 + Hamming),26,0,241.3824169198051
webis-touche2020,rrf_hamming,RRF (BM25 + Hamming),26,1,276.50670800358057
webis-touche2020,rrf_hamming,RRF (BM25 + Hamming),26,2,208.61170790158212
webis-touche2020,rrf_hamming,RRF (BM25 + Hamming),26,3,195.66729199141264
webis-touche2020,rrf_hamming,RRF (BM25 + Hamming),26,4,193.5971250059083
webis-touche2020,rrf_hamming,RRF (BM25 + Hamming),26,5,191.48566701915115
webis-touche2020,rrf_hamming,RRF (BM25 + Hamming),26,6,188.60937491990626
webis-touche2020,rrf_hamming,RRF (BM25 + Hamming),26,7,194.32616606354713
webis-touche2020,rrf_hamming,RRF (BM25 + Hamming),26,8,185.4450840037316
webis-touche2020,rrf_hamming,RRF (BM25 + Hamming),26,9,184.68737497460097
webis-touche2020,rrf_hamming,RRF (BM25 + Hamming),37,0,280.3018339909613
webis-touche2020,rrf_hamming,RRF (BM25 + Hamming),37,1,303.16066602244973
webis-touche2020,rrf_hamming,RRF (BM25 + Hamming),37,2,282.1816250216216
webis-touche2020,rrf_hamming,RRF (BM25 + Hamming),37,3,289.71741592977196
webis-touche2020,rrf_hamming,RRF (BM25 + Hamming),37,4,287.3219579923898
webis-touche2020,rrf_hamming,RRF (BM25 + Hamming),37,5,286.28199989907444
webis-touche2020,rrf_hamming,RRF (BM25 + Hamming),37,6,287.0542500168085
webis-touche2020,rrf_hamming,RRF (BM25 + Hamming),37,7,292.85758396144956
webis-touche2020,rrf_hamming,RRF (BM25 + Hamming),37,8,340.5828330432996
webis-touche2020,rrf_hamming,RRF (BM25 + Hamming),37,9,356.74191697034985
webis-touche2020,rrf_hamming,RRF (BM25 + Hamming),47,0,278.66595808882266
webis-touche2020,rrf_hamming,RRF (BM25 + Hamming),47,1,279.2471250286326
webis-touche2020,rrf_hamming,RRF (BM25 + Hamming),47,2,285.7043750118464
webis-touche2020,rrf_hamming,RRF (BM25 + Hamming),47,3,276.49258298333734
webis-touche2020,rrf_hamming,RRF (BM25 + Hamming),47,4,289.1680410830304
webis-touche2020,rrf_hamming,RRF (BM25 + Hamming),47,5,277.1192080108449
webis-touche2020,rrf_hamming,RRF (BM25 + Hamming),47,6,279.14995898026973
webis-touche2020,rrf_hamming,RRF (BM25 + Hamming),47,7,275.89420799631625
webis-touche2020,rrf_hamming,RRF (BM25 + Hamming),47,8,271.79170900490135
webis-touche2020,rrf_hamming,RRF (BM25 + Hamming),47,9,275.3070000326261
webis-touche2020,rrf_hamming,RRF (BM25 + Hamming),31,0,380.91166701633483
webis-touche2020,rrf_hamming,RRF (BM25 + Hamming),31,1,368.10737499035895
webis-touche2020,rrf_hamming,RRF (BM25 + Hamming),31,2,358.62850002013147
webis-touche2020,rrf_hamming,RRF (BM25 + Hamming),31,3,352.0097080618143
webis-touche2020,rrf_hamming,RRF (BM25 + Hamming),31,4,354.34554202947766
webis-touche2020,rrf_hamming,RRF (BM25 + Hamming),31,5,530.6904580211267
webis-touche2020,rrf_hamming,RRF (BM25 + Hamming),31,6,369.0775000723079
webis-touche2020,rrf_hamming,RRF (BM25 + Hamming),31,7,406.85987507458776
webis-touche2020,rrf_hamming,RRF (BM25 + Hamming),31,8,530.3989589447156
webis-touche2020,rrf_hamming,RRF (BM25 + Hamming),31,9,392.42308295797557
webis-touche2020,rrf_hamming,RRF (BM25 + Hamming),19,0,290.25104199536145
webis-touche2020,rrf_hamming,RRF (BM25 + Hamming),19,1,293.17179101053625
webis-touche2020,rrf_hamming,RRF (BM25 + Hamming),19,2,292.4113749759272
webis-touche2020,rrf_hamming,RRF (BM25 + Hamming),19,3,278.8652080344036
webis-touche2020,rrf_hamming,RRF (BM25 + Hamming),19,4,283.902041031979
webis-touche2020,rrf_hamming,RRF (BM25 + Hamming),19,5,281.29883389919996
webis-touche2020,rrf_hamming,RRF (BM25 + Hamming),19,6,293.4059170074761
webis-touche2020,rrf_hamming,RRF (BM25 + Hamming),19,7,280.4868340026587
webis-touche2020,rrf_hamming,RRF (BM25 + Hamming),19,8,283.6302079958841
webis-touche2020,rrf_hamming,RRF (BM25 + Hamming),19,9,307.51266703009605
webis-touche2020,rrf_cosine_int8,RRF (BM25 + Cosine (int8)),27,0,2510.384291992523
webis-touche2020,rrf_cosine_int8,RRF (BM25 + Cosine (int8)),27,1,2463.829915970564
webis-touche2020,rrf_cosine_int8,RRF (BM25 + Cosine (int8)),27,2,2451.1237499536946
webis-touche2020,rrf_cosine_int8,RRF (BM25 + Cosine (int8)),27,3,2354.9497079802677
webis-touche2020,rrf_cosine_int8,RRF (BM25 + Cosine (int8)),27,4,2537.7134169684723
webis-touche2020,rrf_cosine_int8,RRF (BM25 + Cosine (int8)),27,5,2524.541375110857
webis-touche2020,rrf_cosine_int8,RRF (BM25 + Cosine (int8)),27,6,2142.5486670341343
webis-touche2020,rrf_cosine_int8,RRF (BM25 + Cosine (int8)),27,7,2689.6071669179946
webis-touche2020,rrf_cosine_int8,RRF (BM25 + Cosine (int8)),27,8,2550.263416953385
webis-touche2020,rrf_cosine_int8,RRF (BM25 + Cosine (int8)),27,9,2227.670207968913
webis-touche2020,rrf_cosine_int8,RRF (BM25 + Cosine (int8)),14,0,2672.951583052054
webis-touche2020,rrf_cosine_int8,RRF (BM25 + Cosine (int8)),14,1,2298.3374170726165
webis-touche2020,rrf_cosine_int8,RRF (BM25 + Cosine (int8)),14,2,2367.754250066355
webis-touche2020,rrf_cosine_int8,RRF (BM25 + Cosine (int8)),14,3,3037.004000041634
webis-touche2020,rrf_cosine_int8,RRF (BM25 + Cosine (int8)),14,4,2571.7210420407355
webis-touche2020,rrf_cosine_int8,RRF (BM25 + Cosine (int8)),14,5,2768.467625021003
webis-touche2020,rrf_cosine_int8,RRF (BM25 + Cosine (int8)),14,6,3215.1701669208705
webis-touche2020,rrf_cosine_int8,RRF (BM25 + Cosine (int8)),14,7,2917.7899589994922
webis-touche2020,rrf_cosine_int8,RRF (BM25 + Cosine (int8)),14,8,2621.2863749824464
webis-touche2020,rrf_cosine_int8,RRF (BM25 + Cosine (int8)),14,9,2233.9810840785503
webis-touche2020,rrf_cosine_int8,RRF (BM25 + Cosine (int8)),22,0,3646.901833009906
webis-touche2020,rrf_cosine_int8,RRF (BM25 + Cosine (int8)),22,1,3499.7079169843346
webis-touche2020,rrf_cosine_int8,RRF (BM25 + Cosine (int8)),22,2,3502.251583035104
webis-touche2020,rrf_cosine_int8,RRF (BM25 + Cosine (int8)),22,3,2662.0519999414682
webis-touche2020,rrf_cosine_int8,RRF (BM25 + Cosine (int8)),22,4,2383.9757080422714
webis-touche2020,rrf_cosine_int8,RRF (BM25 + Cosine (int8)),22,5,2790.783042088151
webis-touche2020,rrf_cosine_int8,RRF (BM25 + Cosine (int8)),22,6,2429.169249953702
webis-touche2020,rrf_cosine_int8,RRF (BM25 + Cosine (int8)),22,7,2555.1231250865385
webis-touche2020,rrf_cosine_int8,RRF (BM25 + Cosine (int8)),22,8,2394.954291987233
webis-touche2020,rrf_cosine_int8,RRF (BM25 + Cosine (int8)),22,9,2415.54487508256
webis-touche2020,rrf_cosine_int8,RRF (BM25 + Cosine (int8)),15,0,2585.754167055711
webis-touche2020,rrf_cosine_int8,RRF (BM25 + Cosine (int8)),15,1,2274.910958018154
webis-touche2020,rrf_cosine_int8,RRF (BM25 + Cosine (int8)),15,2,2617.456499952823
webis-touche2020,rrf_cosine_int8,RRF (BM25 + Cosine (int8)),15,3,2286.6289999801666
webis-touche2020,rrf_cosine_int8,RRF (BM25 + Cosine (int8)),15,4,1965.0864999275655
webis-touche2020,rrf_cosine_int8,RRF (BM25 + Cosine (int8)),15,5,1980.0590829690918
webis-touche2020,rrf_cosine_int8,RRF (BM25 + Cosine (int8)),15,6,2238.075166940689
webis-touche2020,rrf_cosine_int8,RRF (BM25 + Cosine (int8)),15,7,2137.9430000670254
webis-touche2020,rrf_cosine_int8,RRF (BM25 + Cosine (int8)),15,8,1982.0665839361027
webis-touche2020,rrf_cosine_int8,RRF (BM25 + Cosine (int8)),15,9,1970.306457951665
webis-touche2020,rrf_cosine_int8,RRF (BM25 + Cosine (int8)),32,0,2118.107834015973
webis-touche2020,rrf_cosine_int8,RRF (BM25 + Cosine (int8)),32,1,2385.1484999759123
webis-touche2020,rrf_cosine_int8,RRF (BM25 + Cosine (int8)),32,2,2472.405166947283
webis-touche2020,rrf_cosine_int8,RRF (BM25 + Cosine (int8)),32,3,1995.9847499849275
webis-touche2020,rrf_cosine_int8,RRF (BM25 + Cosine (int8)),32,4,1931.4490829128772
webis-touche2020,rrf_cosine_int8,RRF (BM25 + Cosine (int8)),32,5,1936.1520420061424
webis-touche2020,rrf_cosine_int8,RRF (BM25 + Cosine (int8)),32,6,1932.452791952528
webis-touche2020,rrf_cosine_int8,RRF (BM25 + Cosine (int8)),32,7,1965.7099159667268
webis-touche2020,rrf_cosine_int8,RRF (BM25 + Cosine (int8)),32,8,1943.7915419694036
webis-touche2020,rrf_cosine_int8,RRF (BM25 + Cosine (int8)),32,9,2303.6459159338847
webis-touche2020,rrf_cosine_int8,RRF (BM25 + Cosine (int8)),26,0,1821.264375001192
webis-touche2020,rrf_cosine_int8,RRF (BM25 + Cosine (int8)),26,1,1784.9660000065342
webis-touche2020,rrf_cosine_int8,RRF (BM25 + Cosine (int8)),26,2,1789.1216659918427
webis-touche2020,rrf_cosine_int8,RRF (BM25 + Cosine (int8)),26,3,1750.2020829124376
webis-touche2020,rrf_cosine_int8,RRF (BM25 + Cosine (int8)),26,4,1770.6188750453293
webis-touche2020,rrf_cosine_int8,RRF (BM25 + Cosine (int8)),26,5,1937.746874988079
webis-touche2020,rrf_cosine_int8,RRF (BM25 + Cosine (int8)),26,6,2134.878374985419
webis-touche2020,rrf_cosine_int8,RRF (BM25 + Cosine (int8)),26,7,2051.784959039651
webis-touche2020,rrf_cosine_int8,RRF (BM25 + Cosine (int8)),26,8,2362.315084086731
webis-touche2020,rrf_cosine_int8,RRF (BM25 + Cosine (int8)),26,9,1740.2077910955995
webis-touche2020,rrf_cosine_int8,RRF (BM25 + Cosine (int8)),37,0,1842.9383329348639
webis-touche2020,rrf_cosine_int8,RRF (BM25 + Cosine (int8)),37,1,1870.728416950442
webis-touche2020,rrf_cosine_int8,RRF (BM25 + Cosine (int8)),37,2,2242.2164579620585
webis-touche2020,rrf_cosine_int8,RRF (BM25 + Cosine (int8)),37,3,1890.4112909222022
webis-touche2020,rrf_cosine_int8,RRF (BM25 + Cosine (int8)),37,4,1851.2974999612197
webis-touche2020,rrf_cosine_int8,RRF (BM25 + Cosine (int8)),37,5,1855.91770906467
webis-touche2020,rrf_cosine_int8,RRF (BM25 + Cosine (int8)),37,6,1867.1097500482574
webis-touche2020,rrf_cosine_int8,RRF (BM25 + Cosine (int8)),37,7,2105.076790903695
webis-touche2020,rrf_cosine_int8,RRF (BM25 + Cosine (int8)),37,8,2073.8655000459403
webis-touche2020,rrf_cosine_int8,RRF (BM25 + Cosine (int8)),37,9,2099.096207995899
webis-touche2020,rrf_cosine_int8,RRF (BM25 + Cosine (int8)),47,0,1919.19870802667
webis-touche2020,rrf_cosine_int8,RRF (BM25 + Cosine (int8)),47,1,1931.446542032063
webis-touche2020,rrf_cosine_int8,RRF (BM25 + Cosine (int8)),47,2,1857.9284169245511
webis-touche2020,rrf_cosine_int8,RRF (BM25 + Cosine (int8)),47,3,1840.9087089821696
webis-touche2020,rrf_cosine_int8,RRF (BM25 + Cosine (int8)),47,4,1843.428457970731
webis-touche2020,rrf_cosine_int8,RRF (BM25 + Cosine (int8)),47,5,2603.7073750048876
webis-touche2020,rrf_cosine_int8,RRF (BM25 + Cosine (int8)),47,6,1996.833375073038
webis-touche2020,rrf_cosine_int8,RRF (BM25 + Cosine (int8)),47,7,1841.4247090695426
webis-touche2020,rrf_cosine_int8,RRF (BM25 + Cosine (int8)),47,8,1871.1608750745654
webis-touche2020,rrf_cosine_int8,RRF (BM25 + Cosine (int8)),47,9,1850.1326250843704
webis-touche2020,rrf_cosine_int8,RRF (BM25 + Cosine (int8)),31,0,2259.6264159074053
webis-touche2020,rrf_cosine_int8,RRF (BM25 + Cosine (int8)),31,1,2243.022457929328
webis-touche2020,rrf_cosine_int8,RRF (BM25 + Cosine (int8)),31,2,2123.7147079082206
webis-touche2020,rrf_cosine_int8,RRF (BM25 + Cosine (int8)),31,3,2359.5200839918107
webis-touche2020,rrf_cosine_int8,RRF (BM25 + Cosine (int8)),31,4,2207.7296250499785
webis-touche2020,rrf_cosine_int8,RRF (BM25 + Cosine (int8)),31,5,2522.138415952213
webis-touche2020,rrf_cosine_int8,RRF (BM25 + Cosine (int8)),31,6,2169.393250020221
webis-touche2020,rrf_cosine_int8,RRF (BM25 + Cosine (int8)),31,7,1895.0530840083957
webis-touche2020,rrf_cosine_int8,RRF (BM25 + Cosine (int8)),31,8,1951.0387500049546
webis-touche2020,rrf_cosine_int8,RRF (BM25 + Cosine (int8)),31,9,1923.187542008236
webis-touche2020,rrf_cosine_int8,RRF (BM25 + Cosine (int8)),19,0,1950.5139589309692
webis-touche2020,rrf_cosine_int8,RRF (BM25 + Cosine (int8)),19,1,2078.076208010316
webis-touche2020,rrf_cosine_int8,RRF (BM25 + Cosine (int8)),19,2,2024.6143749682233
webis-touche2020,rrf_cosine_int8,RRF (BM25 + Cosine (int8)),19,3,1932.4124590493739
webis-touche2020,rrf_cosine_int8,RRF (BM25 + Cosine (int8)),19,4,1929.6617090003565
webis-touche2020,rrf_cosine_int8,RRF (BM25 + Cosine (int8)),19,5,1851.6301249619573
webis-touche2020,rrf_cosine_int8,RRF (BM25 + Cosine (int8)),19,6,1919.4519160082564
webis-touche2020,rrf_cosine_int8,RRF (BM25 + Cosine (int8)),19,7,1966.7053750017658
webis-touche2020,rrf_cosine_int8,RRF (BM25 + Cosine (int8)),19,8,2355.9100000420585
webis-touche2020,rrf_cosine_int8,RRF (BM25 + Cosine (int8)),19,9,2018.25970900245
webis-touche2020,rrf_cosine_float,RRF (BM25 + Cosine (float)),27,0,5607.764124986716
webis-touche2020,rrf_cosine_float,RRF (BM25 + Cosine (float)),27,1,5737.323916982859
webis-touche2020,rrf_cosine_float,RRF (BM25 + Cosine (float)),27,2,5403.120375005528
webis-touche2020,rrf_cosine_float,RRF (BM25 + Cosine (float)),27,3,5166.031540953554
webis-touche2020,rrf_cosine_float,RRF (BM25 + Cosine (float)),27,4,5135.867165983655
webis-touche2020,rrf_cosine_float,RRF (BM25 + Cosine (float)),27,5,5618.2842089328915
webis-touche2020,rrf_cosine_float,RRF (BM25 + Cosine (float)),27,6,4968.651290982962
webis-touche2020,rrf_cosine_float,RRF (BM25 + Cosine (float)),27,7,4953.160249977373
webis-touche2020,rrf_cosine_float,RRF (BM25 + Cosine (float)),27,8,5702.888250001706
webis-touche2020,rrf_cosine_float,RRF (BM25 + Cosine (float)),27,9,5238.420416950248
webis-touche2020,rrf_cosine_float,RRF (BM25 + Cosine (float)),14,0,6256.659166072495
webis-touche2020,rrf_cosine_float,RRF (BM25 + Cosine (float)),14,1,5375.370582914911
webis-touche2020,rrf_cosine_float,RRF (BM25 + Cosine (float)),14,2,3998.0491671012715
webis-touche2020,rrf_cosine_float,RRF (BM25 + Cosine (float)),14,3,4713.124124915339
webis-touche2020,rrf_cosine_float,RRF (BM25 + Cosine (float)),14,4,4119.666542042978
webis-touche2020,rrf_cosine_float,RRF (BM25 + Cosine (float)),14,5,4693.949667038396
webis-touche2020,rrf_cosine_float,RRF (BM25 + Cosine (float)),14,6,5766.596207977273
webis-touche2020,rrf_cosine_float,RRF (BM25 + Cosine (float)),14,7,3712.833874975331
webis-touche2020,rrf_cosine_float,RRF (BM25 + Cosine (float)),14,8,3250.0165419187397
webis-touche2020,rrf_cosine_float,RRF (BM25 + Cosine (float)),14,9,3036.083957995288
webis-touche2020,rrf_cosine_float,RRF (BM25 + Cosine (float)),22,0,5482.19704197254
webis-touche2020,rrf_cosine_float,RRF (BM25 + Cosine (float)),22,1,6687.665833975188
webis-touche2020,rrf_cosine_float,RRF (BM25 + Cosine (float)),22,2,5967.139167012647
webis-touche2020,rrf_cosine_float,RRF (BM25 + Cosine (float)),22,3,5675.039832945913
webis-touche2020,rrf_cosine_float,RRF (BM25 + Cosine (float)),22,4,5349.152041017078
webis-touche2020,rrf_cosine_float,RRF (BM25 + Cosine (float)),22,5,6427.321499912068
webis-touche2020,rrf_cosine_float,RRF (BM25 + Cosine (float)),22,6,7449.86254198011
webis-touche2020,rrf_cosine_float,RRF (BM25 + Cosine (float)),22,7,6627.328000031412
webis-touche2020,rrf_cosine_float,RRF (BM25 + Cosine (float)),22,8,6046.942083979957
webis-touche2020,rrf_cosine_float,RRF (BM25 + Cosine (float)),22,9,5960.187791963108
webis-touche2020,rrf_cosine_float,RRF (BM25 + Cosine (float)),15,0,6001.943249953911
webis-touche2020,rrf_cosine_float,RRF (BM25 + Cosine (float)),15,1,4136.223874986172
webis-touche2020,rrf_cosine_float,RRF (BM25 + Cosine (float)),15,2,5066.1957080010325
webis-touche2020,rrf_cosine_float,RRF (BM25 + Cosine (float)),15,3,5413.478708011098
webis-touche2020,rrf_cosine_float,RRF (BM25 + Cosine (float)),15,4,4440.0672080228105
webis-touche2020,rrf_cosine_float,RRF (BM25 + Cosine (float)),15,5,5162.567791994661
webis-touche2020,rrf_cosine_float,RRF (BM25 + Cosine (float)),15,6,6488.818334066309
webis-touche2020,rrf_cosine_float,RRF (BM25 + Cosine (float)),15,7,5675.738624995574
webis-touche2020,rrf_cosine_float,RRF (BM25 + Cosine (float)),15,8,5510.425625019707
webis-touche2020,rrf_cosine_float,RRF (BM25 + Cosine (float)),15,9,5439.161916030571
webis-touche2020,rrf_cosine_float,RRF (BM25 + Cosine (float)),32,0,6583.850000053644
webis-touche2020,rrf_cosine_float,RRF (BM25 + Cosine (float)),32,1,5319.729625014588
webis-touche2020,rrf_cosine_float,RRF (BM25 + Cosine (float)),32,2,5301.57725000754
webis-touche2020,rrf_cosine_float,RRF (BM25 + Cosine (float)),32,3,5587.029709015042
webis-touche2020,rrf_cosine_float,RRF (BM25 + Cosine (float)),32,4,5072.14937498793
webis-touche2020,rrf_cosine_float,RRF (BM25 + Cosine (float)),32,5,4526.36908297427
webis-touche2020,rrf_cosine_float,RRF (BM25 + Cosine (float)),32,6,5043.009500019252
webis-touche2020,rrf_cosine_float,RRF (BM25 + Cosine (float)),32,7,4693.672250024974
webis-touche2020,rrf_cosine_float,RRF (BM25 + Cosine (float)),32,8,4366.81358399801
webis-touche2020,rrf_cosine_float,RRF (BM25 + Cosine (float)),32,9,4751.467041904107
webis-touche2020,rrf_cosine_float,RRF (BM25 + Cosine (float)),26,0,5057.964832987636
webis-touche2020,rrf_cosine_float,RRF (BM25 + Cosine (float)),26,1,5765.121291973628
webis-touche2020,rrf_cosine_float,RRF (BM25 + Cosine (float)),26,2,5031.50275000371
webis-touche2020,rrf_cosine_float,RRF (BM25 + Cosine (float)),26,3,5141.725832945667
webis-touche2020,rrf_cosine_float,RRF (BM25 + Cosine (float)),26,4,4061.113999923691
webis-touche2020,rrf_cosine_float,RRF (BM25 + Cosine (float)),26,5,4602.950250031427
webis-touche2020,rrf_cosine_float,RRF (BM25 + Cosine (float)),26,6,5351.922334055416
webis-touche2020,rrf_cosine_float,RRF (BM25 + Cosine (float)),26,7,5708.0653749872
webis-touche2020,rrf_cosine_float,RRF (BM25 + Cosine (float)),26,8,5035.690416931175
webis-touche2020,rrf_cosine_float,RRF (BM25 + Cosine (float)),26,9,5090.149791911244
webis-touche2020,rrf_cosine_float,RRF (BM25 + Cosine (float)),37,0,5506.186207989231
webis-touche2020,rrf_cosine_float,RRF (BM25 + Cosine (float)),37,1,5626.72499998007
webis-touche2020,rrf_cosine_float,RRF (BM25 + Cosine (float)),37,2,5936.859874986112
webis-touche2020,rrf_cosine_float,RRF (BM25 + Cosine (float)),37,3,4105.438917060383
webis-touche2020,rrf_cosine_float,RRF (BM25 + Cosine (float)),37,4,6605.255416943692
webis-touche2020,rrf_cosine_float,RRF (BM25 + Cosine (float)),37,5,4966.479082941078
webis-touche2020,rrf_cosine_float,RRF (BM25 + Cosine (float)),37,6,4186.435790965334
webis-touche2020,rrf_cosine_float,RRF (BM25 + Cosine (float)),37,7,5406.071542063728
webis-touche2020,rrf_cosine_float,RRF (BM25 + Cosine (float)),37,8,5436.837249901146
webis-touche2020,rrf_cosine_float,RRF (BM25 + Cosine (float)),37,9,5378.492457908578
webis-touche2020,rrf_cosine_float,RRF (BM25 + Cosine (float)),47,0,5489.646416041069
webis-touche2020,rrf_cosine_float,RRF (BM25 + Cosine (float)),47,1,5313.487874926068
webis-touche2020,rrf_cosine_float,RRF (BM25 + Cosine (float)),47,2,6078.779999981634
webis-touche2020,rrf_cosine_float,RRF (BM25 + Cosine (float)),47,3,4604.300459031947
webis-touche2020,rrf_cosine_float,RRF (BM25 + Cosine (float)),47,4,5139.338957960717
webis-touche2020,rrf_cosine_float,RRF (BM25 + Cosine (float)),47,5,5568.910749978386
webis-touche2020,rrf_cosine_float,RRF (BM25 + Cosine (float)),47,6,4953.811082988977
webis-touche2020,rrf_cosine_float,RRF (BM25 + Cosine (float)),47,7,4158.872292027809
webis-touche2020,rrf_cosine_float,RRF (BM25 + Cosine (float)),47,8,6058.0360830063
webis-touche2020,rrf_cosine_float,RRF (BM25 + Cosine (float)),47,9,5480.652624974027
webis-touche2020,rrf_cosine_float,RRF (BM25 + Cosine (float)),31,0,5481.549042044207
webis-touche2020,rrf_cosine_float,RRF (BM25 + Cosine (float)),31,1,5416.63183295168
webis-touche2020,rrf_cosine_float,RRF (BM25 + Cosine (float)),31,2,6054.564958089031
webis-touche2020,rrf_cosine_float,RRF (BM25 + Cosine (float)),31,3,5254.636917030439
webis-touche2020,rrf_cosine_float,RRF (BM25 + Cosine (float)),31,4,5237.770916079171
webis-touche2020,rrf_cosine_float,RRF (BM25 + Cosine (float)),31,5,5823.187291971408
webis-touche2020,rrf_cosine_float,RRF (BM25 + Cosine (float)),31,6,5674.14237500634
webis-touche2020,rrf_cosine_float,RRF (BM25 + Cosine (float)),31,7,5273.17362499889
webis-touche2020,rrf_cosine_float,RRF (BM25 + Cosine (float)),31,8,5911.737707909197
webis-touche2020,rrf_cosine_float,RRF (BM25 + Cosine (float)),31,9,6962.963542086072
webis-touche2020,rrf_cosine_float,RRF (BM25 + Cosine (float)),19,0,5721.705417032354
webis-touche2020,rrf_cosine_float,RRF (BM25 + Cosine (float)),19,1,5611.597707960755
webis-touche2020,rrf_cosine_float,RRF (BM25 + Cosine (float)),19,2,5768.246958963573
webis-touche2020,rrf_cosine_float,RRF (BM25 + Cosine (float)),19,3,5392.57433405146
webis-touche2020,rrf_cosine_float,RRF (BM25 + Cosine (float)),19,4,5517.416208982468
webis-touche2020,rrf_cosine_float,RRF (BM25 + Cosine (float)),19,5,5496.937875053845
webis-touche2020,rrf_cosine_float,RRF (BM25 + Cosine (float)),19,6,5375.531917088665
webis-touche2020,rrf_cosine_float,RRF (BM25 + Cosine (float)),19,7,5809.850750025362
webis-touche2020,rrf_cosine_float,RRF (BM25 + Cosine (float)),19,8,4434.663541032933
webis-touche2020,rrf_cosine_float,RRF (BM25 + Cosine (float)),19,9,4807.818625005893
